person_id,y_true,score_logit,score_xgb
7f41959f-f267-55f8-b801-ef608383b15c,0,0.22980424943831765,0.48994827
683d3334-431f-54fb-a41b-541b5b217b4f,0,0.13394660246272172,0.30094153
b5070a71-f3d6-587f-8b63-9f0f73b6d475,0,0.24865198165729835,0.403417
501e019f-0677-5c5f-a577-cd0a28480cc1,0,0.576371177593931,0.2717859
a78ccc3f-cd06-58bc-96cc-ad3cd6df27d6,0,0.17362642349996646,0.2068364
e84951f6-35bc-5b11-b12e-d357f8e290a2,0,0.22779489406046574,0.5258392
9722686c-d0c0-50bc-bcc1-3b735bf33e93,0,0.3531833317101954,0.24696274
cfd6f892-c010-5274-a485-f29d9ee5e5f0,0,0.03245814651091358,0.42408165
8f58399d-2d20-52a5-bae5-28fd08359c67,0,0.007648927206615767,0.18037322
2c5c2d3e-f95c-5063-8d1c-027d3c826069,0,0.5714274439119773,0.17868322
b894e3bf-557b-5dbe-a43e-adc46b313c4b,0,0.6230202942038603,0.25376785
f3ae1195-e4fe-5278-834f-a2c78b2fd428,0,0.021553501612645444,0.1906421
229eeeb9-c6a7-578b-98af-63968d8244bd,0,0.7430963882387065,0.4837259
d111fc71-77df-52b8-aa7f-cff87f7c2ddd,0,0.9913458669728102,0.80701935
05544145-14bf-5b90-a281-47b5f75e0184,0,0.20109966629188344,0.29022205
6172c427-6b46-54dc-b67e-cbe0fa676849,0,0.021066079606326164,0.17795965
2ffc4033-9ddf-5d07-90d8-b7710af621c6,0,0.1028350214932529,0.14214247
6812bcd7-f784-5891-8a6f-193190cd1bb7,0,0.24737362693758946,0.16401969
bd92b013-214c-5b81-b957-1315ab42af11,0,0.08467280219779186,0.27452517
964a7707-e4e1-585d-8c86-b871574c4409,0,0.12881393028436663,0.16796535
9f3c1f2f-f3f7-5741-8035-1fe6c5f2f94c,0,0.35611530191865554,0.26675305
809dcff4-7398-51e6-95ab-f6e1d5340f87,0,0.3976430303710138,0.28349105
c863dd45-3d1e-5c10-ae0e-52d41854ddcc,0,0.14487910096919993,0.21852945
e5ba0e33-025f-546e-94c8-34b7b228a55f,0,0.38549865333866257,0.5129329
010d4f7f-be70-5eba-944e-00cb9e769663,0,0.17799872545882958,0.2831231
291b9bae-2285-5fd3-9504-92cef5595bcd,0,0.21874311425041046,0.24290518
34c83087-d71e-5663-babf-e2f8f117e65d,0,0.07837513133246699,0.20997238
1dfb1002-d183-5418-8060-012d792bd732,0,0.1686216958119727,0.15620218
909dba37-f1d0-5ca1-ab97-7301ab731ebf,0,0.06528645694890736,0.143659
bc09a7bc-2c81-5d22-9fe0-eb3783cedd31,0,0.2705197619234753,0.19184445
af18c1c0-8129-561e-a9ff-ad34b8169589,0,0.07577648876350572,0.16669461
e633dc51-4a9f-54f3-9763-8cbe359d347f,0,0.13518309766672482,0.19712122
f990260f-6b7e-5bbf-8f62-36cce2fee40f,0,0.02548527915617571,0.13649222
c5fd1244-1293-5e30-bfba-b2a588558a13,0,0.0695281408789298,0.22609872
2bb253c7-9a2d-51fd-991e-25288c139c71,0,0.3668487770183886,0.4115028
25ba4a8e-b861-5acc-a0e0-c12e31c217c7,0,0.013835859402023245,0.14053217
8a7d280a-2838-5e6a-ba37-455ca054f2e2,0,0.20315755965068613,0.2584472
e3d78baa-29ec-5548-b7a0-911112677109,0,0.1392649436240078,0.22056928
34e99134-a86a-57a9-baaa-94ffc2091f01,0,0.3987151845994416,0.21263403
f75e87d6-8e5c-53bf-acec-691f5925b50b,0,0.7266296262620467,0.2760593
d0724af7-16d7-5e80-af56-c409ed67ae25,1,0.7272231753902012,0.5518482
546ada82-0503-5b94-9960-7b8b97e0c5dd,0,0.126914790992365,0.46456584
1c59706f-1f3a-575f-b3c8-692a625487f5,0,0.07177237756439415,0.21633577
cc8c9330-02f5-5d31-8710-629bddee412b,1,0.9701997370025424,0.79126734
0dbaca60-972c-57ad-b586-7856d278c6e6,0,0.09201977538833385,0.20693107
fc217add-5a5a-5403-9d3a-9d9e9b8e635c,0,0.23700075948192442,0.35556942
994fdcc2-249a-57a3-aabb-489a157057da,0,0.7045543295466017,0.2913447
d8ee5929-9f7a-5e53-8b3a-35b73021a992,0,0.0336756606230083,0.14229013
2028937f-de66-52af-a31a-7006fdcc69f8,0,0.011516680958644063,0.45820248
d88e2f4b-968b-5a28-91f6-ffb6bfc3ab7c,0,0.10173884813740222,0.1907422
f32b4bc5-90be-53e9-8faf-f71bbca4cc80,0,0.581946614361195,0.6115983
49e67d6d-ecc4-5cb4-92ea-c3dc55cbd673,0,0.04997348274302461,0.14703666
e62d96a4-55a8-53f7-994f-d840eda1b707,0,0.17670271218077874,0.14545469
dd23f7c2-60eb-55f5-a8e0-ae39fe09b945,0,0.7395379338254521,0.6971894
20d146c8-2bc1-5f97-a84c-14600b155f01,0,0.2309238187936641,0.16366252
1362997b-96c1-5fdd-b915-20ef341eb757,0,0.31509179774952917,0.24883842
52753763-6818-5000-9940-c1c7ba96ec40,0,0.02918368164687193,0.28750905
3285bb19-5c51-5c10-b464-d8bb0bffe5f2,0,0.009526413761373071,0.16758956
28157125-5bed-5c1e-aabf-bca57b7d3b99,0,0.015627046519670198,0.1941275
9d3337bb-f548-54c6-9ddd-e0eb8c2f10ab,0,0.02362852427943404,0.1547699
30fef47f-5f1c-5ddf-9bc6-e8f97560d0c5,0,0.6295757911142392,0.22346002
70be0723-24d4-59a8-8cf4-58d1ad77b798,0,0.12127516206549224,0.18547161
5b6ddfab-38d5-5cad-b687-0e1d72f715b2,0,0.39065429990472106,0.41382545
8737fd4d-ac57-5a3a-9b2c-ca9a4fa5d510,0,0.16649558294585673,0.17148106
6d11d7a5-5471-53c0-97cd-f0da089ad65b,0,0.16138635545996838,0.16681376
8a04ff18-3356-555b-82d6-b6dbc2c53db1,0,0.07341370593944696,0.29284686
591dea01-a387-5658-a871-d6b8d6574762,0,0.061412340123068114,0.44806442
938cb895-98eb-5c0c-9672-7c46a658387a,0,0.1472271208323513,0.25152364
fb53a5be-6719-5721-857c-a70ebb298c23,0,0.16945734077263547,0.22340834
911cb27e-d936-53ba-82a0-1975a853816b,0,0.0766711214924793,0.2308896
87aaf36a-892b-5a38-a9a3-9b6d6b981a7b,0,0.08682623704507204,0.15216868
f726f55c-db1f-5920-8793-7d59e6eb781e,0,0.35011639590576366,0.17049843
c6e8589b-1590-59ce-b17c-b533da5fc0b1,0,0.014998863251840196,0.19365434
39b70575-33ee-52cc-9726-181d008a05ea,0,0.19579356592358094,0.17606223
e4ba4ded-8398-54c9-947b-5cd046958380,0,0.9889574862698184,0.42220876
d73aeb38-14de-54e6-97ba-e26872c7199d,0,0.32864269587051137,0.46331683
30d2209d-f9b8-5266-8f34-3cac4d9675df,0,0.48762903635923827,0.5699231
3343d342-a9ca-528a-ba08-f3a845f0c7ba,0,0.01454706274955388,0.13072795
b745d2e3-40ec-5756-94c9-a0ccaba02939,0,0.23867114091057162,0.26022246
d304236c-8970-5411-b537-cd3a017f04fb,0,0.16648843399165278,0.16653596
eb1c5577-c65e-50d7-9968-9948aa583fd9,0,0.0682810094193816,0.16972558
ec58fb2b-5d2f-5b48-8d28-751af34e5939,0,0.41722961033040923,0.22793527
fb0737e5-0312-5c3f-99e6-fa395b5ea164,0,0.060914608760586075,0.26214498
b082e36b-04b9-57eb-868d-e5b8968d2156,0,0.1302676496193916,0.19585417
266c2411-0781-5a40-a742-09ed23a4923b,0,0.4777505136011691,0.1752767
714ef1f2-b7a8-5c68-8f43-a995bab34c0f,0,0.3130811585965154,0.19674093
307c8bbc-8ad9-53bc-91dd-51f81ad56b6e,0,0.2724243793000535,0.32493
441578d8-d416-5c76-b422-1e0b4b614892,0,0.08227027526923576,0.18634199
cc178da8-a3f2-5016-a18b-86706c5ec3c0,0,0.011341470813814375,0.1411351
61cb6700-b154-579e-8f4e-e0697a4e76b9,0,0.011305029002152153,0.15803878
1fcfc195-eeb2-5890-9e87-278ac1e0f95c,0,0.03801726442916934,0.18380201
e649ea72-658e-5206-92cd-f6f204fe4384,0,0.15295413230070173,0.38321576
e192cc9f-07be-5718-b79e-f51957e5535a,0,0.38296234749364305,0.3452915
219a24e5-eb8b-5852-9fc5-5ce06357ff3e,0,0.2939153194979833,0.52373904
c65adce8-912d-5b61-918c-59cc49ebfcfa,0,0.005104415857943656,0.33864623
f0695ab9-f64b-58e6-9f15-83f446e60ae1,0,0.1126882113004962,0.19618863
ca705485-4ce6-5a79-849a-9bfb447a09ff,0,0.10217293443588882,0.1584363
b18fa9d7-714a-5c86-a773-6af562ee5636,1,0.8941898378955362,0.49569026
2412d89e-feef-5d59-8e14-e5ba297cac4e,0,0.1231073053166203,0.1914016
0bc5fad2-d565-5a34-96a6-ead4ed320908,0,0.22049326011021758,0.18831702
b100c3e4-6374-5a9b-9961-58121a72cb7f,0,0.021733200075595725,0.15415877
c2d1e2db-2adb-517c-8e5d-1804909415e8,0,0.40170598051736756,0.415421
d08cc0a3-225d-5b2a-85d8-924ac6633c6f,0,0.12024842280131891,0.18477161
5624dc71-d83a-5b5e-aed6-7d8d9a5c06ec,0,0.1876427519081249,0.28716353
2cfa4f10-0630-599f-bc27-f62a6bfafdd5,0,0.04865118630488125,0.25864282
9841d4c5-a409-5dd4-bd8b-3d3402531218,0,0.6312778919555695,0.3262704
193d2623-779e-5c8b-bd67-56c94164e157,0,0.8332183798991876,0.6487247
5eb6795c-aece-5854-a7d5-b5a98332b48a,0,0.05784280843288379,0.17866081
04f4f422-2339-5c97-9b3c-cd5bdfa5ffe8,0,0.28659385751308336,0.24358068
dc123674-e8d7-5d21-9c5c-e53262aa4fe5,0,0.06458575106849228,0.26301104
31dd0c15-3ae5-5e78-85ae-c1ed70ec33fb,0,0.030613672289581912,0.17482486
dd7a7dd9-767f-5329-8ce6-aaa7927d1f9c,0,0.39065429990472106,0.41382545
acc08f78-46c0-54b9-bb72-24d1699fa243,0,0.23735121503068818,0.1834166
9a348685-902a-540e-8bbb-7610632d7646,0,0.15252832946108041,0.2837735
8b5c3f52-a36b-5841-9933-6775ab282053,0,0.4871049976567692,0.29846635
3d4d736f-2d7b-58c4-a61a-d602f4e87b3d,0,0.21196843062220214,0.31337398
df4970a1-4507-51e6-a048-381e084eeafa,0,0.026644555528487567,0.13649222
0df0acac-2dc9-55d3-8d2a-610a016122fe,0,0.1089328753697472,0.5231488
6aee2a83-062e-5dbf-8096-673667dde02c,0,0.10714757920831004,0.21195203
8024e032-e1b2-5b17-b02b-53e19ffd3ea9,1,0.1744093218893144,0.372841
da4a31ea-e262-53f9-b3ad-15a3aee876b0,0,0.01056738156055507,0.14053217
50cede46-4f80-552e-8835-a23426eeeea3,0,0.16598162757457788,0.17690447
23b522c7-8913-5535-b61f-be3757433a0a,0,0.2371231370788223,0.16605836
9e585d79-1715-5d4f-9e1c-14aadab562f7,0,0.15096173648765115,0.40498766
e702daf8-ce4a-56ac-9d19-4f8fb21f80db,0,0.9411704290536856,0.5432438
58b81fb5-2f99-56f6-8a8f-31fa7fcc77fd,0,0.11658527392179831,0.19227996
ea287fbf-8e42-5abe-8fd0-338ebb88a7ed,0,0.028163101356725832,0.23883273
f24266f0-ed09-5fb4-96c9-0afd1e354b50,0,0.025503303487177446,0.13612418
c4049650-70fe-5b39-8568-424481ba0e80,0,0.15266291575606666,0.22000681
6d4d3874-d8aa-587a-a2e1-40f141c18b9d,0,0.031762351057191704,0.13167241
1074a5fb-3b3d-51f4-83cb-7440c50e4384,0,0.39065429990472106,0.41382545
70f7cebd-0dca-549b-a50a-66a54cdb691e,0,0.21764515882839977,0.37013757
6428c008-3222-5342-b925-45e417ff2001,0,0.1188083207479546,0.16461
05baa250-19a6-561e-82be-96d3524eedb7,0,0.21132812375231808,0.24339433
1b6af42d-08e1-5fe5-95ae-70cd746985f9,0,0.5702258384209408,0.5809683
33585b70-a380-51d1-9bc1-f487e2c79e60,0,0.0923017832232631,0.17030387
0b1b8099-5e91-55f3-9740-f88aa6f60308,0,0.9840590357231102,0.64589554
2d725cac-860c-5c65-b483-cd74c4f67802,0,0.49514855863245094,0.20143741
15288154-be6a-5024-b69a-c6f5e7c9e352,0,0.5531875358220535,0.5114274
35217541-bf86-5838-83db-3d0fdf276942,0,0.02378465032659373,0.17528106
ceaaf4d1-ae61-5181-a75c-12b4df049b80,0,0.10107827034523038,0.30166754
3b3a9cea-63c8-5b6a-8f3b-f3886975bca9,0,0.10240826094848159,0.16096948
b731be8c-0d8b-5228-82c4-a8ec28126464,0,0.3284616259100745,0.27066725
418a7bdb-b8ff-541a-9701-94237ec75fec,0,0.2269986251281878,0.30553743
ee5200e0-34b0-5e20-91a1-092f1c10a223,0,0.1791039054895303,0.17953694
197ce52e-1ed3-5e49-8414-046b2ca5f200,0,0.4513216399171455,0.5581302
fd68f89e-f929-5c8f-ad6b-25d1501b90c9,0,0.05820422608449877,0.24287297
31eff007-46cc-5884-a247-e2985c6062e1,0,0.22816145363647475,0.70281386
74997f0c-b2b0-57ca-81b3-94b3e946b2c6,0,0.5249191276008832,0.5665369
f0c2f8f3-e206-5d64-bffd-e424e79cab86,0,0.04169168721426038,0.4043518
4d18fa2a-c9b9-5aeb-908f-fba7a40775f6,0,0.00894774174888573,0.16465311
4e39132a-3956-522b-a336-dacd8162aec4,0,0.5577954754718524,0.604583
da05c6b7-6a90-50f0-a19a-6705c832ef40,0,0.30234704641437576,0.5369244
b9bffd18-6010-57c7-993d-dad31728d243,0,0.6715897119825279,0.36621863
2d51e640-b6e9-5788-abe0-e03b3d01e4ac,0,0.1708693721027082,0.1475529
ea7af6ef-69e3-5f2e-b764-301a69909846,0,0.10236848132412288,0.16040725
383fd047-5bf1-58bf-868d-97ece7b449e7,0,0.11507643839508445,0.31461942
126fd36f-2b27-58ee-9a86-06e0b382b1c8,0,0.04062459815224409,0.14999114
f27699d2-1920-50cb-8c0e-0372526c752a,0,0.8808571110599518,0.62971675
59bde548-05ca-5594-ae3f-6a644ff42370,0,0.636719752925251,0.39840853
9e6ececc-11fb-59c2-b2f8-85bfef19b170,0,0.839012342731134,0.5592893
4b70c119-116e-5ebc-aa09-f0033682618e,0,0.5342776796998434,0.3456872
0c045679-ebdc-57bc-bd1f-9dda3f0e8fbe,0,0.12401497652954194,0.28524354
5d2acbd8-7396-5046-9ce8-eae96f8187bf,0,0.03752932961505595,0.23495159
3e2da671-49ed-5c40-ac4b-d4eaee415e3b,0,0.05147525205212741,0.15811862
094a099b-253d-579d-9d92-65f9b32c8c0c,0,0.1342544971092975,0.27788904
ad8c8137-369e-5f71-9824-bf2f99df2e0a,0,0.1656100914415567,0.38491443
493ef923-7791-5a44-972a-61e0f99486ff,0,0.02204493461432315,0.18826997
0f47d160-80e2-5a58-b0f2-6a759b90ff42,1,0.1883208404046573,0.49954075
50b875d9-48aa-5cef-8c07-19f07f0f69a9,0,0.11856466836991139,0.19245815
94c4af4a-ab78-58b7-a208-b8d3d129ba23,0,0.19705755730186605,0.20390697
48ada906-10f1-5af9-966a-2f29b573d728,0,0.0867629545946756,0.1428302
1cfa062f-f5aa-556f-9ddb-f8cf54832625,0,0.09294093569451256,0.3171442
3398f89b-46fd-55be-8a02-780c91aa63e5,0,0.48948623749510617,0.15793312
be218aa9-f671-579d-8696-2848388ff2c0,0,0.3074444617270566,0.25785
bf966bbb-5865-5761-9679-a57b089a18cf,0,0.7455395736674821,0.60107803
744e669f-967e-5cd3-aab3-58bed5ea5a32,0,0.25040099580967634,0.4840547
04d3af0e-f601-522d-b4e4-0ee4fd7119fd,0,0.3574412609776397,0.37423614
8c2aa668-4beb-5b47-b285-72858c512b8d,0,0.1507927062041895,0.19923112
97c00177-dc6c-5037-b28b-a13775506eb1,0,0.0752178136996526,0.20640528
2f0dfbe5-76ae-5040-9e7f-f1c5cb33fde0,0,0.12145078600092961,0.15556966
b2bca49a-ecf6-5a58-bf60-2470152edc58,0,0.07184008915216357,0.18555965
7600493c-ff61-5cc6-ada4-1033be18c8d1,0,0.09035427580968146,0.14999114
30f71d67-3072-5007-91c0-09e44abe551c,0,0.022368581438659274,0.16381396
93af3bd6-78ad-595f-bbe6-abd54b35e94c,0,0.21809487116363158,0.15719992
8c9ddde0-030c-5ab9-80a6-c148cf3af421,0,0.012620791165861244,0.14547442
ca74fd96-370b-5c1b-a210-73a9e2677007,0,0.01382649077835294,0.1411351
c907e636-d65e-56c8-b873-432f75b04a9f,0,0.17738299440936367,0.25690764
a9c7068c-0cd7-5b7b-9f2a-428fa013a296,0,0.028361407159300054,0.18853982
422f5d84-d806-5d76-9ff0-929bd2d4bf79,0,2.511908829382285e-05,0.21589373
29e9ff19-7770-5105-ba1b-43cd4372e311,0,0.33123645923420036,0.26614788
c7b4f7cb-c42d-562d-bb98-bac0b8654530,0,0.2235211444526743,0.1914016
0aa0175a-df6b-5afc-ae42-9acbb3c8e18d,0,0.9715083166550743,0.8119543
0187dd40-b923-52c6-9cd8-67a616f54e9a,0,5.258650043210229e-05,0.39571735
daa5711b-360a-519f-893a-c6ef642748d6,0,0.2592712162121857,0.27884516
f5cd3a75-d493-5966-ae2b-71bc2568ef04,0,0.0067337791092378085,0.14162627
6cdde731-81ec-5ea4-bcf4-7224f9efb197,0,0.2908516530054805,0.32516736
c3ac7d8b-1036-5bce-b267-58e5b3338da7,0,0.29789943984716416,0.20281515
9c2317a3-14ad-547b-9e0d-1b42cad053f7,0,0.8746597995849495,0.34929523
2da58b39-3676-51a8-afb6-0a44d5ceaa89,0,0.5607066849172941,0.22184318
f9d171b0-b516-504d-a59c-0ed7942465d5,0,0.05008998786289407,0.16867654
bccbe5dc-bb06-5378-8207-76b40a42e6e3,0,0.10714219167802828,0.23778898
009b35e1-40cc-5865-830b-26191cc7a2aa,0,0.16799043887672255,0.4654227
ef10a11d-d963-5e2f-8e19-0f38a032c677,0,0.39065429990472106,0.41382545
655eb2c1-2007-59e1-b1b7-47c81416e3fb,0,0.02958483055670971,0.19505918
21c5e7a1-7cf2-57c2-b329-3a893d974f58,0,0.03188536949960609,0.14525516
99144053-57c3-5967-ac74-0c0f1e70c26b,0,0.10273774129360944,0.77670467
b5d686a0-361d-5371-a99a-e00703e17460,0,0.00017013249953448683,0.54712474
d5d5ec3e-57b5-512d-98ee-bb4743705a5e,0,0.18156199712042265,0.1942768
a9c6d4e5-06e9-5ace-b933-58427b50f294,0,0.08039927378607283,0.1885057
333afc44-850d-599f-afc5-687590e6f07b,0,0.9972487802203522,0.7591773
4fd09407-f596-543f-93a2-6f13f259b7e4,0,0.1995547761799366,0.37350956
7d131cdf-3abb-5ea4-8596-0dd116f99d76,0,0.839127982300702,0.5031611
f3f8c548-88c5-5de0-a25c-847b44a0fa31,0,0.2923623365519261,0.28594822
4734d245-6f99-5f6f-ad07-c7dac973ce9f,0,0.13485423165084537,0.33480197
a4853a1d-8df0-5ef8-8288-fda6eefc462f,0,0.2823538728667413,0.28275332
b44f9972-d03d-5208-a869-90913c877793,0,0.9483685524546432,0.30020615
02140a54-9eee-55bf-a9c2-da1672e3fb4f,1,0.9736171991005649,0.8036013
d60c5361-9b8a-5b8c-869e-b771a0520ac7,0,0.45921063263130807,0.44239846
9c40e863-3328-54e6-8fd4-2e9d6cf6cfe7,0,0.13471588008158863,0.40649918
343d915d-5b11-568c-9483-7319c6b67613,0,0.05102447502094305,0.6025969
5837d51e-f012-5f07-b1d1-aa6c82f7f572,0,9.028126289886193e-06,0.6485776
e10534c9-06f7-5e2a-9750-304fba7e6ebb,0,0.5404816938628126,0.4997851
c7161428-7db0-5719-83f6-ccd3fadb5e1c,1,0.7747134534768104,0.5399906
a1f0c4bd-a74f-5f92-85a3-941c0ac8cde4,0,0.6063028467460483,0.35583946
56fb092f-b33b-5fbf-9dc5-00baefc9e7b1,0,0.39065429990472106,0.41382545
9c5bcacf-cdfc-5603-9b1b-88fc15aee10f,0,0.16312070343827273,0.16681376
df6f7525-5766-5f8b-9166-c5d56938160b,0,0.022052112212563747,0.18826997
84e34ac6-792c-5347-ab54-cf84b9e0ebce,0,0.39065429990472106,0.41382545
a0cfe6c1-e182-575c-898e-687f56e98e3a,0,0.39065429990472106,0.41382545
0d80b5a5-177d-5754-afc3-28bbbf157816,0,0.0021391042223997945,0.21453643
ba83461b-6210-5632-8ebd-b91b18192415,0,0.27789849001298295,0.29545316
dfb44839-e66b-550b-b215-bc66b8920c7d,0,0.06621727603965159,0.18250918
74011bad-0a99-5a92-8c8f-840099a19f97,0,0.40306162291312697,0.30645764
1b478a32-c727-50de-a6c7-216a21b1cea5,0,0.03268320797625238,0.14141186
3078be65-1c52-5f70-8b4d-3ee80152b24c,0,1.5772012499278186e-06,0.1566118
cb5b5569-f44f-559c-acd8-2ee894fbd8f0,0,0.028239023398264684,0.1789092
79f7071e-05ce-5d7a-b7da-65f4c4da393f,0,0.018600723268906123,0.13572195
aff45c0e-f2c8-5bea-9fd0-34916b19a9ca,0,0.15098392634698166,0.15394598
fdb2bfaa-3f85-5f40-bd87-c9383ca9eef7,0,0.163393683186959,0.21245226
1475ed90-8505-5275-93ce-86a378cab3fc,0,0.44692084159384354,0.21847816
35630d90-8ffd-5654-b0d5-b0b9be21d132,0,0.16724951018855555,0.4431429
f32116ef-57a3-5ccb-a239-56a442441b93,0,0.03688259346983895,0.1655751
6beb6694-b587-5794-b26f-50461f6b99ea,0,0.2922884792784788,0.1929844
a5561cc2-8209-5e1d-a083-98be54321699,0,0.8567662440701879,0.21704698
061c5aa3-17e5-545c-af05-2d215cf3bfad,0,0.20361549672796267,0.3918579
e0bd7014-2016-5610-94ec-9920850a6553,0,0.4437773580453606,0.20128618
7865fa31-fa86-59ff-979d-a0ec68af2533,0,0.0010670403809703456,0.17717795
aac7619c-cfed-540c-a568-828feeb7e858,0,0.2699084836150911,0.27540255
16106031-9f6f-5a6a-b43f-0922a0671dde,0,5.186944634962193e-05,0.6430123
79aede1c-b113-5ccb-a189-90d29d593f34,0,0.3360279947667343,0.6576646
6283fe28-8851-55f7-98bb-e21775735e0b,0,0.4959421325882601,0.3410588
84223bb7-cc88-5689-a131-738afde46d76,0,0.21243220097178522,0.25698546
4325f58e-b068-55e5-af00-d12ada59239f,0,0.08399203004067334,0.30872402
57bd29cc-ced6-5bea-88a3-096efac2a4ae,0,0.16154437684692668,0.17818877
5746ec0c-e518-597a-a180-b638f532bfe9,0,0.4504611109584657,0.16669461
95958d28-4f1b-5f64-9c7b-404476a77cf1,0,0.01272521638858348,0.24958643
1fb82d87-7fb2-538c-bcc3-e74dcb164f10,0,0.4232290927256357,0.34176823
1e85d2b9-d34c-50f3-a8b0-013cde0e4067,0,0.689048975950094,0.3737105
8b877e17-e8ee-5e2c-85cc-7ae95bfc8592,0,0.18901667569339178,0.21271724
397d3c1a-d82f-5334-9c26-b2b09d0bdbe3,0,0.7897703822483196,0.63391334
63ce0d88-313f-536a-8478-a6834bf7f348,0,0.0440003850635389,0.17487587
18d97016-2800-560d-bec3-0eb4613ed593,0,0.3959483525358485,0.5529609
02b44ce2-dbdb-5190-9006-138fedf9283a,0,0.3822765193185088,0.48662165
4915fc58-07a9-5b04-8e1c-c492ca46ef09,1,0.1495489136733545,0.48956785
71a7ca8f-0b26-5dbe-bfec-953d4f11f3bf,0,0.9999998000390118,0.5958941
2822f4fa-53e3-5991-b7bb-5df3f7e4ce09,0,0.009106543944476101,0.24008125
4aa3cca1-f669-58eb-8f1d-edb11e871275,0,0.9170778715846101,0.52190495
1da64e6c-b4b8-5112-86ed-2801cc17a2a5,0,0.10319950560477442,0.18821652
39ce3597-1673-5861-874c-eea2834473dd,0,0.16829327780396203,0.1475529
9128070c-f1ec-5d0a-9d68-ffce354ab641,0,0.06983601450393924,0.19238691
b0b64295-e23a-55c4-b25c-f8b01dc86ab6,0,0.21129028081210016,0.30993646
33ac50a7-f307-55c6-bbb1-bb62d876e56a,0,0.12024523555306006,0.220874
23d17ca5-1b9d-53c6-ba98-3e7e92fdbd1c,0,0.030756754264580726,0.17292024
469bd4d2-6723-5ce8-8dd3-8f1ac8564eae,0,0.037276167557527044,0.1941269
06b0bddb-e50c-56e3-bbaf-11387a005f26,0,0.38670422441354063,0.41402334
16c38e9f-2f6d-59c8-b87d-b9b15fa8f189,0,0.07770284052937725,0.32004654
73c10cda-e554-535f-913a-8db9dac6ebeb,0,0.4593804352540399,0.18990697
9b626ea9-b1ac-50b5-9153-c6f1079f8211,0,0.20850233939171123,0.18734665
30c9e023-2f5d-5b0a-8604-c215d57df50e,0,0.2141536986877589,0.2653213
71c25e34-febd-5763-8b6a-fc7c2428b9dc,0,0.6684665600658392,0.6506438
460a232c-5e42-52bd-b7ec-907d73bcb4c7,0,0.01772414598180835,0.13420886
ba471dab-afc3-5cab-b854-2d56a41cd6be,0,0.028962097445290318,0.21710974
86254341-affa-5280-a76f-0ee7a826fe21,0,0.08362963596701843,0.28182533
45bd0db4-ee05-55cb-9670-9792ac02ebb5,0,0.1795099619644409,0.24954244
2310ee70-73cb-5c0d-9d8e-a4ef98205f95,0,0.08899405470911226,0.18106209
a9f9fc3e-07d7-5f64-a7bf-25e320604e1a,0,0.338094730817264,0.22749794
a5f2c6fa-6322-5a80-a478-467bf4db2d78,0,0.36904260140381984,0.5334348
34e952a5-4f70-544c-983c-d46720fe701c,0,0.21705459357285492,0.37444577
2ea7393f-9797-5868-a290-957c5e310a04,0,0.23667930434840326,0.21577173
f51ccfce-718c-5d71-b481-ea1412235dfb,0,0.09370509502534342,0.20304494
54a943d0-3651-52ff-b591-abd329c2b48b,0,0.16706543191742892,0.34087566
65065c70-1623-55a9-ab7c-315b3e3debc3,0,0.17736966814492877,0.1475529
3afd1179-2eaa-5fb9-8733-c603cb97a9f0,0,0.013251850618371246,0.1735212
57dfb0f2-2f73-5718-b44c-299a3769ed3c,0,0.023256162552566375,0.1411351
1dec6221-760f-5051-84ea-b823e14045d1,0,0.43809125953724715,0.5430546
7a858250-5c5c-5529-90ed-3613d2e0c251,0,0.16030181331679655,0.38497978
3f1060a2-43e3-5e88-9e9f-7e4e837546f9,0,0.31189824874716265,0.3135025
5a6a7758-ecc1-543f-a52b-b1a46e3d3159,0,0.03251443447002737,0.13508016
4607c1ce-2a19-5297-8b63-9af96d1d2325,0,0.10635706379286006,0.2292141
eef0fb25-8904-5d61-b0ab-3b56757e5e7b,0,0.05400860433118827,0.2514567
4dd126c2-7e26-5273-b46c-845a921ebb9c,0,0.39065429990472106,0.41382545
f793f447-5941-52ec-8139-3ad714020751,0,0.08492047221403051,0.19882406
46edf362-269f-5d42-8d9c-5dd4e4b035fa,0,0.023514766617619295,0.13093944
25dc42cb-bcab-5867-b491-a990d540fa5f,0,0.1371203799155606,0.2794253
c88d2e7b-1e9b-5aff-a521-57a835f5a0c2,0,0.06819792349920031,0.20856428
a6e143a7-448c-545c-af9d-850a73c80bb6,0,0.10344183031395845,0.24567674
6d25c35f-9ea4-5a2d-9d83-175a8375d4c4,0,0.5988066358473096,0.4606539
b9973985-0d15-5227-81a9-74402745f2c9,0,0.14219221264405366,0.22877888
78e64f9a-1545-5396-bc54-0941faa5e4cf,0,0.1715674958252348,0.143659
04b797ba-fc2c-5eb2-8ed0-ccb850283340,0,0.3604778963219063,0.24082968
0adf301f-210d-543b-b811-a075c5c3a8bd,0,0.04329534446637819,0.27314442
b7d0bdfe-88a7-5360-b499-e52d6afb7059,0,0.022328034804289545,0.22017728
d7430717-4d25-5975-b992-a50024954359,0,0.16141254723075363,0.16681376
39945985-70d9-5e89-bc17-e4daee49689a,0,2.8841337062595094e-06,0.19463511
7136ffab-2cb2-5269-a412-77be985f806d,0,0.39065429990472106,0.41382545
e6ac9e6e-f6d6-585a-97a7-15ee199877ac,0,0.10691121104014761,0.46866915
62bf6ad4-270d-5e0f-a43d-f9e654e4edc4,0,0.21808500964591618,0.28402844
09c4cb06-8ff6-51aa-b9cc-af366ee34d15,0,0.839802847675438,0.24613261
ccd55ae5-a4f6-5c3a-a737-cccfed81672b,0,0.1664969823009576,0.16653596
b50072ad-54ba-5a3c-889d-3bf6ee8c2ec0,0,0.0450515503222223,0.244091
c1cebf1d-6d06-54ed-a627-4a128e4c6ac2,0,0.12463751185302119,0.24120277
d22d7db3-e9eb-5b7a-b68e-ebd08474ccbe,0,0.39065429990472106,0.41382545
61ee009c-3d11-5c86-8054-85c1d8968912,0,0.15542680050422225,0.38497978
a1772988-491b-5268-9cee-8f0e37d97caf,0,0.12164991771397704,0.21427283
41ee0823-2a81-5234-8405-3567758bdf8f,0,0.07435861673118223,0.15787077
196d06df-c6b0-5212-8154-10be3c87c550,0,0.27969584769580264,0.14839703
fcf32a59-882e-52ec-813e-f5ad281086af,0,0.23920950418603798,0.208055
71df8638-a8b9-5beb-834c-700f789e1476,0,0.026365351430768354,0.29759708
cdc30a27-3ca0-5e19-a062-98fd723b8913,0,0.032502836965664854,0.23760119
ddf23258-678b-53d9-9517-fec9a42238cb,0,0.5840292629774622,0.2311593
a1fb31fb-c2e9-599f-8c99-00ac712f1807,0,0.39065429990472106,0.41382545
3dfe3d92-4c98-5166-b10d-3c50b7a36c59,0,0.05777173205922409,0.17262939
46c8dd57-c172-531d-b779-31d97758c8e3,0,0.4362997319253541,0.3433974
a77b32d7-1126-5182-a899-3bec2b90eb33,0,0.32003960081943605,0.2307758
90562004-7974-521b-823d-8db176a9c4e1,0,0.106771070633155,0.24830556
0be9a575-1bb0-5294-84a9-9de775f4910e,0,0.17053173533617996,0.1475529
dd83123b-bdc5-508e-a034-82b084cceaa6,0,0.7036460702821928,0.4904331
d4172038-dd4c-5c63-bdec-600799143fc2,0,0.33028144204994925,0.29048148
d174ec1a-0fce-5c44-adf6-aae4c3f533b6,0,0.062471299467595796,0.17757283
96d96d64-ced0-5d41-bd50-071ba6333455,0,0.18196003737428285,0.22752357
0ed697ac-2f9c-513f-9195-9e0bd7f455fa,0,0.1257125286925785,0.2644298
beac70ff-113b-58ca-b69e-473369a21fa8,0,0.08782078454574123,0.18555965
6fa3b41f-f9dc-5b43-9e97-0b32b60b9f8c,0,0.02113035899136028,0.18185844
1f864de2-1081-56e1-8f95-22e8a3e8183f,0,0.03229883249114957,0.14968187
bd94f226-265a-5bb7-8f93-4974697af384,0,0.03190705259319732,0.14968187
fa6b3d08-67d4-5c61-b798-c4d1496bb286,0,0.16903572249796003,0.39881873
2474676d-9aae-5d6c-b6c8-5a902dbc0c17,0,0.07396417024102045,0.15325974
922719e8-8b79-56ce-8621-5dd9ba3b8858,0,0.07736527582961188,0.20689686
cfdb0fc7-a9ad-5b33-98f3-d7b1007bc3b0,0,0.06763468006642452,0.26614788
78efa53d-3776-58a5-a9e5-391a9bfd4bea,0,0.31658369631563554,0.25864282
398f73f3-6188-5525-908a-fd62ab7016fc,0,0.6061816687120036,0.54764533
236acc6e-d412-5125-9eec-91d72c905c9f,0,0.12161190096100143,0.220874
80a57f58-cb63-5764-b2c7-13f04e7f5dac,0,0.07037060870454599,0.28787178
6b803594-f3d5-51fa-b5cc-cf1db99273a7,0,0.06378609672318555,0.18067735
9d72acb5-c791-5108-a41d-aa7ff9ec27c8,0,0.12023746207566788,0.2657141
733a6b06-7031-52fa-960e-05bccd9117b4,0,0.2513155427961141,0.36033404
72f9ff67-e557-5734-96ef-8eeabf6a4f34,0,0.06648315482324077,0.16983359
32e5aad4-5834-5d96-871a-9a4fae91352f,0,0.013392157606592932,0.17807397
661aa50f-70db-59a3-b17e-3b8de4a92fc7,0,0.01972053323257158,0.17993754
318b9fa0-a447-5f4e-898e-b49135cc8142,0,0.15913092663672612,0.29243937
81bedd68-a8ca-51fc-8fc7-fa4729730dab,0,0.06645980758808168,0.23440713
db919c86-aab6-5c08-8e76-fc4dbf629c2b,0,0.18971726512660708,0.23090218
716f1224-47bb-5b36-8c25-2b915c04678d,0,0.1840770142136167,0.3796882
7a03dcc4-2b82-5e65-bf5a-b32610383398,0,0.012617130423279598,0.14162627
bfa7a3c0-24db-59fe-8bfd-18fdacf96914,0,0.03677971187633437,0.3111745
28172be0-21ab-54cc-b982-934e3adf427e,0,0.02378241058400844,0.20439884
67575e55-9c27-5d58-a703-5a09e8997f99,0,0.6705024201936279,0.36385673
5b0371bc-3b4a-519c-b18d-238dca9a5c46,0,0.0705567180809548,0.3057168
dbcee804-07c3-5d84-87db-0779d467cc05,0,0.04148300660426826,0.30490914
5a524c9c-eec9-5c1b-9a80-74d3b07c4c2b,0,0.9531726344006103,0.7353591
8d191d36-c465-51d8-a91f-13abe25f74ad,0,0.03308849403825591,0.15462159
f8a566cc-5f8a-52db-812c-b4d7563f8edc,0,0.6942385598907644,0.495284
ed8bb92b-9e28-5319-a77a-6f666f1b6da3,0,0.42908308830351644,0.3645748
dfdd3ad7-7629-5126-8e65-673833c38572,0,0.4710504950838611,0.24512096
9c15acae-6169-5464-bb6a-41308825ca18,0,0.5408592631023711,0.24068426
6899df83-4183-5325-99b3-a33684b1b82f,0,0.12009719844616913,0.34525838
ff58de2f-9025-5e07-bf58-8aac253791db,0,0.13545390451741315,0.18555965
fe543359-1ced-5f75-bc0b-cc76ded6fb97,0,0.0511439915755007,0.29014358
b1321ccb-6d08-5e95-8941-43ef6800838c,0,0.5538697127027623,0.25254163
d5c38262-3a90-5cee-927d-061fd2ad89e7,0,0.7734059876477637,0.5990598
5b52fbb0-6d3c-5764-8c24-e5d0fb6b72a1,0,0.738798045013623,0.51341075
324781a3-454c-5d07-96b9-bc456ac5e523,0,2.3574948588952696e-05,0.31847236
398f38e2-1374-5baa-9b95-52e8f3dc48e8,0,0.18584389238946875,0.271326
8e8ab9a5-9903-5783-8a66-365128af164c,0,0.20167218957698296,0.26459917
344c775d-3bdf-5506-b2ca-686e5c1f5068,0,0.6137141654718559,0.33680928
9434f642-c5d3-5340-9430-9ff2976ec367,0,0.08680768806080791,0.365968
654b8bda-8981-52c7-b8a4-c8a0ad848021,0,0.053588008466359874,0.14557958
9524d3d2-1aee-58c3-a6bb-4b74a38d4cf5,0,0.26841164756429303,0.31387067
ecdef87f-eae2-57f3-b890-883410ba5baf,0,0.2020615337359906,0.16007902
15d4712b-f684-56d8-ac60-db3828c37210,0,0.22270072745512856,0.31660655
c625c295-422c-5a45-87d1-bf67a4a6d451,0,0.08877881194134767,0.3050602
311183c1-750f-56d1-af37-276ac03a9b37,0,0.08229400616562288,0.15521729
47912906-f9be-5136-bafc-7fddf28ccc89,0,0.08170293611525892,0.20486034
102e4c3b-fec1-57a2-bf4d-c5a8d6288bf8,0,0.03673176248058622,0.17448606
96cbf543-ff10-5d2e-8866-f67b110ec07f,0,0.06036807218385101,0.2104934
2fe58cad-8ea7-5210-9136-4369915f58c4,0,0.13415067200817124,0.19291207
c1281a06-ee11-5206-9271-f78f036c4bc5,0,2.3431694120318013e-06,0.24563551
889f68d2-2cab-55b2-8767-524bb2614bde,0,0.12159527197251842,0.220874
ce28dfda-dcee-539e-9039-40407524379f,0,0.16571499381286156,0.3183358
86615eb1-4b92-5422-9e27-2b2871c4ed16,0,0.039882772082428554,0.2984595
038fc295-98d6-5d22-9813-05a49c064337,0,0.29820855019457415,0.19772404
bf6ef52d-d209-5d34-8be8-240a3acd5e21,0,0.02851796320169965,0.17504016
850f5477-faa8-5888-9cc4-5c768b3bc0c3,0,0.025195478175649235,0.17723186
17bd9005-59eb-5b1a-9b70-3249ee252a34,0,0.25011901530081865,0.28354862
9ba3ae85-e734-551c-be65-e84abf111360,0,0.09963910900212816,0.16718245
76dda571-7b5b-5fe7-8348-447327fd823a,0,0.20850103494568492,0.23503985
f472a144-7102-5981-bf2b-af1446fa80ff,0,0.0715633835178938,0.1695541
2305e31c-94ee-5e09-8882-5fcfe2ff7c88,0,0.17194398874020037,0.223305
33f9ce17-c570-5a76-a882-4159cd3354fa,0,0.16726662857649854,0.26773548
a99023af-bde9-5a63-adc6-a3d3617a490b,0,0.02391314430480497,0.16385426
555b4b4f-e13b-57c7-b374-704dd98b5dae,0,0.10765763392681951,0.27965525
2316b137-01bb-564f-9d30-e01d5464e080,0,0.11691066470857338,0.2686629
c4102af2-cc51-5d11-be9e-09631aa5999d,0,0.07453476029909274,0.28117433
8ea4766b-e981-5fea-8857-aef0415852e7,0,0.16848292578658153,0.1555251
17735cba-4b68-5dfa-bf48-bc76593f3d27,0,0.21726993369753714,0.22913037
8ebc8928-4837-5393-b400-00ab4bbd7e2b,1,0.4743487189232708,0.6473115
b6fc9e75-972b-599b-8485-bd8261d83403,0,0.24875939357181584,0.3782782
80b685bf-1a45-57b6-b36c-da8732f62980,0,0.031228732088066334,0.18921867
50a495e3-d49a-53b2-aaee-752e246cc004,0,0.011860322568115313,0.14387678
b1186927-25ba-5898-9dd2-df3aeac00294,0,0.1699292228254567,0.25181192
4637a058-b110-5099-bf91-a3daa404acaa,0,0.024192706845065796,0.32003307
8efb9023-0244-5bcd-8f3c-9bacdc25b098,0,0.38966210167798865,0.19202779
a090538c-0746-5acc-bf26-1282ecb868c7,0,0.11965250434502737,0.18027213
e817e46e-b532-5c62-acb8-162f45559ed3,0,0.17665581924967974,0.17302115
6b172881-e655-57f7-b6e4-38e8c41fc1a6,0,0.08914798975960825,0.17885101
394d064e-ac02-5891-81c5-33798e87358f,0,0.38064049737769645,0.20751265
4a45f47f-b2d1-5cf6-ba63-143df9062c7a,0,0.8623541953290323,0.2973802
3e7058be-4211-5157-991c-3c351aaef9c5,0,0.7620094344278043,0.37201548
498407d6-0a1d-571b-bddf-edf68e3cd074,1,0.9498599363004421,0.42568102
97695572-6cd7-5549-af58-f6eb7dc81fcf,0,0.047012193944023846,0.4575452
ace43852-0571-5880-993c-fa9e0454decb,0,0.07257020611833252,0.37912828
a9a738f0-3bb6-5d30-b473-017f420001f8,0,0.0056642682158641305,0.27891058
593a338b-b967-5626-9aaf-babfe45f1c80,0,0.08264793997703804,0.22536205
38ef74e5-7105-5690-8726-b5ff5bff5635,0,0.3318787885961914,0.1813844
595fa460-3d22-52fb-ade7-f30e9e6f185d,0,8.330725580490907e-05,0.3841626
bb417d57-0f22-53ec-9792-048ea7e76f33,0,0.009092387156856218,0.13329883
0c269609-ad5c-5ede-a98b-2736e49f9efa,0,0.0016071904570626214,0.591162
bed6a460-4b89-56aa-a453-7964e006ce05,0,0.6610281457908612,0.36039144
6e42caf6-1f8e-5743-b43e-555f7ce03eb4,0,0.966013831690858,0.329159
11371c2d-4a98-569f-acb2-ffeba6b7094a,0,0.43675433090709975,0.3299274
733438f6-0f28-5053-ae0e-761c0100c426,1,0.987035465400893,0.7795233
807d0639-0a2f-5301-9674-833dc16825c9,0,0.5953266184034666,0.3236467
9c1dd03b-9933-5b38-a823-8ed654daa5e1,0,0.056199172468763554,0.18093874
4b086ff3-9c38-5a65-8329-d908a9f6d158,0,0.021121943794351804,0.30175492
835cd9e1-335e-5732-8255-964ade7b2702,0,0.06982372580226902,0.21222088
d59492a9-507a-569c-9d28-9758dbe383d5,0,0.20363801549600918,0.27766606
9d8281b3-ec31-5a08-a1fe-b1daea5f3b32,0,0.016763427137866653,0.17795965
f6188f10-0d00-5ce7-b0fb-88df0573a1e8,0,0.7320685711140038,0.58122367
f1740ef9-cfc2-5f4b-b6f5-625393db8584,0,0.9965907175147881,0.69446295
bdf165e4-bc98-50f4-9d66-2a296196044b,0,0.15707825847598847,0.22520621
c92ee8f2-9537-55a9-a099-604ef59e1b4a,0,0.5663207962079817,0.42623702
b04e4ec1-0efe-52c1-9725-873602e3abfb,0,0.09054958392707244,0.30282012
456507c0-17e4-523f-b93b-c91b7b177b3a,0,0.13184839919910105,0.17000008
202cc121-b3f8-5306-9776-51d843ea458a,0,0.37329238339340465,0.22622441
f6334f1c-d62c-5ee9-b60a-75c63c741584,0,0.6083524552859472,0.4568448
8af41cf3-a56c-53e1-9d88-68356ff0a4ac,0,0.02379783305604385,0.16124325
7a86bc69-ae30-594d-9e38-abd022fb0044,0,0.1242364411187569,0.3148486
8e9a505b-e701-5cc2-9395-9daa8c425685,0,0.286712836241971,0.24747577
01d7f17b-22a1-5dd4-badb-9682ee870cf7,0,0.2601791874922437,0.40099975
d7acb470-4b5e-5f01-80a6-c8b65b33a286,0,0.8745731395683051,0.47025952
2861a920-7c34-5065-8a0e-9b3fd7223b2f,0,0.9652549919439001,0.59075165
cd7222a8-94d8-588c-b48a-9a617937ae63,0,0.999999884137886,0.47260082
fe619bbc-d109-5322-9460-c0f06ce5a765,0,0.6468100353619016,0.4292508
b287bf4d-7e22-58b6-9228-c031e47da5ff,0,0.3778919718139541,0.48898876
723ac7bd-11d2-5708-b0f4-00825f2611ba,0,6.335080299797376e-05,0.31241494
ca42f9a6-0942-5ed7-ac12-bdc3f7ca2278,0,0.3343802877763424,0.45407367
2ec6157e-a636-5bbf-95a7-477738543c39,0,0.1653862686637238,0.5089308
8bd95164-58e9-548a-b10b-9655ed56b27a,0,0.16681727647946656,0.15620218
8822575d-0ae6-5e94-b3ed-7e1e763bdcee,0,0.1890379141116925,0.22377957
161b9ced-5448-5563-926b-d59604a07d9c,0,0.12038394048003741,0.2088726
b862181c-df08-53f1-925c-7d2aab40110e,0,0.13958729223997035,0.30001554
3a7a372d-5e66-5505-a5ea-1491afd3d615,0,0.09516984566008774,0.17573726
358993db-5f69-5515-aabf-29e00eacb70e,0,0.21728041436243245,0.29002553
89e84154-7643-521f-ab63-a502ce68a32e,0,0.15288468121126728,0.46099344
77f9da88-1ce6-5cf1-bc11-f2b32857a461,0,0.4508354378447299,0.54183507
c0449d22-39e9-54c0-b279-3276c9ba77a3,0,0.2778329860768893,0.40694326
3bc6efbf-e06f-58b8-8f3b-8e728f2196d7,0,0.013192309959894557,0.23728614
debf5102-7029-5ce8-bbce-7cfd977a8723,0,0.15503279664229924,0.16820477
8af2cc32-9a75-538e-93bd-42bb04ea5b62,0,0.24332957873688918,0.30639756
b96db9da-d858-56c1-af47-ef182ee6be3a,0,0.999999035096087,0.6454397
79efc5be-7dc3-5d34-bced-af8fc30ddc5b,0,0.014025158514598087,0.15000084
db9aeb3d-9755-51a0-bd11-a3e38b6b9237,0,0.044927555733816585,0.17538162
ae4a78a1-df4a-5e32-b21a-42ea754ad86c,0,0.054394270624167324,0.14999114
ab331e31-1bc6-524b-9191-846e09b9dbc0,0,0.17262967567722606,0.39881873
27ce3759-9542-553b-b062-9ea64e6cd18d,0,0.04965078935250688,0.17457418
cc9fd430-a3b5-5d81-8b57-167e4df06353,0,0.7383772610635957,0.5835592
71fba2d7-e0fc-5662-8a47-3cd5ecb17334,0,0.0854893980784036,0.18434525
dd86ad33-948f-5a15-a808-8da707815f94,0,0.12023523516396524,0.220874
94cabeba-3d5d-5e0b-8d42-a00f49825177,0,0.12296726216329641,0.220874
8e781d98-6be5-595c-ba50-2d74dad662a9,0,0.39065429990472106,0.41382545
0119e682-5cc9-5f3d-a2a6-df4e8326282b,0,0.6476234515353154,0.42113736
3a15dff5-175a-5ffb-b3d5-b5493f4645fd,0,0.2547343363497237,0.16201131
f706fc54-b08e-55b7-a683-156048343f9a,0,0.10785914646364209,0.19201182
34ab2561-d31b-5145-baae-20c661d5d8e3,0,0.07875011788421024,0.18156792
6be4ea31-39bc-58db-9f13-46e165c24c6f,0,0.39065429990472106,0.41382545
0f9443d4-9f38-5638-9491-e42b7c9692c7,0,0.17130255769715053,0.22492404
67d7c64d-64c0-5d47-a7a8-40f565ebeb12,0,0.11926592270162507,0.48052073
444f84bb-6624-5539-ab5c-5744e3042cbc,0,0.005689386784117884,0.3072846
71f18d6d-bd19-5c97-9255-e4eccf6ac363,0,0.0067292040644660635,0.22296603
d5c0c5a2-c73b-5684-9811-df2b73ff1837,0,0.4198989234103346,0.5304083
ebd7ea14-6bcc-5cd7-9533-0a7bdf033fad,0,0.19620108668626812,0.38264415
c584b31a-3e8b-58b6-9ac2-83b78aa4e2a4,0,0.21857016823470238,0.2594702
2228b4fb-c621-5a27-b83e-b735fefcd802,0,0.1142017719652377,0.33095312
2d25e367-18d5-56ca-b413-4615fb5e9d44,0,0.14014224631698985,0.3385764
1ba90462-60dd-5b63-8604-9819b56ef565,0,0.29704062372115103,0.30715424
df86e010-f2a2-5129-a244-f4215f935f02,0,0.40363727879255507,0.29317415
171d6dad-1ae6-56cd-a4b8-0b58965da720,0,0.7658858770755937,0.30232105
f1afd267-abf7-5350-962e-dd06584e1ad6,0,0.030382145195618607,0.24242868
bd9142bd-4518-5215-9f61-d06be3669eb7,0,0.07575973279414805,0.22618778
7b9277fa-e154-5551-9f2e-a376c978f08e,0,0.41746086644524394,0.49624214
5b7a6064-177e-54cd-84b9-168a805af700,0,0.13100524822050247,0.19585417
ef45ef70-48bb-5fc4-97c5-4181aae492fc,0,0.36695074764116176,0.22638062
c4bc94d6-f544-51ce-855b-2918a069ade4,0,0.532663669279969,0.18258224
6dab1b37-798c-5ef3-99f2-13791e7c0ee2,0,0.04888133615026214,0.29612774
a31b9ad2-346e-58ab-9ffd-debe08c1b40e,0,0.08711207193084972,0.17450966
6a1ad410-4d2f-54d5-8064-63ac79d28b54,0,0.2817924969276673,0.20881239
5b353a4a-9b23-5f78-88a4-9fa7a0ff8f77,0,0.06911103775509722,0.23660626
26e5d15a-50d1-5185-a8f2-abf116c65174,0,0.2638628736757467,0.23020844
1897bd7a-bc85-5d8d-80ef-b7dbad7dda6f,0,0.662728593665466,0.20907176
ebb6b5d0-583c-5d12-aa99-0c6303a15635,0,0.13090080413769728,0.20186985
53971510-3ae0-57fb-b85f-57a744a45423,0,0.8989552001072653,0.7763693
e243483d-2f34-51ff-a452-f2e25b936376,0,0.023575690287207483,0.14604393
90a2f33b-18c6-5f38-a83c-bac66aa4b81b,0,0.24612394425718156,0.25070298
8fbcd104-836a-5ade-ba4f-62d1eeb28161,0,0.4224619711288759,0.2408991
79ee9a5c-0139-5196-b735-b4a888da88f0,0,0.0018344996420792813,0.17776752
0aae619e-6ee3-5e50-86c8-241c4f2f56fe,0,0.05547530308312287,0.28605378
1fd8f4e2-0841-5314-848e-01e75f17a40a,0,0.0004934512012890698,0.46658164
a85f1e68-2bb8-5ca7-a3e8-2e4b4f654353,0,0.2943693337355151,0.305832
aa5ff002-e62e-5a47-8310-a1d0a04c5650,0,0.5344374541531601,0.3929607
c8577ea8-94f3-59f2-837d-87e788fc4dc8,0,0.39503763792367746,0.24629076
33bc8678-2bf6-5773-b792-5a2b3ec2dfbb,0,0.1664577769448968,0.16653596
ab258b09-610a-5b63-8e88-9b02f11f7174,0,0.03840174991150591,0.42781007
7e8fa58b-0a54-5f76-b12f-a5b7120bf57f,0,0.15095552006091556,0.19053878
605d05db-b4ce-55f3-94ca-8872a15e4235,0,0.009466369485739649,0.21072046
c5f56bf1-05ab-58b5-9f58-e69c3fbd175d,0,0.27535261813435263,0.19707333
8681f5dc-ff8d-51d0-9165-15c5cea5ea4f,0,0.027532885690604532,0.2774352
dc3d5001-8b10-5dcc-a0fc-189ad09227c6,0,0.0653782346011037,0.15818775
9f9f2937-1f34-5d1e-be68-980841831fbe,0,0.8474197432934863,0.5481602
f7293ecd-642a-5b3e-b3b2-34b5977a21c6,0,0.23676309888472252,0.17747536
da44ba78-3a8b-5fe4-bd65-9afe9fd35c27,0,0.030568622230779822,0.54093224
2ba22675-a542-5b56-99b1-a5a7b6e1cbdb,0,0.06070297918282178,0.15958536
eed432f9-86c0-5f43-843d-0a078508681d,0,0.9188091191721798,0.27137887
927c60d8-c739-5065-8b86-d808ad7e72d2,0,0.19337866276527635,0.17139596
354ac872-a3d0-5d85-bbd2-e4337ec4fdce,0,0.046962686211771285,0.17913078
cb378a16-9fa4-569b-9b73-3d0419477eca,0,0.11629826440314929,0.18857342
a4f9fc5d-880f-5d74-a725-20c4cbc2dd43,0,0.20481756012881616,0.22972946
b81df3de-84e5-514b-9a69-53ab9b706b15,0,0.2970992234914977,0.31297582
3fc5048b-95f0-5668-96cd-1ae5802e0025,0,0.13543408857344533,0.20775318
b7286c1f-b5c4-5de6-b3d2-1f840039ccc0,0,0.2238794874401923,0.26251882
e1286927-5ea6-57d1-b2b1-ec1b04839f8f,0,0.13714165156496683,0.1829958
44f1b6d2-a899-5d72-a40c-2e15a53b40ce,0,0.5770768001736657,0.39766908
74124b11-de92-5da6-977d-b59cc7f5e4a7,0,0.647129430906428,0.5626222
93867f7c-f335-58a7-9594-b881a75a1302,0,0.2842266025837634,0.26096293
da67f037-fc7d-5cbb-bef5-b082fd7a2050,0,0.07570017697881859,0.19178508
dd0a6b62-9dc3-5d93-9427-799bd303d757,0,0.39221431175007576,0.23952447
390915bb-a1ac-510b-a761-002f8feb21c7,0,0.9506322483685941,0.38469768
577b865c-e31a-53f9-a059-cf01d823a3c2,0,0.2723567528203289,0.48157075
1276be0e-d08a-51f9-a88e-1968077bbee2,0,0.044194913150490164,0.24430011
efa1e93f-b77d-5974-ab80-89decf10d751,0,0.005755717767264225,0.19425802
2e150cf0-b38c-5e10-9fb3-2e7aa7f720f5,0,0.10911180955160914,0.28903842
2448b268-ea04-52a0-aa9e-1e9edb31e3c1,0,0.7980531129481586,0.26714644
23e6521d-1a4a-5dac-8e03-efa9717b4086,0,0.0026483414666317725,0.14604393
a069285d-b3dd-592a-aba1-90462d142a5c,0,0.12940769975716823,0.37494633
d2810034-caee-5caa-b330-afa932f18d2a,0,0.05108599650152195,0.17077595
d41f4359-6d53-5553-9c57-4725f4185775,0,0.19950361949880202,0.22925316
34502d8b-25df-5ac9-8e10-a99868bb239d,0,0.0427954121782673,0.23438497
390dd0b7-66c2-5782-9770-3ada28783348,0,0.1253931109405696,0.15434833
e40f6ded-4e67-52f5-93db-aa674daa14ee,0,0.2847484136905465,0.17823207
eb440503-7d07-5c95-9aca-4848d3bb3883,0,0.02962182022863043,0.17894016
822b60c0-11b6-5691-bd42-4951d4597598,0,0.2630908966189764,0.21278375
41fe3acc-4ceb-5347-b620-9cc6a2c71152,0,0.031899263198889145,0.14525516
5ddb3ca5-cb3a-5e9e-b0cf-265d0415e7e0,0,0.10920648154706358,0.18265079
c8bb18b1-0a2a-5f23-9e00-18fc7bafd31b,0,0.1773235905302332,0.43159774
7c197518-c9e8-5d89-a9a3-d1bbaa1ebb56,1,0.9997811356696779,0.75268835
d34b3050-d307-5f4d-b428-61c4f769fede,1,0.9993633266553938,0.7445121
1f7af707-3ffe-5171-9f0c-c8745f380b50,0,0.7701696828496853,0.56470793
78377995-7694-584f-9ef1-2825a5e7f355,0,0.48964192363593956,0.48076165
d21d2da2-3b78-5de1-a848-fd3e9e41370b,0,0.15001860017155053,0.16960475
2e03cc9b-d4cf-5dec-9544-32fc91cc9c16,0,0.24477151491629953,0.17938827
b55a21bd-c770-5782-afe3-b3cafa02c4bc,0,0.3110302971344019,0.35561103
7a3f788b-6a3c-5340-b6f7-9f40289e287e,0,0.09522846185263037,0.16827878
7932603f-3ae6-5eef-9d94-122d806e13f9,0,0.17237581035605404,0.17950474
4f4e443c-be09-5c01-b0bf-32539096882f,0,0.35826325306362106,0.5698477
b490c9b0-540b-5e51-9261-635c97e0516f,0,0.955193812600467,0.61084664
cadc6983-6d79-5044-8635-6284567eef69,0,0.031358567663657334,0.30056217
68aea832-7647-57f8-b8f7-9bd46e5f68ef,0,0.000916388754543113,0.18685743
d0283047-36c9-5d2b-ab88-1aeee8ce5454,0,0.16402688098835666,0.3737105
c643bb64-fe69-5105-9f0e-51237c7e4762,0,0.18320003102624413,0.21230489
a27c95ea-6a6d-529b-9493-72a05ed770b4,0,0.5342814631700697,0.3929607
9ecfd32d-2570-50af-8132-7e9383a0b98e,0,0.07505058595901422,0.1829958
398ac1ba-2583-501d-b140-6bb003002dab,0,0.18896695967931673,0.20790827
28684b97-83a7-5737-a00e-f921162a95ad,0,0.12608124362181133,0.2897356
8b6d6f9b-1e17-5f18-a198-48f66c96c19c,0,0.12350341190434083,0.18346116
0676c291-895b-50ac-bb9f-1ba4136667c9,0,0.36300916891592344,0.58552116
7132d32f-705e-5713-8581-968c2d7c91d6,0,0.04115706477880273,0.17156266
993f014c-e713-5cf0-9789-98b07fc1bae3,0,0.12143298726406286,0.27051494
8fa9f2a6-d8a4-547a-8f37-a7edcdf27572,1,0.11899562123433134,0.2016337
261c29eb-cc11-54a9-8bbe-70e2023a5018,0,0.16639384680928276,0.21701634
a79e0186-d3de-59a7-acde-2ad32dff5056,1,0.7474095090283726,0.4583516
e4d0a6b2-091d-5e3b-a4ea-dadcf76ef132,0,0.2385940780813634,0.36966583
4f1b33ac-db90-5df9-a11f-e81454958d3b,0,0.39065429990472106,0.41382545
c04bac92-9237-5a3b-bb6e-9c53b6cc426c,0,0.3576313875595955,0.18408106
5f283807-da67-5dbc-b321-a1ad550093f0,0,0.1501215499940897,0.18917474
df0fa5ae-ae0a-5016-8444-5aa3692cbb2f,0,0.11228481601117901,0.25575355
ed0c088e-7044-58f9-a366-0a13f16f6c0c,0,0.04843668708818988,0.30309367
af23cbc3-77c3-51b7-b1ac-8c1fd8897c71,0,0.18122097890635666,0.22315513
0b3c0d16-cb78-5b98-ae4d-dbf513b91957,0,0.22449597430868315,0.3313053
e4de2d02-db93-57b4-a66e-ff29a36651f9,0,0.20330178115132,0.22340834
cbd7f86a-ebca-5c3e-84ea-7444d71d2320,0,0.8924631195778315,0.52387583
fe24dade-398f-59bb-9c4c-bf4b2dced148,0,0.006625227926227468,0.14387678
70e8caea-bbb2-5099-aa2a-0dbf072fe423,0,0.35102168904225095,0.39951402
c7b82edb-371a-57e7-80d4-26645f11608d,0,0.1264167406598506,0.17726913
39b2d61f-5851-5452-b64c-50a5fb555633,0,0.13951384072719403,0.16058217
80a67f0c-e586-552a-870a-b268d4774715,0,0.11907030777527515,0.2146098
70136733-d2df-5ef2-947a-c690cc34a885,0,0.06931524262828241,0.25781202
cb94c3a3-52ad-5363-b663-d74221f0ab1a,0,0.38685454443047373,0.15914796
dda16734-1952-5a18-a11f-d4f16192a9d2,0,0.13345384355889323,0.429543
56728404-7470-5bec-91b1-72c2998199bd,0,0.3594773107345106,0.2602658
8b4466d8-a5f0-5502-a718-22314bc2d933,0,0.13329815968772118,0.25892502
d4c89d6e-a666-5480-b886-23fc3ab44bd4,0,0.3063930549916117,0.29796755
eaa58db1-d4f3-5d75-90e5-748421affb80,0,0.2752850180460048,0.21939796
054dc5ae-f75a-515c-9cd3-afd28cd881a0,0,0.08493952444736157,0.2871769
03ff0706-c622-5b4f-984d-729faf751891,0,0.07042447938929418,0.15755402
8dcec689-878b-53c0-ba9a-b9ea3920ea8e,0,0.11775422099041198,0.27271876
4ba8c898-fb50-5c0b-b201-dcc3744b18e1,0,0.045574379013623205,0.2666666
4f0b6533-1a1e-5a3d-899c-70dce3a7c3d2,0,0.24492560783224007,0.33445308
3522f14e-5641-5a36-8a83-1d743984256c,0,0.14556398094981324,0.35720617
6dc55660-9494-56ed-9c6b-cf0cd236ec1f,0,0.15185768143090225,0.4466866
e1af50bc-135f-5c15-9730-a5427fec8c0e,0,0.12209575729936174,0.42547175
de18105e-ce4e-5edf-ae46-8cafdfea1b54,0,0.05050041796361721,0.24150655
45cae5aa-56ae-56b0-aed0-423b97a757d6,0,0.18725533231252658,0.16736308
f16c6fa5-476d-505c-af75-8d845f12d7ed,0,0.6176313673551419,0.22340834
eefe391f-7b7a-5a7d-87cd-afec673f81db,0,0.03472405828707615,0.23897088
5a6d201b-1d9d-5d1d-b502-965c5dbffc66,0,0.010736750141858363,0.19892846
b75e346f-9666-5546-a973-bd682718cdac,0,0.11604413194654865,0.23257017
f7f4f403-79bf-5fac-8323-7cb011eb7321,0,0.7091317630263135,0.41537666
b846aea4-dab4-5c1d-ace4-488f89c20d94,0,0.7609151285922702,0.7113143
ed8a376c-6a41-5926-8f08-222b6ec125e8,0,0.5177158642100853,0.5635431
ad22cd56-7012-5c53-af7d-d1be4a038862,0,0.11410906267818643,0.37530476
429f5a50-e19c-507a-81d6-eab003a8b179,0,0.12790846254514232,0.1726186
47c8fbb0-7394-50c9-b101-4b0d471858b6,0,0.21222082654520258,0.19201182
174bb393-8561-5de5-abe2-9b1cb0520664,0,0.12309159107463657,0.18547161
59ec772c-2127-5dde-a888-58dd3f4fb88f,0,0.5558304102059458,0.47138822
7588efd0-35c6-5fbe-baa7-110080906689,0,0.05598600371894925,0.15755402
a70d01c3-0a75-5baf-ae84-95872a891d67,0,0.12390670789544198,0.6418781
9450f575-faab-57b6-8d6b-07fa83086651,0,0.8895031964170143,0.5629571
dc356df9-8304-59ac-80ba-1ebcc1b69cbf,0,0.12163523966852981,0.21427283
2b7e196d-f856-57c9-976a-2b91d61eaadb,0,0.5810715883589295,0.51330787
f617dc5f-ff2a-5ec5-8a6f-973aa997db84,0,0.047334736530813264,0.1554256
f8d00005-ef7e-5e68-956e-ec75473b6a55,0,0.31745185512790175,0.45169127
02c92928-dce4-51b7-8e9d-6525ba32c8e6,0,0.5286221473439627,0.5293162
7620f089-6e02-50ff-bb7c-e21fcc1a8acd,0,0.9670177051264895,0.18073705
a68bd593-22eb-56c3-be66-47868cfe1150,0,0.6043281084411396,0.5314765
6098b6fd-ce54-5aca-874e-0a62adfce47e,0,0.0006189499454851701,0.58737016
f581af66-ad25-5a99-8f80-47b4b2f93d76,0,0.010953753594226992,0.17353584
68a97b02-f1ed-5326-b293-6c749564eab9,0,0.5992601034841012,0.47520998
1631e4bd-da18-5555-8ad5-611ff048d060,0,0.1656752351007394,0.23508923
4d25f5fb-5b77-5c21-8fb5-dea50bf50b03,0,0.3212486972995807,0.17428616
6e768a9a-43b7-5c09-a13d-9b907a3767a3,0,0.45436466755857646,0.18990697
349260fb-3188-5c35-9530-24e79c49a364,0,0.0004033889639473923,0.2005384
6b20c40a-b884-5f7e-852d-58e8e9dca582,0,0.04091381103059796,0.16475162
9c266235-1244-59a2-b997-f5bfcb38122b,0,0.03883140749232346,0.26147896
b6826421-a262-51c9-a176-f82a0bce490d,0,0.10135090649906484,0.17428616
aeed3749-126d-5ae8-a20b-7fb0b6c9e32a,0,0.5609166620969425,0.74411076
c09fc94c-33e6-5334-a677-a38302f23cef,0,0.17479117695925858,0.17148106
a706a728-486b-53a0-8029-3badb4e368a0,0,0.17187173906855344,0.36300394
a1deb7d2-2f17-5c4d-8ebe-bb79a9e67a81,0,0.0757840422571231,0.17788947
ce23c453-eaa8-5ea5-a627-1e1768f1df7a,0,0.16651566216876354,0.16653596
b16e159a-303e-5ae5-9389-c68037aa32c6,0,0.39065429990472106,0.41382545
e352e529-9c83-5837-a0a6-d08271e5b56b,0,0.39065429990472106,0.41382545
a5685ec6-a515-55bd-b73c-df6cf7e6245c,0,0.5444076987773385,0.60180646
ac387e45-1b55-5b19-be72-691536fe84aa,0,2.8818688402454023e-06,0.18917474
490dccac-d12f-544a-8635-e3f73fe556db,1,0.8669987101424299,0.5962835
c33815a6-3912-5a46-924c-27e7419fdbcc,0,0.39065429990472106,0.41382545
475e98a4-ae4c-5b00-88eb-fbe274b1a155,0,0.05621733136228156,0.27085188
2e3e0cf4-b8c9-54d1-a2d1-10a574881ef5,0,0.00030389228733146184,0.33248502
2183d4d8-31d8-5d24-8a18-b7c49b63ff37,0,0.048667794480070206,0.16595396
254f1e53-0af5-5612-8738-be85766ba3a9,0,0.1670130841487872,0.16303113
6915a6bb-a16a-5f85-85d7-fcc9e57d4bfb,0,0.1881550035088174,0.2702405
2d9a23b8-49f6-5ed4-832e-d439061687e5,0,0.12024959756406058,0.220874
ac5e6461-3de4-50d2-a745-acc3c63fc8ea,0,0.16616771209697884,0.1889042
0caa8595-07d1-5c07-a9e1-3ad61f2a51c1,0,0.9374155118677183,0.54730064
1ba652db-8420-5f20-a594-792a25aca337,0,0.6052919245998467,0.25785
a868fb77-dc18-5de0-af82-9573416cdd15,0,0.34000904097099766,0.25300983
a2940836-7e5d-578b-af02-9fdddd737413,0,0.6757313561020593,0.51574135
69031e32-f0d8-5f55-97a3-dc100c0ba696,0,0.6802267548580424,0.21420673
113a3f36-be14-571a-8163-327969edf422,0,0.011937117462798973,0.13588963
74820664-d212-5dd4-a1b9-72bc220c59b3,0,0.10053561611638565,0.3723381
43787302-4867-54c6-88fa-47cb6daea914,1,0.9834646954124817,0.75053823
a60d3f1e-1c13-5145-9a61-ab033fc655d7,0,0.6288946269496759,0.5067508
937f63c7-ca94-5d9d-bee3-7559d6e89032,1,0.8701737730330706,0.3193236
893f5689-6ae9-5042-8599-4a4b365d972e,0,0.4082790651687919,0.23503827
0e24ed7f-f99a-5951-a3d3-72ff6a3bdc6d,0,0.8908303767508874,0.54690754
410a8295-75c4-5588-b9d7-7233d217aa5f,0,0.9062414771288566,0.70936453
c05be191-3af0-5ed7-8947-f914f8c12d97,0,0.11371994826737648,0.46223634
63bbd6f7-12a8-5177-b301-573efae12b21,0,0.2663297137172298,0.3826863
c912a848-bca9-5077-88bd-ded3f3dd5a4c,0,0.38438268940296844,0.56029004
f2ceebb7-7950-531f-a6b9-6444e9cdda16,0,0.12790052701079885,0.19643691
a7782ae9-dccc-57d1-9f9a-369bec484a55,0,0.019944084771945036,0.20417552
82db742d-c631-57b9-b891-0098e01765d1,0,0.007331935489442886,0.16758956
0b0e7632-1b2c-5320-af4a-76f39e3d37ba,0,0.4043232369969745,0.3539289
f4831e35-7c6b-5c8e-ba51-2668826ad465,0,0.8211633681771859,0.40498394
d0542958-7b3b-5455-a0e0-302d2245c708,0,0.007392935637706205,0.2191006
9897a6c8-7080-5f61-ba16-15dc5ba2044b,0,0.2063384500992562,0.27500793
1d0b78bd-6b4f-5b5c-85a4-414903649612,0,0.0783942358136257,0.18555965
0d12b646-538d-516f-8664-860c5c08b8e0,0,0.14688655225722502,0.17885101
2314aeba-6364-55a0-a568-14fc080a2d99,0,0.3471445684848649,0.24714883
091f0b19-2ba1-5d4e-9510-fd5fc9844062,0,0.044355030306978356,0.18455161
bef55ccb-1f07-59b8-9793-0bf1c518880c,0,0.39065429990472106,0.41382545
1fcf62c4-3558-52d6-8a4e-7872af2cb112,0,0.39065429990472106,0.41382545
f2ba1f90-8dcf-5631-8283-64fb9d94f768,0,0.7476202579992117,0.4630915
44592d67-bc05-54b3-8a53-6cb726dcd94c,0,0.2949478394326408,0.46538162
8628d8d7-5f95-5e10-8392-66fcbbbd9e31,0,0.8156086732923116,0.18114181
4db2ed84-a000-50b0-8761-d5dce606c385,0,0.39065429990472106,0.41382545
536ebc58-ecda-55f0-add7-f33caa9e7a22,0,0.011994079288031305,0.18634199
39a3a558-51be-51c6-b3dd-0d146a389bed,0,0.3122147697683091,0.4668622
d35ceadd-74a2-5540-96e1-36f24bcef87b,0,0.39065429990472106,0.41382545
aead7142-4eed-5b0f-b38b-a3c154c81200,0,0.39065429990472106,0.41382545
4cea665a-0e0e-5b2f-ad4f-6ad1fab96b78,0,0.5163499665887334,0.33799443
fed457ca-7501-5c05-a77c-da0d8c1de927,0,0.04531399382835368,0.21706961
d3c8d3d2-35c3-5b51-a8e9-f6cd12f79306,0,0.43481812520276514,0.18604554
30977e4a-d74c-57a2-885d-7de8388aa2ad,0,0.27968351979837514,0.22952603
729972ed-35bc-5141-a6a3-982924232ad8,0,0.1664959461170558,0.16653596
717f79a3-dc48-5262-be7d-67b84286c086,0,0.1769843680459735,0.3021057
181cd727-b3a5-5a12-8f71-03e015812522,0,0.39065429990472106,0.41382545
94e52cd8-6666-578a-88bd-e3600a4077ee,0,0.39065429990472106,0.41382545
a8b6d656-a247-5203-9e6d-50c1cf4759b7,0,0.2925562404035225,0.1929844
afaa2416-9b4a-5744-bfcf-b4663ae5fd9e,0,0.6246114687853458,0.286505
6dbcb3fa-2eaf-5e25-bc3d-907672b907a9,0,0.07744353295513522,0.17209916
56924a1e-49bb-5c44-87a9-9b433ba79fbd,0,0.3914118191361586,0.24022728
4cfac34e-22c3-5d42-afac-08fee71defb8,0,0.18631519487638307,0.20342676
b3942cd1-fad4-5776-bfeb-02a943c34bf9,1,0.019173410334682242,0.28213158
a8e62971-2e37-5117-8489-4965b6aa2200,0,0.08196750700208214,0.39093053
c845c208-2ff1-5fa0-8bfe-9c0a3c9d5497,0,0.8480208161202405,0.3785861
2f29235f-fc19-5df4-ac81-bed428a91937,0,0.10124375038668047,0.15757112
7d97675e-be42-527f-9901-0cfd9483c931,0,0.1447707594834546,0.18351647
ca8fe54e-036e-538a-a92b-b7d7e5a6a811,0,0.03229985188900785,0.14968187
2a6b8369-3f19-5779-b740-327fa3c8751c,0,0.03500584066267872,0.25274616
dd92dee3-4041-5639-aa7e-315ae39873b8,0,0.022005919295790873,0.37176064
34d58d1b-65b1-5408-9772-6e114ada9139,0,0.48031188536247754,0.22808766
57d0d5e6-9527-5a79-ba00-5b99311cf301,0,0.06597370761805532,0.16776472
c5b84121-06c3-5b0e-8bfd-ba4ebe1b5e5f,0,0.13914453915906447,0.31121483
c00c7fab-5212-5e02-94a5-7fd3778b444a,0,0.5492422801321704,0.30258363
e7295fd3-6db0-50e0-b089-f7e56f38be5b,0,0.40870481390881835,0.52979124
e4fdc341-896d-56a0-bc0d-99ebcde12ed9,0,0.48857508798787985,0.26875523
d5acd555-2878-5e3d-81e0-3675a14ad776,0,0.21356992924374432,0.17267817
4c4f48fd-d3a6-523a-bcec-33876e2c9554,0,0.23460090028689906,0.36263803
4afbce0e-339e-502c-a45c-1c15ae4dce89,0,0.15367275255757132,0.19256097
626d3906-d5b1-535d-af3c-7a6e28917d90,0,0.534266424672621,0.4324072
399b2e9b-8434-57fd-9931-aabcecd23603,0,0.11640810217469859,0.18639393
cb1e4a81-813d-5aed-824e-7c3eb6ea5111,0,0.4479044218673585,0.20045516
569883a8-5cdb-5420-8965-7b52b3e6e1a3,0,0.30944560598884663,0.4306978
11f36b42-0159-5eb7-b330-1fa5f11bcbf1,0,0.526971937082338,0.44092914
9827c944-a232-5d01-b7ab-3a072f8170ef,0,0.6109041081362284,0.38357222
ab2f72b6-0a19-5378-8d59-f66d6ee7dcd1,0,0.044674484381038,0.15523635
b448231a-a97e-5242-9bf9-ed93e74f2616,0,0.25386265536308283,0.17779733
d5679a4c-3ea3-5c2e-b92c-d6c664e39e6b,1,0.00033578923355790166,0.34048197
33a709c3-c84f-5ed5-8cc7-4ddf5834f66b,0,0.0022103464641124765,0.15933958
b97859fb-c1cd-547c-b3cf-e8d2c9784b14,0,0.25583477561919205,0.5554281
ce493125-6e96-577c-9f3f-7d3e16c91d8b,0,0.27975537877508744,0.42549214
c81f4b8f-50f4-5fcf-97a9-822e0c65882a,0,0.7250864231603392,0.5212974
f4f241f7-a9a1-5119-9cd7-6748f4f1c738,0,0.35494625025317106,0.25891998
7ba6a4c1-9e1f-54b2-aff1-a7aedbcc6926,0,0.2692368075386685,0.28734553
98286861-9aa7-51f8-8c5d-bb5c98368652,0,0.1520340345893473,0.28179455
2119ae84-60c3-59c5-8f98-437857b9e9b1,0,0.3945826401476,0.44455874
d5be7c5a-7238-57cc-aaed-84e724e5a015,0,0.021337055173067502,0.20924003
e16d58d7-01c2-5873-9884-a2d2909dd3ba,0,0.744182855840296,0.41102052
830e58f8-3819-515a-9de7-c4245c84d4fe,0,0.5782436102696743,0.44774556
ca3e7a17-2921-50c5-9e75-b90ddba526f9,0,0.1550171302173401,0.38707167
e9b50d61-f1ef-5b84-9aaf-83099951b7fb,0,0.1170946969251664,0.1475529
dd0e3720-d94c-5305-abd5-d80da43bdc8f,0,0.6916688099100609,0.42115778
01119341-5616-51a3-90d8-a96d42afdc3d,0,0.3881215599689581,0.26385406
ad37d816-b50e-5e33-857c-a31bdfc1d348,0,0.5966069424387679,0.7755449
323fee09-9276-5bdd-a884-dce08e6c10c5,0,0.10033376909117935,0.27429053
2fa2555c-73d4-5eae-b896-b71e626bb177,0,0.12359864446867258,0.4544754
509e9aac-79b7-532f-9619-9e8e9692ed6e,0,0.1631827060799117,0.22813609
74c4ec14-a27b-53f8-8c63-77038ed87338,0,0.07962745605988052,0.16827878
b8746724-345b-5cf4-84b0-4d6fc492eaac,0,1.190698104904081e-07,0.5944633
b842f124-046c-5554-84c1-5b14af6528c6,0,0.08203777495826672,0.22017728
41690881-2586-57e1-bb3f-f77137b040fa,0,0.10078914564489459,0.34444574
a0bc8312-cce3-5c70-8255-2ef97738aecd,0,0.9616071209228765,0.56969434
e6daf62a-4f4e-58cb-8baf-c796d1bda297,0,0.05277299307289559,0.2783346
b5d2b2ef-ea6a-5a10-947c-6bde9eb14b91,1,0.9526560659644546,0.7266229
457fa7ff-659c-5546-912d-208dc25d1d92,0,0.3453599712378261,0.30469856
f258f03b-4bdc-5184-b780-e32f352f86c0,0,0.03875445331747685,0.27665615
2c828c81-7731-5444-b71f-04f3eaf6d57f,0,0.26966227575558194,0.20228405
8d1734d7-93bf-58fe-a942-5f5d296d1245,0,0.4708409243891455,0.30537978
9b67bd10-150e-548d-9d67-57f2831b93ce,0,0.09980411709995922,0.28052366
04bbe5db-2008-5f77-905e-8d569bcfaad0,0,0.001362035060467052,0.20329629
a26410cc-b404-5146-a36f-1028db52daf7,0,0.32184526337746455,0.2260109
3c75a361-4704-5d41-9e43-b5eb697ecfea,0,0.3619650237366705,0.22907929
6bd34649-b1f2-5e4c-989f-7629e0c8b2dc,0,0.03312472680379036,0.22929287
56b83e5f-5e6f-57d0-9078-3e35ca68e521,0,0.29022577143002826,0.549722
4c2c662e-8324-5543-aeb7-e7e2965136c1,0,0.41496110992351876,0.3784316
2df52bd9-89d9-58e2-b1df-c5133d10caba,0,0.634696654999944,0.6140119
a0a1fafd-dffe-5edf-ad22-b02c15dba3d2,1,0.7617564691652876,0.6952067
6f939c89-3792-5dec-96f5-b27933d7c6ae,0,0.4578091830667838,0.33017948
9af94957-5b75-568c-a376-9371c70f84a0,0,0.617104129913487,0.21655355
32673ef8-c110-5305-b1c3-4c688688696e,0,0.025977872384573095,0.18591991
4cffe086-9d15-5016-abce-1bc891bd74af,0,0.125465269470321,0.29486313
c4722e58-5b24-5eb6-8593-738057d6e7dd,0,0.00014738601859144837,0.2582004
31de2553-43e1-5d45-a439-5cfd46863a68,0,0.04181270453757608,0.2505267
073a3439-3354-545d-8b40-3eca34e81042,0,0.0022973321419395704,0.33033484
32716a78-23bb-51b1-bf4c-f342277d42bb,0,0.45150996344364946,0.33639106
742d0c3b-4b0d-5101-9166-ff4f5d59bd8b,0,0.7695150977745455,0.6295617
0972d5a5-de0c-5f3a-ad40-f66afce92262,0,0.0531071977280545,0.30903968
c77be56b-c818-5516-bff5-de5fabe9d0c9,0,0.3938045648319135,0.18185942
0a0e7b49-5ddb-5fb1-9022-9f3f5d17ec45,0,0.18712391191298453,0.18265079
933105d7-eded-506a-954a-04a451c61707,0,0.0019006186877617995,0.3288638
2fb38b29-0b26-5805-a2fb-b0036817ed60,0,0.3268881461286084,0.27177787
32faa7ce-4af0-5207-94a3-797ec40ea140,0,0.16059353187013914,0.17504244
4ef96460-4065-58ea-847a-ef7b23570c03,0,0.0023777656727468075,0.16758956
d3affdde-8c95-5b82-b794-5586f129e0d5,0,0.494486647507077,0.40004712
fc1f3f64-12f8-5894-8d62-a4a5146f33c3,0,0.050725774211273916,0.18027213
ea3e754c-7119-53cc-ae5f-23dd507ba9d7,0,0.04107609863072207,0.17774767
6ab35e77-0822-5a41-9df7-1a33c876c7e0,0,0.027883558131410437,0.20567808
a1adf087-3eb9-5f11-9407-e2e5b2397b28,0,0.5704979758034344,0.38800564
b402f11b-5902-510e-98c4-20259a1c4a24,0,0.044237757729133936,0.34061274
9b575c0e-9006-52a0-9233-d0ca786bad96,0,0.19854226700666858,0.6911287
dd78c771-6c47-5e78-b147-95483ddca6c7,0,0.3820417645196513,0.2218058
99cda662-ba18-5aae-a38b-f7b4ba7f2108,0,0.308605557125277,0.5081657
e7842b23-e9ad-5920-ae88-5c1b1520909a,0,0.2033134798222902,0.30652317
d850fb87-7978-563e-860b-cdf388f63a40,0,0.10210186283054906,0.24830556
ce24f7d5-142d-52ce-96b9-bcc8c8974507,0,0.06978653990026648,0.24530865
1f4764b7-e7a8-5679-a5a2-813973853788,0,0.9999980530265442,0.592521
25926f6b-27bd-5c3e-9230-c90773a4dc08,0,0.1213876130775356,0.21266451
68e1fdfb-c948-5a6b-bdc7-328e14282cd2,0,0.03235031748914883,0.13585241
715d49b8-383f-5133-9c7d-0c01934d0105,0,0.05381321637378004,0.16246766
033ec02a-ec8a-58c7-8ab0-b60e6da90702,0,0.15318595332111468,0.18122032
bdefe77e-ac29-5e5c-bdc8-8bc7225453c1,0,0.7178216018944094,0.22417404
9cc1af69-540b-5890-ba0a-fd713e4537e7,0,0.038797453682721646,0.16365196
4b82aa4b-8552-561f-b146-001617bddd04,0,0.04409966418308265,0.17973182
4fee02ed-8b0c-51e7-b1f0-cc2258e7ced9,0,0.21440263993356,0.24853773
de903d08-5b27-50a4-a519-cb388ee914ee,0,0.11674919788949649,0.3116226
6c59aaff-9ded-5b35-a6a2-77c3a14969f9,0,0.6171368216884948,0.19646707
f0e835d4-e316-5d6e-9e57-452f665e074f,0,0.7475471518598235,0.5950154
18b6a37e-245f-5a0b-9031-5b674f349885,0,0.010399394468328271,0.45282012
3a04c0fe-3e91-5578-9bfd-03dcdc3cc2cd,0,0.022874758755425058,0.45403966
08889f7e-a919-53d2-9a34-fe0dd8228594,0,0.036968982964583445,0.18878804
ec57a406-e2f1-5742-a69a-b4fb4dfd8a23,0,0.013804381492280278,0.13266844
6e829380-cdbd-54a0-8068-d4bfd42c431e,0,0.29977185671944717,0.19368081
d68b4efb-651f-54ee-b92b-cb37ca8459e5,0,0.06454349510093865,0.14545469
28250651-125d-5da6-967b-096b827d02a1,1,0.07162034949808797,0.19368081
7d81926e-dff3-5195-9327-bf5b9196889a,0,0.16821406659096905,0.16653596
f55ca48f-24e8-5001-986e-c79ad97fd75d,0,0.04564289101013812,0.3220917
8150896a-2792-54c8-9c3e-2583fa507d2f,0,0.0828598797207511,0.18437268
8e404aa7-e3b2-5215-8688-b278ae7da576,0,0.39065429990472106,0.41382545
81a69ad1-546f-5a2d-bdf0-b787f1c1fa3f,0,0.13262601939632507,0.26437697
df66da85-03d3-52b9-8499-06aa18b6dd27,0,0.10210025707980547,0.2477751
aecbb691-f903-5a64-8ad3-b20bfd946de0,0,0.04332735216224666,0.16657867
ab42d028-89a8-5601-be17-fd659a7f5179,0,0.026224468594857997,0.32101345
783db8fc-17e3-5253-9aa7-e0d376ee7c80,0,0.39065429990472106,0.41382545
4f4c7334-d044-597d-8585-be79927ff4e2,0,0.07698839181110131,0.16818494
cf460c91-9f8b-570c-95ab-cc0295c0f8b1,0,0.12927477577377394,0.15270934
bd856cf4-3214-5de4-9266-0912586e9cc8,0,0.06444756541306877,0.1584363
d8c7fd55-ebf7-5030-bd07-19ab64e6cf61,0,0.03409852889464019,0.14053217
1ce5d9ff-cd32-5250-963c-2e32b186f064,0,0.12959794117807188,0.15270934
fbf31c2a-a672-5e46-aede-704094c2e1e9,0,0.3862872655963047,0.56312084
6f3b193f-2351-5fb8-81bb-1aa77163953a,0,0.7475862286301307,0.40466967
5e2e4c0f-efc7-58f5-8e53-6002107a8a26,0,0.8986765701562046,0.36659244
a3ac64c4-39ec-5229-900d-961c9e6db958,0,0.28473765156473296,0.17823207
cfd58491-324e-5da3-a037-839cf27e491b,0,0.39065429990472106,0.41382545
f9bb6673-7992-5c08-ab13-c980379555a7,0,0.1445870038232696,0.20712881
57ad76e6-f203-5384-94fb-df0e87cd9f18,0,0.37912219204969294,0.16022266
585a4f42-10c9-5f35-bb0b-fc3ff8fc2724,0,0.39065429990472106,0.41382545
d7886781-1b7a-564e-b6e8-7d89bbcbd7ab,0,0.004846206686228509,0.41197452
5e7cb2d8-f42c-59a3-9d30-b3c0b824b59f,0,0.23249875772202322,0.17666297
920abe48-f23c-59ce-b47e-7a386ae062f5,0,0.39065429990472106,0.41382545
f9792f05-675c-5ca3-bb5b-7277ea1e45ef,0,0.17650175510036614,0.17660043
1e8be906-0bdd-5853-81c7-6355eb23be28,0,0.2120335732855939,0.28402844
7581c3f9-9e9c-5226-bd12-05b16289ec8a,0,0.6490725113654923,0.39423633
e0f684b8-5883-5bb0-8653-f5df9f172951,0,0.4672631678940278,0.24629538
963fb513-559e-5288-ade2-373936e4b54d,0,0.051141725545448054,0.20782644
bed2495d-0fb6-50b8-8f7c-b95ad368c267,0,0.09255404263546187,0.27879012
2b2d4959-3fd6-5301-b527-45e747595e0f,0,0.11012300334952141,0.33914155
64efbe45-68bf-5fd9-8d63-65dccf7536df,0,0.12004462245119804,0.2013943
60be3be6-c50c-5c4c-9b5b-cfa2cbf73f82,0,0.417537875094814,0.5767537
7af98a7a-381f-5920-b4b6-a89faf8b3cb8,0,0.321290506889581,0.25864282
171a4ec9-1f8b-511e-9ed3-0249352727b2,0,0.022063913375839572,0.18826997
387753a1-c71d-5061-8b9b-55f847388078,0,0.057649966853084725,0.18180501
f3dab26c-3d89-5277-bbce-79d2f3760942,0,0.6607756075846754,0.31505415
44edb751-77dd-5c93-bdbf-2d9d81b2366b,0,0.8316888501893573,0.22091627
85244635-4be9-5eef-b65c-5e9647e26767,0,0.06998175722230339,0.18843132
63fda0b0-44b0-5f71-a157-0bbbc68f9375,1,0.30033283965434104,0.6677347
2863f293-cbdb-5667-ae43-d5843b509d27,0,0.015716269978103846,0.5218796
78f0d5fe-4e81-5f89-ae42-abec03d74c2f,0,0.10107446555284759,0.15795413
2627232c-20b3-517c-809e-35e032d3cbc8,0,0.3100879505128782,0.5689227
6e9da131-4158-5dd2-b6d2-6dd52d223dcd,0,0.21635062204211736,0.20667098
7a076c00-5136-5d45-82b1-2f93c6d905a3,0,0.39065429990472106,0.41382545
774ae3ed-b26a-57a0-8b8c-cdca2234851a,0,0.6177619713064377,0.43205228
aeb26ac4-f6df-5c4a-a7ae-0b83ab7b7e5f,0,0.059224147780670526,0.2154794
49f1612f-02c3-5cb0-8138-f6323c6b0593,0,0.0031375011009211525,0.3117643
2123a6f4-c706-5fcf-b2ac-75960da12429,0,3.26697589526165e-15,0.45007443
8796d6a5-9e04-5c99-8966-97852418cd16,0,0.05776216271427377,0.4817773
229a8b57-8c12-5e05-900a-2b6fee583e65,0,0.08179761504078703,0.19362424
e8e1edea-bdc5-53c3-953e-1f1009f63711,0,0.664215981994341,0.17769623
ca615489-8c42-5cf0-96ea-7cf29224e518,0,0.04638326728195951,0.17850266
12f42d15-6668-54f5-904d-5ee06aca6c72,0,0.8686812179095469,0.58412576
075ec3fe-ca10-5321-8950-fa05013d6463,0,0.07799923757958693,0.30525115
1ad6b09f-3d64-598a-9088-1c7286905cac,0,0.1479538386909266,0.46740896
b9c5c6a1-24bb-5d57-b9eb-671126cb0e31,0,0.8006758723295518,0.45018032
b44a416c-f2a4-5435-9839-20e6aeddad84,0,0.6473146720718541,0.52897346
ba1b985e-b3a0-5660-be39-c52a54c6e8d1,0,0.2852355033770675,0.34823298
cabeceeb-cb28-538a-9027-32e9eed747cd,0,0.12274673846804199,0.2744267
6e068ec6-2fbb-5e7f-b8d1-d8f3805e1192,0,0.13317382091294,0.22542664
06477d6e-d949-526a-a99e-b416cfd49ba3,0,0.5320634582718469,0.19162188
bbef5a57-20f5-5633-ad10-2a796ffacda9,0,0.3920866113304297,0.24022728
aa07f325-1fb1-5762-b814-66b6d45eb9aa,0,0.20807759272161216,0.4074949
f41cba80-c655-5b8d-9772-2f6d0318fafb,0,0.45656536546240367,0.17174847
659dc126-4ec3-5ef8-8895-c68959c3eb45,0,0.08299829491440987,0.22472605
2c2b48da-85ca-566b-95ec-b400718acaf5,0,0.02096899504088216,0.16319925
8b06263e-449a-5bd6-a70d-564d17e162b1,0,0.013206797474333676,0.14839703
4600bee9-fac6-5cc1-a098-b3e98cf20d8d,0,0.10905513552721487,0.23893315
55bb02ee-b52e-5188-9591-664792316710,0,0.999028702085411,0.7917716
72c85263-fd29-5ceb-9e42-af8332b69f82,0,0.41836057256110243,0.486488
4b77bea5-f4b4-53a9-8e46-59a98eef560b,0,0.7403049926805133,0.5568487
2511eab9-bed8-5526-ac3f-c3e71d7d8eac,0,0.32735715563296686,0.49874017
f546b27b-9221-5045-a83a-cf697c2b5872,0,0.10674387812144018,0.14999114
aca491a7-7007-5fd5-a778-f8a19dda5664,0,0.3843825557608603,0.26445663
80cb943d-d541-5262-8537-9a9a4c79303c,0,0.15097902842581823,0.28498766
d1aca7b4-ee8e-5e15-a645-ebdfc34e2fdf,0,0.27222872316527746,0.37692562
b567c656-0d0e-5256-a898-acf104e3c77d,0,0.47372931770568727,0.39532533
cc57590b-cb3f-5112-bcb6-6544a642727a,0,0.06811961824439672,0.3039431
5425b49f-c2e2-5a86-a15a-e7d240c21749,0,0.012011794951671416,0.195201
95f5518f-935e-5678-bd97-b47f422b31bf,0,0.9145695564493082,0.41809517
646b06d0-4097-502a-aa99-a065bab45b1f,0,0.26635398038857594,0.35512435
6976614b-4697-596f-8da5-8acbc022969b,0,0.037144405778079585,0.21470939
b1f34fa0-d3c0-5861-b120-906ed65d9be0,0,0.18971985429322472,0.71975654
924679af-f3ab-5a02-85fa-480bc7bd3d53,0,0.10661011470666348,0.27131158
2af00226-168d-5011-a352-931413e79bc7,0,0.32172624917991854,0.2771881
4992065c-82d5-5d53-984c-22b75bb9841f,0,0.6714127041459041,0.4212933
fb964804-6f6d-5381-b17f-e544b0cd0312,0,0.12042776694706717,0.18547161
4b8cefc7-49f2-5c44-b430-cbbbb9ff7e97,0,0.07593572252331206,0.31119892
77223c4f-e295-5c2c-9382-308d91b0e67c,0,0.6872251408380812,0.4884058
b609581c-1cdc-5c90-bc8a-7ca427dab4c5,0,0.5086486857250367,0.3601286
fd59cd68-f4b4-5724-ae68-11f9eb7278c2,0,0.5048091778229634,0.4104606
5d00cc1b-b913-5a74-b527-798436b6af67,0,0.06273356619279526,0.15212077
8fd57776-5c77-5b97-94af-fd427da7c2f2,0,0.5183646604517265,0.17955212
4e015c80-ec19-5a0a-bab8-ae8d3cfc76a7,0,0.04152056378059551,0.14545469
ec9220dc-05ef-5f8e-bfed-9b2160c234c1,0,0.12763061524900196,0.17000008
851e9294-aa08-5b0f-a2a5-36ec1f626d97,0,0.659332634581823,0.402327
873312da-01e5-50ec-a7cf-4e479d516e08,0,3.723816876189601e-06,0.2567667
883ab0df-17de-5046-891a-038af4ac6155,0,0.23983352215654508,0.33639425
53282bd0-828b-546f-a156-59a1234f8704,0,0.039548120348584535,0.20775318
41c4ef64-4b4a-521b-b8a9-f59bed8942b6,0,0.12842878212937917,0.1813844
8eeb9b1e-323a-53f4-a7a1-1fa829104da3,0,1.5154650405274702e-06,0.15143673
5fadb5b4-a4a8-5d92-b739-3fca8198d84f,0,0.8197358706544423,0.69509435
1b438aac-19f9-50cb-9a6e-c7c489e40517,0,1.6295501253779764e-06,0.18272619
753c938e-bb57-561f-a7f1-ebf3c6943874,0,0.6450966380393907,0.33726913
0881f22c-168f-5824-8a74-7ab7c939ea45,0,0.6316514481698238,0.43782026
761749b0-0c56-5449-95f4-b3e4ecdfab74,0,0.041004056619303314,0.25864282
a300b077-7280-5a36-8b5a-a5e3a31e7b00,0,0.07006889424419999,0.16064939
a838fdd3-11ef-58a3-a971-8b41367013f2,0,0.16663293157451203,0.17807114
1eca0875-807f-5f8e-8e07-6a46371837a4,0,0.12337793259701227,0.18555965
64231738-f1dd-517e-a8c9-903c1bfa2e86,0,0.33172098046246506,0.25891998
b84592ea-c419-54c2-9aba-56e326320c73,0,0.39065429990472106,0.41382545
b2dc7d65-168a-5d57-aba1-4f2bc6bb69cb,0,0.0130628899216785,0.15798993
4b227965-03aa-5597-9631-db9dbe0a0ca3,0,0.39065429990472106,0.41382545
e39e80d1-da1d-5c4e-9eb1-71e3346371b7,0,0.39065429990472106,0.41382545
04843f26-f2bf-5d79-af6a-9f82f0d870c6,0,0.03267704794806941,0.14141186
bcac2ab8-a87a-5a7a-9f8c-25c338b65f3b,0,0.08281544163021431,0.16924074
08e2b617-bb4d-56ac-bcec-68ceb65f1dbb,0,0.22122693802960403,0.31697017
a37e0004-7e55-5646-bdc6-b96457ed0f1b,0,0.22259038706081954,0.36066687
cf03b136-1ef7-5782-a1ab-297d5755031b,0,0.7247633784498126,0.4666685
507b4056-da45-51bb-ae0e-9ce7b6809820,0,0.39065429990472106,0.41382545
8b0a8605-8414-5e43-afaf-523d8d531566,0,0.24749436397428265,0.22843221
aaa2b933-9bfd-5ca3-9fc6-fa43b50f5006,1,0.3699088862210509,0.74015534
0371b463-6b5b-5ef7-82eb-5b5fec645542,0,0.17307718907114675,0.22340834
ad8a2c60-f93e-5a6a-aafa-0840a7a79ad5,0,0.19043084752745176,0.27227405
1fc850df-4b5b-5f75-86c3-521ddd9a9f5b,0,0.02097498823555232,0.17841767
7728a0b6-f8c1-57e9-9fff-ea8a399f7f94,0,0.13387475156883252,0.17954618
ea7b0d78-8763-5fbd-b5a3-8220db27b566,0,0.7357280813083522,0.57137245
5599bd41-6f5d-53fa-83eb-4491f9ed37ca,0,0.1873388944725011,0.29672083
77222714-e72a-54a0-8ee8-82bcf89a41f9,0,0.05532728236727718,0.31819317
cebac7d6-4865-597e-96c3-1223a3adf900,0,0.053042059390866446,0.5536668
a04208f6-4e6e-5e7c-bdd1-8c53439259c5,0,0.22809203071793313,0.32598215
4d2475d5-941e-5740-8a5b-635135f30458,0,0.291630885241901,0.34109244
ee01b4de-a7d6-581e-8841-b0a442cf8bf4,0,0.03628262758138788,0.29870132
d5cf23ac-c8b1-538a-afa1-2e1a3e693712,0,0.39065429990472106,0.41382545
a33136c7-8eb1-5948-a41a-679bee5e4647,0,0.39417397662710807,0.26648113
5121bda4-9446-5e14-9edd-cb73cf58c920,0,0.03513500307188383,0.23149775
f09ed597-efc8-595d-bb9a-f7a99350e226,0,0.24225123914186725,0.4183621
ae9bee99-89d4-5c38-964f-dc3bd31f3df1,0,0.2039951981464652,0.19519289
b2c56393-1c12-5bf5-8084-03ed6e4c280a,0,0.2318706381281085,0.3790062
ee615a84-b605-53df-b105-d24d76d62cb7,0,0.2320784699719907,0.18446621
db50daee-4003-50e2-bfc0-51d507d44d54,0,0.3129358407176909,0.4644354
fa46ddc2-98d5-524d-a4ba-b3ba9e8fa350,0,0.0879547820781168,0.19357426
5d96f73f-6c00-5b8a-a1d6-c05251248bdc,0,0.24531772816736858,0.2070174
84a1387a-2be2-51b9-afe3-d6c5a9d06584,0,0.3630698865774296,0.1906421
a10bce48-0b12-58fa-8e68-9c9749065857,0,0.1145386388167944,0.49713156
2c3b96c9-caa4-500b-b884-a2d9db1f72ac,0,0.39065429990472106,0.41382545
f5ce850e-51c1-585d-a465-5d09024b98db,0,0.6746758800983563,0.5271642
423d6c5d-786d-57a8-becf-ebf870574592,0,0.43219374527327925,0.4485923
14aafedb-1ad2-54c8-8f60-462a00d20885,0,0.0676180118632964,0.17993754
707a3e98-26cf-5a7e-9974-7013a8083321,0,0.28314742543532134,0.30504674
06f0e1e5-a3a2-5c15-8de8-b44cd43bef6a,0,0.01254075679182201,0.13051145
b8f62e6a-b3bb-5a27-854a-7576ba74fdc1,0,0.825675632615488,0.56238514
89d0c1dc-53f2-5593-9cf4-a6953ee47128,0,0.2148091867246311,0.14667366
ecad697d-1eed-5ce9-b342-0d1df577f081,0,0.08790474449809613,0.24529368
1c560885-56fa-547b-bb6a-7d00c3f6be63,0,0.39065429990472106,0.41382545
3256dc2e-3d8b-58f9-b225-7a580c754428,0,0.3961555289271212,0.21996772
427b9f43-0959-5588-8079-5cc39babce6b,0,0.0725682325258234,0.21356387
6d7e898d-5a3b-5c10-a62d-fc72267b3103,0,0.0053471333106930325,0.41289636
0b1c6b4e-499e-5350-b0fe-8ff95b1f4f27,0,4.073118383051666e-12,0.6514591
48126dfe-7869-5520-a5ed-54aa093d39c4,0,0.201399394762569,0.59398985
1eb7118e-f935-5cf1-bf69-cfe69e325b23,0,3.3142696630729634e-06,0.20798646
ec19fe39-3500-528d-909b-4697f99450db,0,0.11734493974413988,0.26047948
cd6126f3-f71f-5525-b70b-c8a62f83457f,0,0.39065429990472106,0.41382545
125ce08a-05dd-5dd7-a210-af8a9ebe45e8,0,1.1113514381897014e-07,0.5757914
73010449-17e7-53fb-a154-f8abba4f1dd3,0,0.16169075063870558,0.4741646
5c6ffbae-5718-5a99-8ff5-e397a018c05d,1,0.3846876935153293,0.31148806
358285d1-ed59-55b9-8b29-2ad375024180,0,0.6053409060770589,0.16485436
a6b21bc6-9c6a-55d8-b2ed-4bb86fdf64dd,0,0.015344966826775563,0.14509612
b5b1ecfc-43a5-532b-9b36-283194b8f3c5,0,0.21874522139713728,0.24290518
e50cf6cb-6398-5456-86fb-e57ebb2e1284,0,0.08256108202443331,0.22817025
98b4f8a8-6442-58ce-8862-d9e4a5f44bc9,0,0.04940986586421706,0.15631676
ce20e076-90d4-5ec5-8669-e236fd500af9,0,0.4923085447961865,0.54708624
1f8dbdf8-c01e-5f17-a2d5-3c6d4fa5c434,0,0.6083848070847795,0.6026491
0eb0e6a5-933f-5380-b74f-3b67e5e12167,0,0.053950480148444134,0.1864499
603b6598-2560-5508-ad04-6a741f578a8d,0,0.09283843242538302,0.3416926
24898c93-7c49-52dc-a897-4e13169785bb,0,0.1852263378211283,0.20619595
7e2e4d2a-bb77-5479-bca5-89031a18ad78,0,0.39065429990472106,0.41382545
0c99faf4-ffb4-5a24-abc0-73cbb5a58b2e,0,0.05169402358962433,0.15577506
facc272b-d545-540d-8720-c118253529b1,0,0.053672239752000826,0.23350899
1654078e-5400-5e58-87cf-badcef336cf5,0,0.27881403438671776,0.21557128
bf456098-ed32-599f-8e76-1a056f381896,0,0.12028149548913757,0.21427283
8576b23d-79c6-523d-9d26-3849d308b469,0,0.04202398481865346,0.190334
d9f6cadd-c9ac-589d-8991-f308b7ffe4ca,0,0.05610975451965619,0.15753208
6b103c4a-1a21-56cd-b904-4d9fbdc24f19,0,0.011431756122733453,0.18917474
668671ef-f324-5819-b3c9-1f8d61320eb9,0,0.39065429990472106,0.41382545
0fd6bacb-2f9e-5259-bbd3-de64e1f84648,0,0.3425707508298429,0.37341443
da1d8dbb-7959-5580-ac8f-b56967b6f328,0,0.21704264400996087,0.23641264
24ca5eaf-4e5c-5bbc-9874-9d28737063b7,0,0.39065429990472106,0.41382545
cbef8ca0-d929-5d30-8a46-a36e9311d02d,0,0.032329290078652415,0.14131574
72c20d8c-3474-5d87-9e47-86e3b0452a39,0,0.21369457979421036,0.18134718
de46ae81-04a7-590e-bc97-e1d4b4d35d7c,0,0.39065429990472106,0.41382545
e92ab992-4f7d-510b-800a-4d24502cb93b,0,0.07373691868656373,0.15325974
f92b32d2-cbcb-52eb-abbf-0dbe3b27268b,0,0.10969158948529177,0.33400398
d2bff36e-8957-5a11-aafc-e9651f21796d,0,0.39065429990472106,0.41382545
c685177c-25aa-5264-855a-920995fc1086,0,0.39065429990472106,0.41382545
fc45205b-c42a-5f74-ab6c-1c395542c472,0,0.11910845483685835,0.20386088
bc5680e6-32d4-5200-a1c8-cdd88117aa05,0,0.39065429990472106,0.41382545
8cf112a9-2448-55d9-bd9b-27e3fdbbd703,0,0.39065429990472106,0.41382545
78770c3b-505c-56ca-8923-edd15a1b3430,0,0.39065429990472106,0.41382545
29ec0965-a5fa-5812-b344-06fda2277128,0,3.5371435225642564e-05,0.19083795
5f86e336-00e0-5156-89e7-56e17f9b4d33,0,0.2689355501524658,0.18990697
22803a67-dd37-5836-af8f-3406de003e27,0,0.44832130346284643,0.5474665
73d38a4b-1691-5d07-b383-35d595108a63,0,0.16779749819098852,0.1475529
46e50a6d-d148-50a2-a307-b1d57b5c7d9b,0,0.08438999434703834,0.32554722
ae63d450-f02a-56fb-a617-38cc5c21b22f,0,0.056622952379745184,0.22750066
c6f62a66-1586-5b0d-b283-44a9a7d8428d,0,0.09138113776612711,0.15503724
b584abc5-5d49-5fbe-b4df-0d13df74bb2e,0,0.39065429990472106,0.41382545
50bc156a-3f19-5a03-b3f5-071c4a4430c5,0,0.39065429990472106,0.41382545
af0ed2e5-585d-527d-84a4-e47266a2ddc6,0,0.39065429990472106,0.41382545
178478eb-2544-59f5-b691-2a815e78070b,0,0.39065429990472106,0.41382545
2f81767b-2627-5d6c-a9d9-603dc089d4db,0,0.017290426281542013,0.2439206
a230229a-84d0-5bfc-a3bb-83d9c022f82c,0,0.021343162457304058,0.21360852
19c73fe9-3e42-5e09-8254-5f50d1cd4a09,0,0.39065429990472106,0.41382545
d4ff03f9-5f07-5bfd-8cf2-99514dd6ddb6,0,0.39065429990472106,0.41382545
41e65fea-dbf5-57d1-b004-8c2541891cd4,0,0.39065429990472106,0.41382545
e0789aed-9260-50d9-99f4-2acafc2d73da,0,0.39065429990472106,0.41382545
bd7100e7-7bcd-5884-9c7b-7c83511ebab4,0,0.39065429990472106,0.41382545
6bf09412-4773-5131-97b6-dec8cf70986c,0,0.39065429990472106,0.41382545
bec72900-eb3f-5c4f-b593-4625b65992b0,0,0.39065429990472106,0.41382545
4c44a991-ad3b-5acc-be97-e8b9d3a3ad51,0,0.39065429990472106,0.41382545
eca2e7cb-6f24-5681-98ec-02c372e050ca,0,0.39065429990472106,0.41382545
b4b3c72b-481e-56be-8beb-7deda6db8120,0,0.5282907226986334,0.45047963
cd65087f-3240-5398-8cad-a23c2f85cf64,0,0.5799884071814426,0.4295054
c0dcb3db-b82c-5d26-b304-24d3bd69fe13,0,0.1925627100393832,0.22594486
098facdf-8cd2-52f7-8349-c450e2b9047b,0,0.1397054465814126,0.23683344
0b8fceb2-2633-5075-be12-cfd0c0a7c4aa,0,0.2683490467855319,0.1411351
c4264009-3467-5dbb-9b27-b8f5eaefab50,0,0.0542030954184605,0.29239416
75c3b9f9-c47a-59ba-937c-60ef4e5313da,0,0.3904600098513352,0.3048573
1f0a477a-27af-5af0-ac69-f0d4e5a152f6,0,0.01523822634055186,0.18917474
3ebcf86e-e79f-5756-96c4-73df28270cf7,0,0.16104588319876956,0.29536444
6c1d274b-40a5-5acf-9d64-d57402662807,0,0.8392834388336704,0.54747677
43c3b551-5ea3-58a1-bd19-c2fd057d12b4,1,0.6697074264311619,0.49027973
a6a9d92f-bd20-59dd-a72f-2ccb3763bd71,0,0.6497416267928782,0.24356611
9773d5d4-68e3-5699-bbad-c062d1f7839f,0,0.5477229750639498,0.4077173
412acb84-d220-5870-8d1d-717651c62687,0,0.6202616400668889,0.34059107
201f5096-6243-51d5-96ef-5125dc59ca62,0,0.14120365759595876,0.26626194
01f00804-843b-5fb4-b639-a343fa5fb208,0,0.0750650469758744,0.17093726
d55e38fa-2198-561a-9a52-9786bfe6060d,0,0.1302035189249425,0.20726213
d08a4bf9-a9f2-5080-9b49-5ac468b344ba,0,0.530260939787138,0.50082606
f674025e-27ee-5c42-b21b-9c62e8341005,0,0.02676676566957261,0.25785
5127c239-081d-57ca-99b5-20f3b5adea47,0,0.06480479411556139,0.18831702
2ac7b805-3e1b-566b-9324-746fdd6a232b,0,0.004380099665906254,0.4656422
ea6a13f2-bc2a-5a2e-a8bb-50ac5914092c,0,0.4313189313985476,0.21754362
bd89296c-d368-52bd-ba7e-b5fa56588331,0,0.2367059668860054,0.32039165
34ee5011-2eed-5dd0-8903-b91b05baeb2d,0,0.047624657865702844,0.1514582
3561b8aa-f26f-513b-a3e4-d028c0dfdf40,0,0.7804457748360165,0.5710158
b3dece3d-9e64-5c6d-9827-6772aafaa628,0,0.16111973166534918,0.17640468
a7744033-213a-5073-b4ba-19a33fc300ff,0,0.22348895909405278,0.27303246
5b24b992-af46-59c8-ab4f-c62172ea5484,0,0.008750423491528504,0.24481954
a524f7ff-8447-5b80-ac44-428e5e3be7e8,0,0.0005116014911794116,0.6537712
bc4bfb53-2b38-5b28-b7b6-932ee45b3349,0,0.22674655769845015,0.19745642
7c4514a8-dbcc-51e4-8e06-87368a27fd1a,0,0.11260788888055463,0.2240278
7b776400-c337-5aed-994e-ccafc2fd316d,0,0.10130036798095789,0.22320576
3f9106ae-99eb-56f8-972a-47b155c12618,0,0.050976747959961204,0.22092447
f3b5c36a-e3c0-5a52-b470-b90f4d0fd5db,0,0.39065429990472106,0.41382545
dc8177e0-3134-5294-9e67-6ea4db91232f,0,0.09371268635257046,0.19126125
f7480f18-e001-5151-859d-ee6b5c0b4b06,0,0.2574254645921481,0.28842247
7cb96119-9241-5ee6-b621-5ff23fd10a2c,0,0.9569188194754833,0.2159793
78efaed0-be2b-58b0-a8d8-55940ba1286d,0,0.26749095059209815,0.40227252
df3c50d1-72b9-555b-abf7-18f6520feb29,0,0.17183189002966137,0.16506802
dd9e31ea-7660-56cb-ad7c-f4ce903b4b58,0,0.42808308222257363,0.57554114
4dabbf7d-2e21-5f8c-a8d3-de57b1490351,0,0.32813713028221725,0.56357145
ebbd2da4-e7eb-5dff-ae12-fe35e49b4fa4,0,0.15306099181205596,0.1841858
799ac3ad-0dc0-5789-8eaf-273b6fa0c2f4,0,0.14247180158662714,0.18555965
072188a0-a6ab-5c98-90bb-437cafa80fa8,0,0.057144333472179995,0.28950477
13a7ce6e-8e3c-5e65-8789-707fbed3a744,0,0.12158501409115428,0.33397543
18051aa3-4533-5110-a4f1-04136b15119f,0,0.3048679126791801,0.5035646
1ee4e163-9173-5523-9807-c830392e55ba,0,0.0223221639065371,0.18826997
438c41ef-3922-5114-b6a3-31811c425587,0,0.3472328157743947,0.38093585
687a8144-9631-5367-8646-99001f864841,0,0.14522956639217763,0.19131908
42d642b2-c1f6-58ec-b201-2b76069791f3,0,0.2271751191701154,0.28165713
a7c96a71-d408-5f0f-a97f-78459f6817a9,0,0.40033078052577226,0.28562367
8a098289-8f9d-5510-bc84-7c77d5ab393f,0,0.11383885993779522,0.14387678
6e0f8f74-b9c8-592c-aa80-bce04f795c44,0,0.7233846833313915,0.3185318
7f868261-20bb-52c0-8b15-02ab97020355,0,0.12027950235162606,0.21427283
5256d1d0-11b8-5399-8ac7-3c6808600a46,0,0.4059652866136615,0.44575718
06d92bfb-dcc5-5191-9e72-50834cda850d,0,0.07765378661260838,0.16869994
da1fdf18-fff1-5c6b-be93-2bbac8a91e5f,0,0.12766253323152602,0.1616036
aca9abc7-bc58-5fb9-a4a4-8fcfc634fa16,0,0.3904828019921796,0.2780575
b2e350b0-dec0-5068-a91f-6acbdefc05cc,0,0.20283092893215687,0.18593436
0c116b93-1009-5500-ba15-3d0dba555d29,0,0.21815831535663885,0.30635908
af8f08ef-bee5-5ca1-b34b-e68f2dff06ef,0,0.44045696390057515,0.3377171
3edeb936-6b3d-5fcc-b0ca-d9342b87b5b2,0,0.049913034829737864,0.30585396
d6ff343b-06b6-5672-bd8c-519d4b373107,0,0.8267849808265012,0.6610246
93b40214-d6f6-5e5a-85ee-7b484da0c78d,0,0.04926414100397249,0.17088535
6ec56acb-6e31-5f49-82f0-6c8203256808,0,0.10822995959386172,0.51187503
57646b6c-4a3f-5fc6-87db-32e241bf6f67,0,2.3912302873489624e-08,0.5470521
c05eb1b5-9df8-50fc-bbd4-6d84931ede1d,0,0.6756001946900194,0.45407858
8a8b91f6-fbc9-56c1-82dc-3606dd4d7ee2,0,0.06338636036252839,0.19160478
7e658c68-1af9-5e9a-a437-e4a2d91ea408,0,0.16664624492996089,0.17807114
9661e3b4-6aeb-5111-a1e6-2138fc8cd414,0,0.2825807898906439,0.5681014
f22faa9d-6032-5ef4-991e-e84682d9f57d,0,0.33868075205685905,0.39271238
3eae4af7-04b5-539a-9063-7c8673c85544,0,0.34355232693149884,0.3118719
9c09c66e-210d-5b6c-b47f-c9f628fd5c61,0,8.904216503610873e-13,0.5029903
23f1ad7e-c883-5b05-81ef-be74bfbfeff9,0,0.009364084891970112,0.21967307
ab0d2d6e-d75f-50dd-8a53-8ff62f58495f,0,0.10410199665331775,0.18753743
92573892-0a15-5e9e-ac3e-7c83a1bfea70,0,0.03353106198297534,0.16572249
fb725075-49e9-5890-9a4b-70e107b04c68,0,0.007678341188021932,0.24866334
a0d5cf34-66fe-5432-9098-fa3ad0b871e9,0,0.18149407441823157,0.37922964
58096d6b-bb08-5284-9e2c-a86731af80ae,0,0.8682160214003457,0.5038976
88b92857-6457-5d7b-85e0-fe1594d091bb,0,0.6141361860362872,0.19646707
336ff253-1623-54eb-a610-b99b3e149624,0,0.04611789591070991,0.24117967
7b426af5-000c-5dca-8d8b-66250c48e87f,0,0.05944592082253811,0.15912364
40b8730d-cbb4-50ec-819f-e41a71d31c2a,0,0.060865185803548966,0.36856794
8c9d7e61-29dd-507a-944d-bf91b32241e2,0,0.0029196167580430497,0.3560093
4c0ac702-2bd7-50e0-bed1-f584a22f8039,0,0.019617218767262287,0.1933018
23260f9b-0211-5539-908e-c340b92632ed,0,0.8132733465277368,0.528895
3a906d2f-90f8-528e-8ccc-fd5dae2d4740,0,0.3676269201950429,0.37802228
6b3b0419-a174-56f8-971c-f79fe9f4a22b,0,1.7398390615269942e-15,0.58768106
6611ce45-62be-5c08-b8c9-ddb4840bf1ed,0,0.44013346166591133,0.54039323
20910ee6-a6ce-5e1f-aea8-3fa19aefef9c,0,0.36376958100907675,0.23829383
bdf81d4e-a9ed-5bc6-ac28-b960c92e9287,0,0.0020690006072862006,0.2698088
a82b4e2e-644d-53b4-be2c-4f0793887539,0,0.4611513701333182,0.3888947
b0a3c2d3-b09b-5336-873c-e76d327ed3d5,0,1.8716418147335244e-11,0.44513953
a1aad634-1271-5b41-a84e-ab80a36b19a2,0,0.05241478496021045,0.28899428
26eab535-4a5e-5baa-8334-b697b69c4c65,0,0.44297098293009785,0.4728636
d3377293-2c41-5aac-85b4-54e8f2a2b19a,0,0.14498061770625242,0.33680928
d0a5a2b3-43a3-524b-a0a3-8108d8ce7918,0,0.38411163789342506,0.5013824
8f33ba82-3d55-5925-be73-4dc6c4fda2a1,0,0.07839244996547565,0.19362424
9ed728b6-e780-5d73-a18d-68ea0b7db436,0,0.0736710668224442,0.16001046
f1c37b75-1961-5c30-9c8b-751212d6d4da,0,0.7515007831323007,0.38792804
95248680-4f77-5390-9868-8646902cb69b,0,0.025398118787258468,0.43827665
18b008f6-8c93-5bd3-9ed7-be2c34842e32,0,0.17920099041657792,0.37189955
2ae570ce-3fd2-5810-9f0f-587776fafaea,0,0.10923404412037531,0.17694868
06f1a309-3f0c-5bb2-b62b-4f1770b081a7,0,0.059413789647160486,0.21989346
8a92ee53-9bbb-56a9-8a99-2467e4563f7c,0,0.6776945721409591,0.40219012
73ebbcef-f028-55bd-a24f-fe246ba40330,0,1.5308770173794087e-06,0.56619966
9395b525-5759-51fa-b255-80c77b928aac,0,0.7269896885719599,0.19656622
3819f531-2d9e-50c1-9f1b-fba3fc665733,0,0.2805389858719753,0.30918354
e1ca7218-7d87-57a4-8862-bb08a908b228,0,0.19878486737778178,0.18538837
ecdb90b1-bbc5-56d8-9b0c-69c1d0f62bb2,0,0.007318001502020357,0.639819
ac65405f-4f85-5368-be6e-e6df887f6419,0,0.4049829726907511,0.23871045
a1d712b4-ce79-5adc-8c91-24e8db844d8c,0,0.3296153487905589,0.3264585
b9e27950-40a7-56b1-8008-427997b058fd,0,0.09911526778133316,0.20132199
4522ad99-8019-527f-b67a-b6a5701f8041,0,0.0900345492599313,0.16217992
2044fd68-916b-5d86-bb30-e79c0a27fcf9,0,0.044767255406531044,0.22292222
3b7bbc6e-aaaa-5a7e-8ab2-6cb7da21eda3,0,0.16830860685492982,0.24826935
786a0d00-8300-522e-a50e-a15b3059683a,0,0.08633460297143505,0.28117433
ac6559bf-e689-55d3-a994-f45cf8d2d2a6,0,0.39065429990472106,0.41382545
79833f94-24e2-5401-91de-8285f772ec5c,0,0.018877181251784562,0.28170642
12940ca0-1bdc-573e-b1d4-916a84ee43fb,0,0.4565801510810112,0.18990697
8a2ee71f-89d3-5536-8bf2-bf3bdc4d7271,0,0.21960391558452771,0.246775
6bf7abbc-8c8e-51bc-b6eb-216265a14f82,0,0.08372960006825196,0.14967616
115f7764-6688-5e04-ad1b-85947594f675,0,0.04381046579370744,0.19589911
50d72fa3-23a7-5e60-add7-3568bcbb94ba,0,0.4069935398226666,0.20567587
5a51ca67-4fc6-532d-8987-ac629a42ab1d,0,0.16645002403813366,0.16653596
0aea50d6-f0ee-5843-b962-c1fe34c7c07e,0,0.10737853073540564,0.18143839
977c677f-4115-56f4-801b-cde1e41eda64,0,0.00783914635865804,0.2553587
5f630df7-0291-568b-af6d-e5559fe6ef44,0,0.5840530747699009,0.42450488
182fa206-fcba-5e6d-b189-ccee85464ec6,0,0.9996174040747298,0.5151439
7b5f9697-abf7-563a-8276-3faaa871d28e,0,0.3377267251873687,0.29317415
9b3ddc04-f1ce-5cfd-ac86-6204e563330e,0,0.07057494722417727,0.2318084
cc4ea5e5-8dc2-5609-84be-a7dbee9d31ad,0,0.03760553647030045,0.15291765
e3c28901-0e0b-5666-920f-ab963b6e8d50,0,0.9012757304372181,0.58640265
9fa62f0c-1e76-596c-b558-397966db517a,0,0.6386524437916603,0.37114158
1c084621-9c79-526a-b20e-0ca7270216eb,0,0.03190141647299424,0.14525516
44c6eca9-a3df-548e-bd26-47cab070d58e,0,0.06845861861668816,0.18188885
31253390-ce7b-58be-9999-519626b5ee93,0,0.21638086961465602,0.20667098
46df1e3a-5d7c-5432-836f-12881aab8a41,0,0.1481755259800436,0.22852525
9ae0492a-e1e1-53f5-b5e9-b8eb61480109,0,0.013798741110673743,0.14463742
8c0b60a8-8adc-573b-bd12-0bd660f0a0d9,0,0.3299145421235184,0.20026378
6f32c60f-beb6-5693-bfad-10ef1ce56284,0,0.13610958701697218,0.27412748
c802653b-6f85-50fb-a7b3-4ba14998c690,0,0.40710723924441716,0.39109632
468b1ee6-bca9-55ac-a679-70d5885b6395,0,5.639969168113544e-06,0.31788903
8fa799dc-9c7b-5eaa-8283-315a3b65e20f,0,0.39065429990472106,0.41382545
8331f8f3-8411-5033-b0e3-3b6ebdfb69ea,0,0.23051292569705614,0.17263407
111bca48-19eb-552b-80e2-a906aeda256f,0,0.14495984305876655,0.18564972
4ade5589-b0de-57ee-a369-d7e680b4d413,0,0.22039738226018632,0.18568358
a4f0a60f-edf5-5bf2-a1ce-b24e5167dd2b,0,0.012349696077205536,0.14162627
0a799a5b-78cd-5831-bd98-974ebd27dfd4,0,0.03187437312836175,0.14525516
e3d1273a-8f6a-5ce5-90b7-7b9bed2bd822,0,0.13239897432354034,0.44204408
1e25ba4b-5b73-5523-9992-6fe5902b6e12,0,0.16312786486028627,0.16681376
7e7d0e60-cd2f-5c13-be01-8da7cd862a31,0,0.1690016570545113,0.1841858
8ebcaa2e-d3e9-541f-815d-0729fd05880b,0,0.24836735558639506,0.5635084
ad2b79dd-be14-5c14-84cf-9de693e39c2f,0,0.2204869699411896,0.35136577
3449a42a-4f66-5448-8d19-62898934e9fe,0,0.021329585212429013,0.13280886
9257a32b-eb1c-5712-b516-7e66209bc4cd,0,0.17140286518673492,0.17954618
121e7271-fef0-5eaf-ac27-8577b2f5d9c0,1,0.736178376040796,0.6213425
5cd7bafa-4bf2-5511-81b9-6dfe295eb177,0,0.01887420801078897,0.17235908
07652cbd-7278-5c13-8237-272057388df1,0,0.26823594833743214,0.18253209
5a30a929-024a-5862-bc45-d7da1f63f254,0,3.0550021860643713e-07,0.28290352
ac665e66-6843-50f2-b835-c6ca6a9ba545,0,0.03169607887652567,0.32765037
f6049aa2-3fdb-5c8a-a61e-782b9cc57b71,0,0.01766294913828578,0.1680666
a630ffd2-1ddd-5882-a339-d5235119455e,0,0.489913257084452,0.16768514
c8dbe97e-4be3-5f6b-a1b2-db2f65afc356,0,0.07693110719845993,0.266311
d7929637-3c9c-5e08-8b71-3f8c9c0312bb,0,0.06773684160932764,0.17163004
ddcd9c91-dd1c-59aa-aa8c-ee66a5b0418d,0,0.06171167814399385,0.21079646
f5098a69-ccb2-59eb-9865-90f0a3d0589d,0,8.118543197943124e-06,0.18917474
60604212-c26c-5c74-af58-9e3d1426c2ca,0,0.16774515751849284,0.1475529
d1161794-349a-568e-b0a3-0bf9402baa86,0,0.37189912118068275,0.5391058
42d462b9-8d63-5b02-a9e5-a1f50d98cb6c,0,0.8100674289236153,0.34148785
0f95f176-ef4a-5cd9-a16a-a1092c328b7e,0,0.19311361539087638,0.21263403
704f05c8-9182-5fa3-ad43-ff8016914891,0,0.03127292814120293,0.20909132
069f0c85-3672-54fe-8c52-e044532769e6,0,0.010873650176771997,0.36854404
644c8e81-be92-52c4-9b09-a6813a25c7d7,0,0.39065429990472106,0.41382545
742ddca2-574f-553a-b519-24c1fe77d5da,0,0.1762733065223601,0.25346678
b917451e-c2f6-5ae6-8bf4-a3f9c4fde3d1,0,0.0834579446493809,0.16094227
dd4810f9-e6dd-50bf-8ccb-773e2902e2d7,0,0.19767970077271718,0.16587846
426423ad-f1b4-5438-8c33-e1e82ce3462c,0,0.021255685492302296,0.29069167
09a0ca25-149a-5f3a-abbe-ab408ab27047,1,0.018067805627987387,0.14835252
8fe25791-7968-5e50-90dd-f63cd5e06701,0,0.39065429990472106,0.41382545
dd78e3dd-f5ea-59dc-87df-45bf84b8d038,0,0.39253740450428504,0.23952447
589b8d83-d3a1-5113-953e-ad5b9488c6b2,0,0.16646426351923704,0.16653596
7e06fadf-4388-5381-8db3-d57fc5a4685e,0,0.26003894069537464,0.291709
a5e07d61-e761-5749-9583-fc04066b5284,0,0.21731279273363013,0.30863473
927e4bf5-5412-54de-81e8-2230d6a7ceee,0,5.6735836778524005e-14,0.47564152
b2f633a7-c41a-57a5-be70-484b274be240,0,0.01987989362667639,0.24554032
a4ad3e76-ba6c-5393-a9b1-82d4843d3152,0,0.06819141927364909,0.18067735
9fd229f4-97bb-516b-b8c9-540d6e4fc018,0,0.4559434053829183,0.31324542
9de0d273-52b4-52c0-95c0-5cba473e6594,0,0.0024064560443361784,0.15347429
77e1131f-1f11-58db-b566-8618966cad82,0,0.15670599742146268,0.24457222
5b28f55d-7913-5329-a090-05dc3ea3939f,0,0.37549934383491507,0.22247443
0a8d5de6-c1e9-55c4-9c4e-0de6a1ddd082,0,0.6549263018618758,0.36493713
fccc1cc0-419b-599b-b165-940926b1b111,0,0.6880043858340129,0.25785
ca6d5d07-0df1-56ea-a35e-575fadbb2c5b,0,0.24852499614829363,0.20232508
1b3df744-455b-59e1-9fc8-48dac1f90287,0,0.3226363405179125,0.19623385
24a76923-c226-53ef-805f-692d73941fb0,0,0.887166979516896,0.43204153
da1551b2-0454-58a9-822d-05ef1db2dfe9,0,0.39065429990472106,0.41382545
9b4bd35d-e402-5c52-8ee2-8c9ea93b0614,0,0.07197934964843122,0.16777156
f91b72b9-cbb5-5189-843a-2754587b24e0,0,0.34098682285377524,0.6151702
e134b7ee-7fff-5867-8908-5a9a0c552ad0,0,0.34011779065873204,0.38421002
49263074-9e07-5f04-b61a-f70326e25705,0,0.3952954178317779,0.21967696
d640b628-1a72-53c9-9c63-cce8d6701319,0,0.2141829178734815,0.190182
3c7fbf95-c4c1-5cb9-b336-1acc57cbfd46,0,0.9521324083663861,0.6404699
5959cb2f-2ab7-5906-8857-26b60c137fdf,0,0.3905873501034679,0.27422267
75badc26-5354-5602-9a02-0d4ffed9f8be,0,0.39065429990472106,0.41382545
de9045cb-9402-5af0-b708-1ffaae1df9f4,0,0.0509397164976353,0.3783809
ed3472a0-6701-5911-b492-10301edab46c,0,0.03836997110680399,0.19789676
4cfd5117-af71-5370-a2b0-a7523808888c,0,0.009347920010348915,0.22516274
9ef44dec-db05-5cf0-8e2d-01386c0d5c19,0,0.3448786951924895,0.34475943
2291ba97-8e50-5ba7-b3e3-b7faf0e292c4,0,0.39065429990472106,0.41382545
6dde3d16-f66e-54c4-8138-20a18769e3b6,0,0.3668282424533338,0.24430303
f3bb892c-e90c-57bb-a4dc-5bddd9e388c8,0,0.03567589111225029,0.13146466
4e99d3db-4c40-5ddc-af7f-f6ae117762dd,0,0.16946653315999233,0.17885101
3de9d919-8f17-52a8-8cbd-bb1fa68a232c,0,0.02677168374852666,0.237091
6022d23d-faad-57ac-985a-c9caf2698206,0,0.031884367675484464,0.14525516
0c0d0aae-63aa-5c88-9a15-7ae0600ee7fd,0,0.39065429990472106,0.41382545
8d16bbc6-9396-52d7-9194-33913217716c,0,0.25875697456909696,0.43227467
e243d9de-bffb-5872-8d3a-01959481b82f,1,0.6821012364964054,0.6890659
43bf7ff9-0c1f-57a4-8f90-89475089e7b2,0,0.045902251539101435,0.50528675
43f5a16b-3e7f-5bd4-9784-1f5f6de67f91,0,0.39065429990472106,0.41382545
8e1389c5-82bf-52ab-a36c-b90b6e4281f5,0,0.08296313910761492,0.29314154
483956d7-23b6-56f7-bc85-4fe074b3bd28,0,0.151307839251345,0.3343393
b1c25369-df2f-5691-840e-fbf2673aa840,0,0.39065429990472106,0.41382545
ba613023-7f72-575d-b822-995b918891c2,0,0.22350720852546796,0.30522943
98a95d9c-f27c-5e05-a8a7-11bd738c5d59,0,0.1501874202355306,0.44440523
4590d174-f551-52bf-acd9-95f29eb707bd,0,0.39065429990472106,0.41382545
4ba1cb87-d0b2-5b32-a9f9-763d790e7362,0,0.07375154252358121,0.2104934
ae1ac5a2-0f06-5886-9fcf-2946d94a6ee3,0,0.12163592524060558,0.29862335
dfecbae8-44d1-50af-810d-b0836e47f7fe,0,0.39065429990472106,0.41382545
871c1e25-162a-50e3-bb79-64e0cf6bdf5b,0,0.018857731179653434,0.33278254
3be643d4-aa6b-5fc1-91d6-ba56227787ae,0,0.401098679814728,0.28562367
8daf578c-9781-5e6b-bcb2-e32f73a39fa0,0,0.14636094274548797,0.17219377
b6b76953-d16f-546a-8f09-8c3eaa708f81,0,0.23830307758422134,0.42291045
ec013dcc-c72a-5eb6-b6bf-99da274d2172,0,0.7601389947540147,0.54842216
c1c87d8e-35fe-5351-ba96-dde0187d8274,0,0.957507419890958,0.4864985
dfcd19cb-4638-578d-aab4-2c7a69545252,0,0.3912387832728533,0.23355892
6e04a530-2215-5d48-ad3a-7d8a6edb9952,0,0.4968871329457049,0.24715276
8dcced32-d110-510c-aff8-260063de88c9,0,0.34623785827944015,0.24644455
f9e8ed2b-e2fd-5c89-b85c-f6af61bd8e7a,0,0.06524716926161768,0.21707082
82db5b7a-352d-5553-bf6a-e562c5fcc715,0,0.9999999886974883,0.5569942
13367536-f003-56e2-bad3-436689558349,0,0.3244955837342705,0.211565
dad13d51-f5f0-59c8-ac7a-36721b848cf4,0,0.07683764404159364,0.16529159
21c06811-357d-5d0b-b1c4-8bd08ed4de68,0,0.8175885822916283,0.5142335
1c87cb96-02c9-5267-a710-e875ad06ac79,0,0.5033234639675233,0.3151312
9d402537-6fe0-56a5-84cb-6246edae032b,0,0.010824015774993706,0.17807114
4285b71b-63bb-5007-b374-88f70b22b9bb,0,0.11417889777892942,0.19363227
3d5f03de-292e-507f-a052-c486a9d67c07,0,0.6610907113664106,0.4765309
66479c5d-34f1-5d1b-a8e7-dcf45da0d6fd,0,0.39594088853683956,0.23946102
6ff68a67-d8c5-5b11-98a4-ff7970f3ceef,0,0.2141811370848542,0.24786815
b87a5929-f279-5d09-a17f-be2470fcb7d0,0,0.17439367014126353,0.1889042
ce6990ce-d55b-5d09-9607-a993eb1ccbd0,0,0.08549127254759513,0.14130114
0a6fa644-beac-5da9-a8e5-4fdfd85c2360,0,0.015165627687324207,0.17866963
d7b1b060-210c-5cb3-b4b0-d6193ca0a124,0,0.5652177063411752,0.5394995
8ad7062f-b4aa-53e3-a044-4a00ca97240b,0,0.35266284882113286,0.33361968
2a93ca93-15eb-5e91-aa42-096305567863,0,0.5677612790321126,0.50893897
b452557d-5f72-5d69-b26a-a7dab9ad2ff8,0,0.22118145698675304,0.2086043
0fd0567e-8211-5788-ab29-b19c5593e4b5,0,0.26757711362052805,0.15711436
f7d45de0-ef36-5c50-87a0-e5dd4e949aa2,0,0.5987466992759461,0.34146476
9e98f583-222c-5090-9bec-7e22a4560460,0,1.7636794266264936e-11,0.57432026
3289b857-00bf-5d05-82e4-1abf161d75d3,0,0.08736652566524432,0.1981057
b1457bbc-daa7-5a13-86b8-4d116a47ca51,0,0.39065429990472106,0.41382545
ffc50c09-1e91-53be-bd71-24dc8d759399,0,0.2571256635726955,0.37955138
3af38ab1-e20d-5e14-b145-0860b87fa3f0,0,0.39065429990472106,0.41382545
cc19d276-0bd1-5885-b267-26b2db2facf1,0,0.1044807174326221,0.22817025
7118df20-3470-5a57-a40b-f36f283c2461,0,0.7227402995538289,0.5478004
3d95d131-c1e0-59dc-aff0-d80cf2625c8b,0,0.2306552373281965,0.32405457
e2d0a971-9498-5bce-87c9-2a3fe3b1efcb,0,0.07073750319735424,0.18349785
5bff3698-711b-5872-9446-30004c2db523,0,0.39065429990472106,0.41382545
353fcd26-1cfd-531f-91ee-538b3d3a73e3,0,0.39065429990472106,0.41382545
7c6945fd-c637-51b5-80b5-316d87d5f3e2,0,0.004499782325214567,0.28438833
0b390982-2e33-5bbe-95e1-12e94dfe3e61,0,0.34431132894138894,0.43563297
273b0f2d-752c-59c6-abff-4358426ccc49,0,0.39318103577258595,0.23676616
789f2e3a-9499-58ca-9bd7-0e2f11c1f56a,0,0.39065429990472106,0.41382545
502c69f8-d7b1-580c-ab38-0e1bc18bd874,0,0.39065429990472106,0.41382545
e0b5950b-bcbc-518f-9a54-e5529857e611,0,0.7737925317101573,0.7196294
f331ab09-919f-5c5b-a5a4-84997d6f9ec0,1,0.43994917623506435,0.6228345
9d80ea33-6940-5fb0-b18f-d953a5c3e183,0,0.4625510839151533,0.45018652
36c81592-a85d-5d03-9a01-f1bb7a6cb692,0,0.39065429990472106,0.41382545
75ada73a-95ef-57bd-9cac-a492466281ee,0,0.17522104126250132,0.143659
e416e130-8f68-574c-8ce4-a4dbebaa54ee,0,0.20898987703642244,0.27960426
e327c381-777f-5783-bc9f-cc1d963bd393,0,0.01238864852943806,0.20407593
00074232-0c44-5ed9-bc73-ca3404656afe,0,0.16651309828451596,0.17148106
2b38c0d8-e50a-5c1b-b217-7bf716d44f01,0,0.1614713967679976,0.17176542
cdc8e626-220b-55a7-8683-84c856048911,0,0.16620958347442033,0.1889042
7d0c514a-99ee-522f-820f-99f0d6000ad9,0,0.39065429990472106,0.41382545
afca8811-519b-5fc6-9f98-e9d29d4f02f8,0,0.39065429990472106,0.41382545
cca695ac-0ffa-581f-8a3f-2209ea5e4c1c,0,0.0032420193957076126,0.16035554
d9273169-7fc0-5a5b-8e12-9f181e5803cf,0,0.2063964822053611,0.23503985
44edc10a-9ce3-5543-be60-1e977c03a671,0,0.054428737098653,0.22285353
15adbffe-ae40-5779-b09b-03217238107d,0,0.30774372699459646,0.28085503
4d1a6dbf-c367-5cc0-b8d3-ac2ae72571ac,0,0.06484519798205965,0.15811862
4fdec185-3ccf-5f07-8506-6aabb35c3d2e,0,0.03190161493487311,0.14525516
be20a965-2cfc-5b2c-9ca8-e04b9024a117,0,0.11696227088034782,0.21345101
9a6c2473-158e-5267-ba64-19d925316adc,0,0.0318996347323699,0.14525516
6befb3a3-5ae9-5cdd-9890-105f83ca969d,1,0.9628397772587494,0.73141325
690368ac-1f60-511a-a4ed-41648bf02f8c,0,0.39065429990472106,0.41382545
ad95beef-18b8-5f94-a2bf-f54552620da3,0,0.02713247750577835,0.2597426
efc8c5d8-01d2-5677-a6d6-9a0a32ea69ff,0,0.39065429990472106,0.41382545
76894100-ed97-517c-a329-a89b2265aef8,0,0.39065429990472106,0.41382545
314f8b7d-8e7f-5cad-a8c8-8f710cc18b6b,0,0.39065429990472106,0.41382545
ebc4f49f-7249-5ad6-a125-8b373be29348,0,0.39065429990472106,0.41382545
508a0ee3-d449-5dfd-8f37-9af22ef34715,0,0.39065429990472106,0.41382545
d21dd9ce-365c-55d9-9dd6-f0f75131d7ee,0,0.39065429990472106,0.41382545
615e5e85-a8a4-54ad-82d9-d70b5e9adf6b,0,0.39065429990472106,0.41382545
b89cfb3a-a674-533f-9c2e-e9dc7f63a578,0,0.39065429990472106,0.41382545
187a80b2-b9ad-5b75-8094-366d2efb1a9e,0,0.39065429990472106,0.41382545
04557782-0dfb-5cd7-8bb8-8a2e1cc67524,1,0.9951031804676223,0.6781879
2c7d09fd-ad77-56ee-8b54-114cc19e55f0,0,0.2069016503506703,0.4604903
fa83cd1e-4454-5c8c-bf78-6a909b594b21,0,0.991213894658215,0.3631381
409268a5-8cf7-57bd-8c60-db5aa878fe69,0,0.09683648491189002,0.224082
1ddffcbb-4278-566e-a164-6febecddd567,0,0.028383959798212736,0.25694427
1d6eeaff-1a51-5787-8dab-596190eb42bc,0,0.1071005284388584,0.1777816
ea76872a-d2dc-50bf-a9d0-8981ddd0e94d,0,0.5986920553554526,0.42236564
2736ffea-0484-560b-820b-dfac1908b619,0,0.15897600593163078,0.26837698
d1b19a20-4a25-56d2-a85b-1c974c3d11d9,0,0.7510066030453902,0.5824354
16784659-8f1d-5534-a86e-969e6c29fa0f,0,0.1994310976725049,0.36852106
a55c3e52-dd3d-5d62-8654-abf1401fa77a,0,0.0003777648035059762,0.1879663
e47a2287-edec-5023-becd-569359b4ecca,0,0.5736333194730429,0.38624445
8f122d5c-7880-5573-a6b5-4a2d79964ecd,0,0.4628549078755776,0.31279123
7f95ac85-0829-5ef2-9b64-2cc7c4356066,0,0.6350298754216641,0.24421257
c55df363-21e4-5b29-b21d-8845fed67633,0,0.06687359178898761,0.3067529
bac704ce-ff9e-5213-8154-e9cc503cd03f,0,0.3016907219442959,0.36032754
c6e7295a-99ad-50b8-93fd-e4289848a8b9,0,0.11105625229998438,0.22657824
c6b35d05-d9f9-535b-b9ef-8fa378610c45,0,8.72453796226443e-14,0.45291102
582be4ba-5d6c-5af2-9103-5e51cd61178c,0,0.2769182634210333,0.16413513
5223e8bb-2950-5980-9510-b56c9f82fb92,0,0.4611201967839197,0.46118122
340984ee-d392-57f7-92d2-6ea12402dc29,0,0.04501296120757848,0.22872235
4f1c10fc-60fc-5381-b206-05a289072bbe,0,0.6934284795848833,0.17079356
17099e81-d351-5f3d-9632-831fb6c7df3f,0,0.1368979053190433,0.17759953
dfb1ec95-562c-5d82-985f-7c3ad8a45b30,0,0.40199575405500887,0.24666126
aa39fad6-a91c-5574-992b-1335a6ebf81e,0,0.10442035811310041,0.21420825
7430ed14-a699-5121-81f3-90abc2ccf5a6,0,0.07749149472874854,0.2779559
469f7e43-c81f-54e2-accb-b8b8e94b351b,0,0.006384472976084186,0.26121184
fe72031a-3a2f-508c-8fa4-01e399943123,0,0.42241941776037994,0.41303292
03bfd52d-cc6b-5fb9-815e-45bb48c70507,0,0.09667357778168127,0.15039538
5b9ed23f-c573-5b76-b10e-3c2c2e707c2f,0,0.400394297549632,0.2150165
f1dd9abe-ce24-50cd-b9a2-a3ec7a5bc44e,0,0.3708091906477179,0.43337098
ead9dcc0-8d15-54ed-bc02-a0167cf23eb9,0,0.11181815471175878,0.16669461
a220dece-fa83-5917-a011-91aa6cbc7723,0,0.3810487309458999,0.5334348
5517ba09-399a-5ccd-9202-38ac5661f14c,0,0.11652585663561475,0.18143839
d7585f46-57a9-5831-91c9-be3b08bd4010,0,0.3017638708507084,0.58193755
ce216588-78cb-5cae-bc7d-cfc590c7f36d,0,0.4978741908056519,0.49624825
5bdea6cf-3077-582f-b809-758edcc90b4d,0,0.013510144809075865,0.33709237
ae53042b-a855-5bd1-8791-a12c78ad1837,0,0.6827497319438502,0.3885918
a7d83390-2b12-5d07-aa02-e4f0efed7bf2,0,0.043523234725681724,0.49876922
cc111aa0-4b1d-51fb-9fee-f2098d04975b,0,0.04659296645008514,0.25762495
a5918ed7-b208-51d2-be54-dd823cf14f57,0,0.08905956787934646,0.16217992
8c3d662b-484e-5ae8-896d-a9616bc78728,0,0.1514285012011239,0.2495789
cfea311b-30c0-5be6-b592-650e8e07f405,0,0.44619077954124575,0.16455258
8d734958-6480-5e71-a51d-94b48dfadb9d,0,0.20648963022406586,0.18593436
66d9b20a-3df3-5ea0-906d-bc52cb665fd9,0,0.166569346525814,0.17148106
a29aea1c-4a7a-5b2e-bb1c-aa02e48298f9,0,0.13547477495397756,0.19060509
925971f9-d971-57f0-b7b0-1d196863d60b,0,0.47478714540872097,0.17726913
3019a210-367a-51f4-9163-a3e63ce22443,0,0.1926521209688086,0.20170563
fac8731d-e683-5c54-abab-fcfc7ee694bb,0,0.17129906837182085,0.32576776
565890f0-949a-5ef4-ab98-e2f92e94368e,0,0.7226800502133587,0.49417332
0278b000-152f-5904-b4aa-ad4ee3c81fe6,0,0.2672539721593412,0.4049172
edb0b35f-db4b-51b9-b114-49507579a092,0,0.03950802422671572,0.14387678
f82e2fcb-749a-589c-bbbf-5289280cedab,0,0.058097784805437994,0.3001297
d540a041-f492-5636-b786-43e9626801a1,0,0.9996258511804381,0.460177
18e3a83a-2947-5c9d-b9b1-fe9fd4bfdab6,0,2.2662694679382123e-06,0.56535184
eabc7107-4488-5b97-bfd3-f63e471b1932,0,0.006558534011674043,0.16032359
0597fa37-76b9-5bca-b369-43b17407fd1e,0,0.03300290720838464,0.18115905
16c782b3-ccec-5012-b91a-42a2855e4c1d,0,0.17119046548600278,0.20626253
56efd61c-6325-53b2-8cc5-5e4a37a58091,0,0.5924190783678356,0.59393823
e077f026-6dc3-5c9f-ac03-8c82579719c9,0,0.20850944156930282,0.28264478
3f84b9a4-0cb1-525a-875c-d13d995bb43c,0,0.6570012537028538,0.34569037
265a677c-b4dc-5c69-8b82-e50a628c0c05,0,0.10362408962643431,0.18256143
a5d22160-443c-516b-aa74-f9eaf0105a48,0,2.196982527012465e-05,0.1911797
f07e7418-ad10-5c35-8c1a-6c138ebfaab9,0,8.101535941248443e-16,0.41319853
4f3955f7-d020-5262-8114-27c95cb26796,0,0.00259346919797922,0.1914645
3593053d-8044-53c9-b0f4-5b1505524d80,0,0.2626138533801158,0.35527638
b0488b17-0924-5713-9936-4e488d1b5399,0,2.858407642074705e-10,0.57081103
8fb7c164-4906-5032-bede-e8d58c09a204,0,0.5733090399135619,0.4297494
d9e2494c-da72-5bef-b95d-a8a6ae24ee9c,0,0.13399317710160744,0.46057323
de56580f-b93b-5676-8d3e-92ea6953d116,0,0.23820011174314068,0.30585396
4deb2e5b-797b-566c-a082-548f10f36f87,1,0.08070393416565606,0.3140594
d192b3e9-6212-5112-a5b9-f746c9796f23,0,0.014139366148036145,0.14092131
0c29c46e-5019-5df8-bfc1-ceb2c5791aa8,0,4.1177093737325794e-12,0.6535944
fef03064-a813-5445-bfcd-62f222813149,0,3.0692286259231993e-07,0.6287251
2a5ede78-903a-5c6a-942a-a6821dbbea8e,0,0.598460057532282,0.5215279
c8025d0a-22ca-5e5d-b1e2-a46a40ec7571,0,4.779324830663728e-07,0.26240137
e342a048-aea6-50fb-a46c-e1008d454489,0,0.3005510435255654,0.24840844
aa272838-8bc8-5efa-89d5-258643254056,0,0.21360562120969323,0.41939703
f43e60dc-0021-5fe1-acea-9f19e83d78b7,0,0.1390768823101566,0.2330475
15472476-259f-5ea2-9efe-aa98aa6e4ab6,0,0.17577271805575506,0.5160796
44eaa020-1f79-5f64-8419-34f4c783b48e,0,0.056896595879335946,0.27747226
675bd73a-3263-561d-be01-2d210e2579e1,0,0.7309838557387974,0.21434999
39c8087f-553f-5ef6-aa26-4f099790d44d,0,0.007897874760259858,0.28789467
85b31059-bca8-5d20-91c6-2eae134a842d,0,0.33488440808724157,0.19366282
a6e8bad1-0176-5193-b053-beb650d367e6,0,0.039038764914020974,0.19126597
be8d46f1-81de-566c-9e2f-840fd0e17772,0,0.182224090966517,0.35660854
b8b40128-fb58-5ebf-9f81-f0580048bd4a,0,0.37293874866725324,0.3119386
faf3cac3-44fb-5489-ba90-8d47224bdf09,0,0.2051861485816155,0.2380867
c53b8580-0d0c-54ef-8e82-fe4d12774411,0,0.7834913104217872,0.5563677
2030b12c-d503-563d-8c7c-fd2e96a8f0b7,0,0.004370819448839504,0.2641584
6ad8500d-13e6-520e-b94b-10a84573d009,0,0.039361226550712704,0.2563976
6f6d71db-92b2-588d-ba26-ce2ee43bfddf,0,0.2736542467655717,0.19194338
3e4492df-4e82-5936-aca5-ebc572a5e193,0,0.06594054370492237,0.18582237
f8f1c089-71e5-5aed-ab9d-9c416d0755cc,0,0.014775599205723371,0.15185153
783e43d4-cbf3-5eb3-99dc-630549b91713,0,0.35881658542435024,0.31567892
0fce735b-441b-51b2-85c9-51ad773a30e3,0,0.1879819698666727,0.19268288
07a2440f-acf5-50bc-b45b-24890d44b9c0,0,0.6555957768185375,0.5341984
86bf5225-2545-5bdf-92f6-79d1d3e9f99d,0,9.862169968601534e-06,0.32924986
0e536cd0-65e9-5202-93c1-63a5733d2cd9,0,0.16607386552603323,0.23777482
a3d7b0a9-715c-5911-89b8-26b81bd496e1,0,0.4334684876716392,0.5054314
7def676a-5785-54d5-8132-d31338f3e5cd,0,0.2099345232620758,0.28575057
ea0dd903-7f6f-5b9b-a59a-af508af7cfa9,0,0.0009948981708458597,0.22444984
51f5ce47-2550-5046-8866-c20329a3c55d,0,0.6814293631469418,0.45524034
aed4b8db-457a-5e27-b1d0-101a1bc0521f,0,0.6416262814505708,0.21299264
13fcde4e-bef9-5323-a829-502fb77dc379,0,0.549747023209109,0.1940539
16b414d3-6f90-521d-9a55-bbcb0286c58a,0,0.3722344858234054,0.279075
b3e729c2-9ab9-5c2a-ab0c-43281eb1ce16,0,0.04096589661331542,0.19301835
cbb6ffdc-4834-561f-8649-74fa6d879df5,0,0.09831351342675046,0.16917773
ad8fb243-a080-5975-a03c-202ef1aa7d7f,0,0.1825131061723578,0.22795744
e10adc0a-fd50-5015-99c6-46937f1b3983,0,0.10236323483427043,0.32213426
e15612bc-3c59-5e48-836e-680296e6dd38,0,0.34815222476260693,0.19854993
1d78fd5f-f519-5fb4-af0a-42c15dde6b0f,0,0.7456248874612477,0.35360584
6e79ff83-4405-5b21-a33f-1dd733aed51b,0,0.21098974956414593,0.29013243
9029cd7d-a355-59c6-838c-347df00d03fa,0,0.07378219816066146,0.29571
ca04225b-eb9f-53bd-a354-fa18da1a65ea,0,0.9426431349180382,0.35077947
691ea0d7-abe3-5660-b4b5-7ef09f4d9933,0,0.019904501220948598,0.17053014
86c12fbf-5be7-5b44-baad-0234c5a266ed,0,0.024542460293964508,0.17387085
eeace16c-d8c2-5953-a9f9-46b5e0d5c758,0,0.6830621643690253,0.40775293
a9e19b1a-a0e1-5222-8d4d-efb471e4785a,0,0.01639429500634089,0.14565964
65fea895-e29d-5819-a33c-b57b720ecd43,0,0.12748959174028182,0.16096948
8467b884-db76-53ad-9e5e-18584142e418,0,0.0055153611389158474,0.37741086
0e8e3842-1bc3-5a88-ae24-a4a4b6917dc4,0,0.882875621758001,0.5137534
31472a12-2771-5709-a1dc-fdc804b25dc4,0,0.3774910141913462,0.5013824
ed2f93ef-d676-59b8-bdac-fde3bbb127d7,0,0.5343674356926885,0.3929607
9568a407-3de6-5e25-bec2-6ae459cd0255,0,0.17442642082948265,0.40963188
403cf659-1c8e-5916-9407-6e5c6084aba5,0,0.11685943459534448,0.31941748
fdfdcef7-f3f3-5f23-86a6-b78163503537,0,0.06995239140163084,0.19197658
aba25ef7-362d-5558-b0c1-ab60e78a832b,0,0.2045334130591732,0.28950244
f88a3a63-d017-541e-b6cd-d089506b2e16,0,0.4661577355809431,0.60433155
fc53cfa9-f823-584d-91ac-a0df240f2f97,0,0.09895115561928826,0.16096467
165d25e2-f7db-5b97-bcf0-ceef3f95e1ad,0,0.873997767565092,0.18803106
0144cb2d-2d8c-5374-b385-cbcc974da65a,0,0.9150607240377165,0.3357111
85efcc9c-e85e-517b-be56-cdaedf7746bd,0,0.1468783825064273,0.2240278
091f1c33-0e60-566e-9049-8379827697b0,0,0.13880247901503223,0.44704652
7caef2b6-7ce0-520c-96b2-6c0ba7e21767,0,3.5392501935169395e-05,0.2778742
55cebf5c-daf1-5536-a1b6-f9868daf6835,0,0.1470905061907396,0.26345313
69058b43-0dbc-5ba4-bdcd-26ba67899df7,0,0.024510021984611444,0.13643281
e52cd746-4204-531e-ad87-9128509b2d9b,0,0.31042924232639924,0.16052124
20f5c199-c2eb-56a2-8d85-766949f48075,0,0.06966259324219125,0.18564972
bbcc4bf9-9e7d-52e9-88d9-0f029ba1f252,0,0.5522635841994313,0.29737675
9262f411-dbc0-542a-87d8-6ad2e7ce1d3c,0,0.42875248521892384,0.29446158
fd124435-65b0-5f5d-8cf5-3c5e2738886f,0,0.000816169775531839,0.2225081
32f226d7-cc96-5422-bcd1-28b151bdd9d1,0,0.3911366779273743,0.21996772
018092ca-4b24-5c49-b855-588a48beaf06,0,0.3604361131291539,0.17855795
efb27f66-4407-5a9c-9c43-3421c3059bf9,0,0.07821612999880884,0.23747167
8684df72-8feb-59fd-ab77-535eec852fe4,0,0.0135021924822669,0.17659086
809665a0-7129-54e8-bb87-295b0cba37c0,0,0.16421372473089943,0.32325074
cd8905cd-dc55-5c5f-ab02-0f44ec6a5833,0,0.20888669353529674,0.22641924
d1306618-a040-5d75-aa8b-03e465c00f58,0,0.04728229686193739,0.14571063
e354e14b-5e6b-53c8-81a8-af2e0419bc76,0,0.9994487297338134,0.5242856
912e06e5-f537-5135-87b2-ee4a04d23a04,0,0.7662644693831427,0.43810433
cd63e4f8-271e-5cac-92f8-9af3dd4d76b3,0,0.44284998213138227,0.1871756
6bcdf79c-cdcc-573e-8fb9-86a2c4d98d60,0,0.8508560742806115,0.59192103
e7999621-8ee1-5447-9680-e95e6dd53720,0,0.11962578721580977,0.21992782
750fbab2-d7dd-54c8-b0b1-ac1661e7a9fe,0,0.5431012031888552,0.4952959
437312aa-7227-5f14-baf9-1d9004702dce,0,0.19961352086718845,0.18266729
87e7acde-f464-5344-9780-6b93d53cfa3a,0,0.15254354335609566,0.30264968
536ad390-7026-5417-b87c-15fe17fc3be7,0,0.43397956441061625,0.2511302
e0837a52-5fc1-52a0-8e01-3388fede81f4,0,0.8923225513772599,0.639539
46c500f0-4d0e-5603-82cf-48aa6f4f3fd1,0,0.2518925623239677,0.21556237
2619074d-e50b-50f8-a1c7-824f193f08d3,0,2.0019183479435286e-06,0.41764098
ca7cd43c-81a7-567a-8127-aa44567938e3,1,0.999860629926671,0.691085
b4ac40a2-7e29-5762-8d35-16acef4bde33,0,0.24255485553284728,0.3747387
c6a418f5-f0c2-540f-80d8-e63842eff695,0,5.846114325003862e-17,0.53632057
b3241603-f622-51e1-8097-9de34e0cc522,0,0.28910207828842066,0.39244235
d79d5128-a68e-5c3c-948b-06af78bd7cca,0,0.012946970205364994,0.28711224
f4200d05-235a-51e5-994f-d4ae3b98ed85,0,0.22962031735313665,0.191034
86711ca2-611d-5497-b8ec-6559473b2cbd,0,0.7348181920870045,0.56028086
58c0a83f-de8c-5e40-be52-096f4ea04e55,0,0.30435406275777016,0.17885101
5993f620-5c8e-5f84-9e75-7df5585fd3ab,0,0.04143402122764067,0.14387678
03dedc49-2bdc-5338-9a7a-b15faef6893a,0,0.3722277228068398,0.19430734
71e692a9-e2e8-52f8-a193-751b27f8af20,0,0.5545160781591124,0.4952959
adf2ea0d-7016-5258-9497-6fde7004313a,0,0.723764720573385,0.38023868
97877670-9034-5f30-947c-18891ffe285b,0,0.11369267470742188,0.1866326
0d50ea48-4560-5ee6-a358-624a94e617c9,0,0.22730306604778552,0.24976853
54dc8143-3c12-5597-a1b4-816b74e331af,0,0.20640964383530772,0.19500665
a0f604ea-24b2-5425-b29c-d4d85d7151c0,0,0.03462170236547276,0.21516377
ea35e07a-816b-57ce-8865-94d6fb8f14fd,0,0.49862189856617145,0.3414515
c133b077-1c4c-5ecf-8ce1-4fd557a40656,0,0.10678063317727639,0.23826118
b725e4e1-7f05-5778-aae9-b8b7159e42aa,0,0.6430943257498191,0.39143598
c213d8f0-486a-5e7e-b84b-e70226c08209,0,0.0025904860743009793,0.2283495
3894aed5-e6ef-56a8-af98-644f02436db4,0,0.28486663972509624,0.17823207
f13282c6-2b94-5b5a-a9f8-0f884875f603,0,0.43138786404492174,0.47649026
3091b972-427b-549b-8b2e-a2ddf59f7adf,0,0.10111791357785448,0.3760105
b09e4808-86e0-5730-977b-32fb65aea061,0,0.10317052597966674,0.2333914
5c5176dd-5bf5-5a52-b75d-e640672e6e57,0,0.021819520300658587,0.3051593
1d2ed3ad-6631-578f-8160-7e98083b1157,0,0.060482323315871445,0.16169298
07123cab-558f-508e-b0ae-371f408f45dc,0,0.02324759613017769,0.21156931
c4cec757-5379-5e51-902a-9d23c2789f70,0,0.38801579927456264,0.24821563
85e94243-7b57-5053-a6a3-71f563539705,0,0.08590743630109897,0.23328418
e62d2125-dc4d-5252-83e4-33825124ac86,1,0.937167978278743,0.42684123
7dbb38aa-002b-5549-8338-b215eec01a58,0,0.11769710925523756,0.2759054
3b15fe3f-9cce-5462-aea2-66dc2d238d50,0,0.006529417303050623,0.29611954
935077d3-afa3-52a7-a8ac-535148fea622,0,0.03146015434732156,0.23041824
af748b1e-6987-5ba3-b8bf-ebdbfe8d6898,0,0.1499656290224522,0.20640643
2b191cf3-1b19-5e9c-940e-157dc83e62b7,0,0.0886074190052202,0.14346139
bce8b8d4-7e67-5333-af80-ba7c2768de56,0,0.997721887243815,0.80491614
1b040132-d1a5-523d-845a-1843d2f3cce3,0,0.07806756843095138,0.2420359
ebc92cbc-b40a-55d0-ac76-0152c6212abd,0,0.3016579949839941,0.16684546
9777c3b1-3b44-5fa8-a0ed-e6c8274f6c75,0,0.29229850792455864,0.1929844
47666e17-b552-5e18-b1ec-a6a08def122d,0,0.716158334234605,0.16786923
9e9b3571-d415-574c-b642-b83568700ae8,0,0.7428194690341156,0.46931902
4f493707-23ad-5cfa-8711-f59e9dee0769,0,0.13650648449430927,0.18267874
7c137a73-eb85-5036-b1f4-4d99dd67d5ac,0,0.13399527707932643,0.19002984
229d2ae3-0575-5120-874b-e2bcced3c0d0,0,0.07748329819964223,0.2779559
c4785dc7-00a8-56c0-864a-a81a2555eeb1,0,0.11935290138477561,0.3514765
8ff36bb9-85dd-5eff-8aa9-453d49cb2675,0,0.03599201202835677,0.20438571
15d3dc6a-1f34-5f3a-9fc1-06c7a8bb9785,0,0.21504345959333568,0.33073625
4774f721-8ff2-5141-8dac-0fd2d97c5943,0,0.028009804213115098,0.22280009
0e5298db-8534-5180-90d7-827fa94ba915,0,0.39065429990472106,0.41382545
745a5969-5365-5668-a3c3-9e83c1df98d3,0,0.2521249469987365,0.52274996
c633856a-6b64-5d3c-a6bd-ec7a8b889ff5,0,0.07982735736033546,0.22708583
aa534e8c-0b71-5685-9fa8-7ed3e571344f,0,0.1698952943902337,0.1475529
49e797a7-1ada-5838-9561-51f8bd45fffe,0,0.20090968161276573,0.18555965
befad560-40a6-542b-92f0-643984a646eb,0,0.16652728487471502,0.16653596
9e375077-1038-57b1-97f7-8f9e8e714f4a,0,0.21926711267278895,0.18253209
af76b5e7-36b5-5eae-9f27-59a95cf43fbf,0,0.29264747022194376,0.25785
1f8c7763-fc94-58fd-b4cf-10e81dbb5b36,0,0.6162882817334013,0.41942096
43f467fd-72f2-568b-8c09-0e6bed4c32ca,0,0.5636514708515878,0.20027867
8888f907-5e70-5ff4-81cb-04edd3db8c59,0,0.05006072773918076,0.28978932
24a3deb4-4ee8-53be-bb0f-68ac3a5ac8d3,0,0.05997900210656309,0.15904693
a7b59398-711b-59cf-9eb8-2cac41b55852,0,0.0940950711590863,0.33275098
661b47b1-85cb-5366-8bd5-813a762b0161,0,0.06814901848967647,0.5007307
791d3fcf-a817-554b-af14-84c0034974c1,0,0.2697793581526992,0.29260743
a12a1f4d-25c4-5947-bf3a-da91cd4ecf8e,0,0.1664947364533619,0.17148106
71a588f8-1602-5e60-bd77-81f415816562,0,0.05863195102442418,0.25252602
a5ad4efa-d315-5b9b-aaa6-973be4d8fb1f,0,0.11630315325891855,0.18857342
29592654-39f3-5d22-8aad-b0487297c59b,0,0.03190624766418653,0.15543437
23e4441e-85ac-5a5b-81e2-50070a90af05,0,0.14396632667482373,0.23777482
a4cbce7f-135a-517d-9e5f-298375d5bb03,0,4.7477594810838193e-07,0.57016677
be6aade2-c9aa-53c5-852a-65bddd8ce485,1,0.8857945112283974,0.67296314
1909a126-a877-584d-96ba-77ea485a0050,0,0.39065429990472106,0.41382545
54cc5276-e04f-5004-b6f1-25a746d48dd1,0,0.10210198716673641,0.18668546
6f11e062-1f82-5159-a81d-2e0c5aea184a,0,0.39065429990472106,0.41382545
efb024b4-6792-5598-b4cf-98a8a35bcc72,0,0.035857873985768896,0.18591742
66c503e1-9c42-5606-8aad-36a74758d72b,0,0.21488509912770093,0.23641264
f5a2dfb5-d33a-5145-a84b-ff46df6ceea2,0,0.027226215691222546,0.19368081
165da27e-4347-51bd-b0dc-2650f0c97862,0,0.44373147904601723,0.20128618
16c02400-6edb-57eb-a0bb-37df3e566e3a,0,0.39065429990472106,0.41382545
d39aafe8-d849-5b5a-bcc0-017cd6a30f85,0,0.0935932132706602,0.20424013
449b3781-ca7f-5b5f-957b-620c6671d2a7,0,0.023302008959647777,0.5118301
de391e24-931f-53a0-a635-7b967b5baf27,0,0.16522136438286675,0.17800957
93c3bc3d-e70b-5d60-b470-da23564adf4b,0,0.41509694028033783,0.2335459
11929502-c50c-5a92-a1d1-d719ffe7304a,0,0.03047365707832562,0.19404587
dd04fe01-fbf1-5ce3-995f-19674cd3a582,0,0.39065429990472106,0.41382545
bbf62ffd-aec7-5a17-83e0-ab1faf92e8a8,0,0.39065429990472106,0.41382545
4ac298ae-8c36-5ba3-9d6a-3569303c4a71,0,0.39454674323990085,0.26373348
6bd83ac7-1c97-5228-83d2-234157558e30,0,0.21999557859859106,0.24853773
351182a2-f921-5b88-ab1a-6f9fcfb75fdc,0,0.39065429990472106,0.41382545
e598e47c-37e6-583c-a9c6-3354881766ea,0,0.39065429990472106,0.41382545
a14f2ff4-48e9-5900-9864-d76ba08ed96f,0,0.39065429990472106,0.41382545
592548c6-095c-5b91-ad8e-5ce54c5bfe80,0,0.39065429990472106,0.41382545
9e09510b-7b52-54aa-acf7-b11de07a2703,0,0.15937085662670317,0.27227405
b3e73fa5-7a03-5b33-a742-44d353f9e351,0,0.39065429990472106,0.41382545
85fe97c1-bff2-5dad-a41c-7e9cf7a98e64,0,0.39065429990472106,0.41382545
870e1922-82dd-58f7-a9c0-0dac170ea38a,0,0.3597487633910231,0.37517613
cfd621e9-a8e7-5254-aa42-2a3c2f5245c8,0,0.1893826366288239,0.19286917
39e9fbe1-ebd6-5aea-9dba-a1c1cbeeeeed,0,0.3674069378378241,0.3476292
1e372573-b046-55c9-b474-2dd7ed8bccc3,0,0.22303018828756133,0.45508325
8b45c6f5-4b59-5862-8561-2be6822f4395,0,0.20758543358382095,0.22760406
33fc50d9-efe5-5e3d-9879-ca5ddb25c3ef,0,0.079433971359844,0.19080645
988469aa-61df-5bfc-a6ae-7d44ade040fd,0,0.1396244869438794,0.20424013
67b8a38c-8e37-51c9-95ae-d129dbf7491a,0,0.14768477259566384,0.45676103
e203df4b-8315-5e1b-b5db-bf6f392f1deb,0,0.05829747145497372,0.19046417
162eb08d-7dff-58e3-b83b-8c4f1104ffeb,0,0.3872844453967396,0.18363169
98d1bc64-f3bb-5770-94a3-4bfcd1198d74,0,0.035256132925056215,0.24439414
ecffce15-fe8f-5ffb-aed4-79bd23a6c219,0,0.08110298730013098,0.20957127
037f6a14-61a8-5cd8-bd6d-8232e6feaf23,0,0.30553981087750826,0.46526217
756e9580-d9d3-522b-975b-485cd3e5a16c,0,0.030519019390497667,0.35489336
efecff01-d1e3-5d77-afda-31c9dfcb9263,0,0.009845730309212096,0.45543504
367beef0-d3bb-510b-b89d-d66d315b48c9,0,0.04572499703840475,0.17513631
fb55f704-1d69-5433-bddc-32331059b3e0,0,0.11855749487935001,0.2529341
df4b3fd0-8b11-516c-ba4f-fe0345ad5b10,0,0.053133873425825234,0.20212902
9dc9551d-567a-52c6-8fa3-1bfd98cbf56c,0,0.08180090166118255,0.18992312
b9462b44-546a-5637-94cc-3dfb4347a5f8,0,0.6194370360766984,0.29847425
567ad8ef-3d97-5b78-a338-54023ce36217,0,0.03571892772769284,0.23611014
6b2aa777-e622-5656-84d2-9ac3c342d635,0,0.44269552372305465,0.2832475
fc23154e-5aa4-503b-b3eb-722ce0916ee2,0,0.3599930654208593,0.60433155
08342d27-bbbb-5565-9207-128a05368203,0,0.055423326522906526,0.16853055
34c7311e-9d36-5921-9afc-f669ce51b682,0,0.2957585202100142,0.17866963
0b21162f-eeb4-55ee-b11b-fc414ac05cd8,0,0.2372358944975748,0.17447501
3cbdf25b-9871-5872-8525-8d1ce63a196d,0,0.5884268007450488,0.34038275
f2634fd1-7f3d-5283-87b8-c090622a9647,0,0.023147950762025374,0.17915228
d2fe0662-d414-5bee-9777-ff2bdcfd824d,0,0.5173744549813358,0.387629
8ac0c0fe-2afc-51dc-9b4a-b47820c5129e,0,0.05994738988362848,0.18840435
3df5370e-b9d6-53a3-8cbc-a37db6520b83,0,0.3132060214104558,0.27016172
6a95e0ca-5a61-5693-b28a-c9d0c7217bcf,0,0.11806860475237903,0.15787077
c3628724-4cd2-5592-9081-416ffca2d898,0,0.1843207333320709,0.18118483
41ff8152-4ba9-5f3e-8f6f-e491aa71bf5f,0,0.20116899741848226,0.27060714
db9527e9-6704-5d17-91f7-b26bad5d1f0d,0,0.22858242704905768,0.41292462
e63f3b55-e823-58f3-a869-666de8133ee6,0,0.28201103352485607,0.21605541
141e0be7-6033-5e18-b1aa-9bdfef1b91a6,0,0.10003291277077742,0.21497914
3320f0e1-260e-567b-8179-065bc2cd8a00,0,0.39065429990472106,0.41382545
0d4b4d55-571e-5113-8a26-d27b3417bf55,0,0.20708415141567071,0.40490898
ae538dcb-1bc3-5a89-ace0-be44642cc1ec,0,0.022320548780047914,0.20985794
287b283a-b0a6-5b22-be87-9ae2c312ac9d,0,0.33036716943606714,0.22280009
03d20b20-b405-537c-92fa-5a4656e9666b,0,0.43766729732636667,0.20844743
bf10035b-e5b1-5b33-99ad-3a762f77084e,0,0.07540057966099825,0.35111764
d64e49ae-adfd-5c4a-b17f-d5cbf799e749,0,0.23390587457540699,0.24741268
9eba6bb7-6988-5820-adcd-d9380a97e5ab,1,0.31699262168707826,0.5582941
c9327903-330c-5f70-8b04-68f43a19976b,0,0.3147224696618719,0.37634197
2847753b-a88f-5e18-91a4-4ee8e543803a,0,0.1430243866577884,0.14329273
ded4f683-3186-52b9-b81f-840e23e7105b,0,0.17846329709583708,0.37814546
a62aa76c-2d63-5144-a8c1-8b5c69a9ebe0,0,0.04242701531870676,0.22885388
b7e5dd52-cc25-5713-a0f2-64047ff85901,0,0.8356081469251627,0.47246587
2fd4d682-50b0-5696-9493-ecd9e1574d24,0,1.602591463414561e-05,0.27884087
a15da078-a7ad-53f6-9ec5-4024db43bc2d,0,0.26901153975862785,0.5372755
5e7ced37-3153-5295-b99b-e5e399712dca,1,0.9294524626396597,0.75170517
2abd2469-53dc-53c1-a568-a9884a3bbe0b,0,0.25963861138749567,0.44060096
94fbd249-aaba-5288-ad0f-24ad02730b9b,0,0.9591300025243212,0.33194238
67cf8dc8-f3f1-5114-814a-447e406e85ad,0,1.052209523955825e-10,0.63024276
62f7f372-cbb7-5339-bfd2-907c275e6c62,0,0.05925087324834194,0.25707152
e1082f3d-955f-56e8-bcec-ad51b6e68860,0,0.9192000808240038,0.40394074
8244e6e3-f4fc-5864-946c-d0060f0e577a,0,0.36878917717368526,0.22984387
842d108b-0338-5e57-83b6-ae55454bcb5e,0,0.35698820577813367,0.52741784
63f0b8bd-3cd4-595a-a81e-09a37f4177ee,0,0.1543155253376303,0.3533154
e9a0da0b-ead1-5073-8079-1ea26af1794c,0,0.7426053359579423,0.4470143
676d20d5-7b4f-5b9d-94bc-4bf7a4de2b98,0,4.481888350252527e-09,0.51556164
7cbc6759-e0f1-5398-9759-41ff5b119f2f,0,0.00021104302368609175,0.38207576
008d245b-2ebc-5bb8-b531-d422d0cd27a8,0,0.722364331396834,0.23953195
b7cce93c-6b08-544f-88ba-a6153f8d5252,0,0.12648955501565556,0.17206424
c5a572d7-46a1-5159-9b13-de9d305bff54,0,0.1995958269950718,0.17139596
034e9992-7c44-56e8-ac28-27905088991a,0,0.1746951058813611,0.26900053
f3e88e21-b4db-58f9-9e17-f416334540db,0,0.37027290258993417,0.5127296
615ba750-e05d-58a1-bd4f-178ce9509d5d,0,0.3514619586586614,0.23285787
ea72f0b1-3606-52db-bf02-d2fe74e2c111,0,0.43443022048083596,0.4062022
28f2a485-5ef2-5140-be20-25070cc2bc66,0,0.4782599234781581,0.47649026
d4f19463-375f-5acd-8232-10818f410d01,0,0.4128901773765113,0.39532533
e371f509-c1fe-5d19-a071-b4ede8af91a2,0,0.016825574776719775,0.23367591
6abe9330-baa7-5f17-be90-f7daf57f7bbc,0,0.10716805337078034,0.1749293
c51d0360-e075-58a0-a7a2-7b354214f568,0,0.12865203973276648,0.2981728
3e0f0db6-02fd-5a11-8113-cc1480815fcd,0,0.11300337751650104,0.14313726
0031bcda-244d-522e-bedb-e2f3f83b391e,0,2.3676954899963435e-11,0.641293
dd8fd1a8-7b47-5589-a646-34f56801c459,0,0.5387097684770544,0.51714927
dbb7bb26-a165-535a-bbf7-e5f44d7e76b1,0,0.008578674661177958,0.16758956
5828e0d2-131b-59e7-86e5-f85631ba3911,0,0.37166968054440985,0.2397478
4fd2d0dc-6fb8-5d1c-a18b-6e316d064b96,0,0.28128117930093427,0.20228405
e0756c76-d385-508d-867e-341763eac66b,0,0.006519580934507411,0.3171373
8d0825d3-8e2b-507e-9cf7-eba498963c76,0,0.4917362079962055,0.26210776
96c6aeb1-78e8-5cf9-aee3-6e27e7db16d9,0,0.14390052206646528,0.24957992
85175e08-04b5-5dea-b71e-874f91a4e156,0,0.07109924641617231,0.7098468
7947c5a9-146b-586a-86af-302c2119a483,0,0.12621211359383838,0.22724108
32ac9fb4-b4f8-55f1-ba75-55b18e7fc257,0,0.3500692572481555,0.39318582
40884e4f-e0ef-5b12-b2c0-1c1f83cfe8a7,0,0.20826753022359024,0.23520194
cd23a561-44be-52c4-825a-f081d96329dd,0,0.1012959705806322,0.26287535
2e61a09f-784f-5d6e-b97d-247d3ce8b882,0,0.01193030108921629,0.18316674
ac31ed3f-d0ce-57a2-a5ea-d7bf2a5fac60,0,0.07428465290207423,0.23368539
e0a58f0e-604d-5981-aaac-95a7fd5f36b5,0,0.1997900504282134,0.20481183
48e3f5d8-9411-566e-8f56-679f0759f131,0,0.8171780377918523,0.3654872
b45baa56-c11a-5fd8-b8bc-739421612433,0,0.05768318804904755,0.27443457
2fc0a567-07ae-5b84-bf45-9a1bb64981e4,0,0.3161931206462041,0.19713312
f2e6ef6f-4ea0-5cd3-b73e-ef813d24f52a,0,0.02507044569430029,0.20138402
0e2e3510-4f6c-5ed5-8bb5-c8fc98d5d035,0,0.07726031246592989,0.3140594
eec8fd6f-b6a9-5340-813c-148762629a72,0,0.21747313633253657,0.37826413
597761e9-96a9-5eb9-911d-6c3f0e1baad5,0,0.296637889754786,0.37611055
fd086d65-db2e-584d-b9d6-4ff583615cd0,0,0.4740800750661527,0.44558036
be60fdcb-6d1e-5ee8-84da-7b7a48710ce7,0,0.2749783630421649,0.33506173
84f5f7e6-4c30-5c70-ae13-e572c355d65e,0,0.3558064622029368,0.17892727
6d76081e-b5a7-5769-a662-21452dd9e7fd,0,0.09864766755205646,0.29623893
2c74e81b-84c3-5150-8a71-34ef4983497d,0,0.28480215738427195,0.1939331
db66ca56-113a-569c-bf9f-1a90c6dc1df1,0,0.22374248455519266,0.31297228
4ccac5fb-07f6-5006-b875-4898bb4452ef,0,0.06016162974565679,0.18367633
57386e94-74da-59b4-9d3a-f36c2ccd0646,0,0.3061891759454363,0.19656907
7d9fb806-9ffc-552d-aeae-ceb661eddd23,0,0.005375112800488445,0.20895544
00d6b4b8-7314-526c-a464-2c098b18e1c7,0,0.5425525906746163,0.2131141
a1180c49-f3b7-5ab8-940b-fc9c992ad8ee,0,1.5857525642790273e-11,0.6482451
4b20a38e-f748-527f-a4f2-36a752d52865,0,0.7896547023068603,0.20899113
91020148-cf8b-54dc-b1c0-575db21144cf,0,0.10752788830666324,0.17885101
1f23a48f-08bd-57fc-b41c-34cca0096252,0,0.20959180571659303,0.24969849
b925d78e-6e2e-5461-945a-b4474633eded,1,8.364071878035421e-09,0.31862372
3b7cbe3b-f347-5d56-a09d-e3501e9ecc11,0,0.397878668232701,0.4653131
983f431f-52df-5d92-ac58-7539737225c3,0,0.06006055864015746,0.3189128
5d5b52f4-ae63-5908-8a0c-d3099e4bbb95,0,7.389026018765373e-06,0.5147101
090746e1-9906-5f1b-9b8d-9b3b7b20d23a,0,0.185167030739326,0.22709668
ca2a00c8-5520-5dd3-9f08-ba98dfe5b988,0,0.03853735908975191,0.19264032
7a149610-492b-5e3e-a53a-87dd93c04100,0,0.1340613609491204,0.25011426
4d8c6743-2191-537a-a16d-5deba300d2fe,0,0.21383507309392819,0.29544684
cdeef302-879e-5b70-8821-fa515dd83473,0,0.11030701356601672,0.23497133
32b61676-eba7-5ef7-9c79-29ea3aa3a5ee,0,0.22682161016915278,0.3313053
16d90e71-0694-57bb-a3f7-b66c30a2fb31,0,0.06495217862801975,0.45104048
d42489f0-b637-5bec-94ac-1d21531586fd,0,0.08169897902923764,0.17728163
e9696771-5efa-57e0-8929-db52ed11ba5a,0,0.12888920402862633,0.16096948
34308688-185a-57ed-94e5-4e924160b3b8,0,0.006180138952906296,0.20203292
1959c40d-fdc1-5cf3-8957-4db84c9bebd3,0,0.11919192981408351,0.17625219
87e811b5-951f-5cad-a775-8c45430c11b1,0,0.6213188378348874,0.48632464
c50edc08-84d3-5bdd-bb1a-26687843bf7a,0,0.2340541142219507,0.33756152
c6252d1f-105f-5455-a615-3979e91e4e59,0,0.31909421962854584,0.21245149
fcb76ddd-eb04-55b8-abc0-dfb63404a816,0,0.22191253892697477,0.27572927
c29a00c2-a83b-5afe-a910-5658e0444796,0,0.8298741867554728,0.22671387
f0fc5573-6e26-5ab9-8e3d-1e4fcc5c4736,0,6.644560333846235e-14,0.6789587
7c508742-9a76-5eb0-b4a0-39253d0856ba,0,0.679084659679867,0.46066236
ed517b08-4f30-516f-8eeb-17ba3329d043,0,0.36655964843633143,0.23554523
39eefcd1-577d-5ea2-b077-8b188786de94,0,0.08972870990111177,0.19157118
098f4436-43f0-57eb-8328-c50ccfb89db1,0,0.12693065959063318,0.45518026
643f7bc1-0395-5983-a89f-d9820d5f075c,0,0.22344194439227041,0.46988112
2e3c89a4-6f84-59b8-99eb-20466972a15f,0,0.0004799897399495706,0.36987296
420f90b8-ec34-52ec-9665-abf65fa82057,0,0.04502744968247177,0.2666666
da1e3023-d96a-5e40-bc56-688e3ef551da,0,0.7620028510705698,0.6463069
17850ed9-95cf-507d-b16d-1ba8369d65dd,0,0.6864865218538799,0.45479164
eefbad6e-ebbd-5341-868c-17f6c12a8086,0,0.19444754641771955,0.30688757
8db00cc6-80e6-5964-b9ef-0afc8fe6e85a,0,0.39065429990472106,0.41382545
5aac1a95-b542-597e-8a3b-79bcec209ef5,0,0.3255843784557235,0.2775569
83575aec-e80b-5c2e-8ddc-3115b6363dfc,0,0.1397779070326608,0.18436715
32070f9f-862c-5ce2-a6a9-4ab4d6ea3ba9,0,0.004049361678593849,0.42661533
8df50427-3aad-520d-b74e-a6720c5f98af,1,0.9998102571961791,0.77179617
821a2dac-dffa-5c7b-80dd-bd47c24243b1,0,0.26718569952605603,0.4484313
8ee75b64-f9cc-533d-b923-9c4b24677597,0,0.037611305466147105,0.189342
f1d149e4-9b4f-54b7-8c8b-2cd266e7e55a,0,0.5805446072524518,0.34549788
4b542f28-1727-5596-87f4-ccc3ff620104,0,0.9090655193785898,0.29669648
92ca1a5e-a005-5569-88ba-ea96c14ea602,0,0.2651670687887331,0.4708842
223d04fd-862d-5bd0-8c73-79361e93d640,0,0.0003568904135418773,0.31639096
77ef6207-6312-5b1f-b11a-531d6f7d8de2,0,0.3455126902746317,0.22984387
f07e35c5-855a-534a-979c-dd95d393e2cc,0,0.9695437566140279,0.17005754
e1040709-98d4-5ff5-81dd-5358952a165c,0,0.38845413694589154,0.22041911
1ef84ff0-bdbe-582b-83b4-d003ab37d95e,0,0.028636318742004657,0.3521226
3aa74305-a75d-562e-bba1-66c25c63b856,0,5.348503412217055e-07,0.17408934
a4b3cfe1-022f-5d9f-8767-03d5e6b77070,0,0.10675751041416144,0.624058
05899ca9-b39d-58dd-98e7-d320a454de18,0,0.17309140448202506,0.44840455
3f5c93c0-57f1-5b48-9777-6d92a3742a95,0,0.15700505864417605,0.22869237
bd96991f-dbf5-5628-98da-d9fcce4c5d62,0,0.7418471436526202,0.40221503
b5c731c1-0fd3-55c0-909e-4bb5d96a61d9,0,0.11428880502513723,0.41095138
c3c00ae9-0629-5b67-9826-9b4b845b46a4,0,0.10712807565566346,0.41463155
fa500645-5a49-5936-9ae7-5e295cf8c37c,0,0.08050380301042116,0.3290297
e1c47317-1645-5679-9ff1-a46079aa1261,0,0.22144506958778512,0.21163422
b3f9f282-797c-5232-a3f3-9b0328f9cf90,0,0.0839589321772587,0.29870132
3954f001-3303-5574-871d-6f47811c155f,0,0.5454429704852518,0.2156612
7551c1a5-ef9f-5476-bf12-dd787bbf3603,0,0.13799632319551952,0.35292864
9137de09-4ecf-5a39-90aa-7eea98b1967b,0,0.08999960192744033,0.17720495
bfe34fa7-139a-54d6-a41f-6cfde671f19a,0,0.2754788422161309,0.19707333
0a8a9bce-89cc-5164-a802-6f253117c021,0,0.424450035023615,0.3406054
aae5ad1d-36ed-56ff-b5ec-47c127bd7d29,0,0.28474047180463785,0.17823207
8c63275d-c676-51c9-bf1b-20bf1666a03b,0,0.18035939779147536,0.28370157
8c6d50fd-2d09-51c1-ae3b-002a3575f1a5,0,0.39065429990472106,0.41382545
dd384ca9-e676-54ff-9f01-b255e77b7739,0,0.08969937532954994,0.14030813
a364e9c1-675f-536e-bee8-fe31d80d816d,0,0.3524310835696512,0.46701717
f7a6afdd-f50c-5eaa-8c78-f4cf8ec73379,0,0.08050623836983349,0.18634199
2454be83-8262-5497-b9ba-bde89bde8bf6,0,0.1176708317039528,0.30875352
aece7044-19e2-5436-b89c-2ab790f1ae5f,0,0.43884937297913346,0.21053283
01cd1c1a-9d1a-54e2-8aa5-1c6584bf0156,0,0.09880678278182511,0.18585509
d7f4c953-8006-5eb2-873e-b1b54c78b8a4,0,0.07131169417974248,0.17769623
6230fbaa-3146-536b-a52f-6f98c8663ed0,0,0.8211405869285853,0.20466617
469026ec-b9ee-5fa3-8923-e324e0a0f0e0,0,0.16831195535033033,0.17148106
17496247-3ce6-580d-991f-1b888d34185e,0,0.09955994464352123,0.18482488
632b7184-47a3-5a67-8f5a-8748bba6e256,0,0.39065429990472106,0.41382545
55a4545d-ebc6-5a8f-96e2-93c534949359,0,0.16891244221425045,0.2844977
50ba582b-94c2-5de6-bbe0-a9ced14b2fc3,0,0.19065526901759072,0.26024178
8467d2b3-3b92-5d61-a3bf-4aa4d7947bd8,0,0.2024222697310698,0.20938802
406726a9-2efe-5ea7-95c9-3ab53a8d740d,0,0.3581172093766571,0.54808384
1a170ae8-3665-5507-86ff-f94fa4c9d5de,0,0.055656721028896995,0.19340278
46f29642-7403-5546-af9d-f900f1f154c2,0,0.269558193353264,0.1966615
ab795181-541e-5c79-9f28-068520b0db6c,0,0.16658774066209528,0.16213584
6cad0c2c-06c6-5f86-aeed-14defe39b8d9,0,0.07038909390480523,0.20144987
7d9c4171-a169-51ee-bc95-56fcb827a733,0,0.9926822025803403,0.5273066
6efbb2c9-fb91-5a73-bfcb-41c96154fe86,0,0.010964702993553198,0.22546615
6e33f68d-7ece-52aa-9547-45390a717541,0,0.10926985518652935,0.13711342
2e99a341-d21c-58e5-94e6-e490ada0e5b2,0,0.14368005150412264,0.30174398
9e08528a-7608-511e-8ed9-fc95c3a125ca,0,0.39065429990472106,0.41382545
26235fb2-4b9f-5f02-b834-fb945761d503,0,0.14373502806453903,0.30970436
cd51956c-ae1a-5808-b262-f21be73a93a6,0,0.014266341229206931,0.18671733
b27065ca-5f0d-52ad-924d-3113e489f055,0,0.39065429990472106,0.41382545
6ea4ba4e-95ba-5cb2-8a47-aa51cf6361e4,0,0.30075240080268495,0.19157118
edd0ec36-09a1-5922-b4aa-7d658a12cc99,0,0.04690308542244722,0.20229147
a1d292ad-7bb2-57f8-8635-5047abec7891,0,0.39065429990472106,0.41382545
e37eff24-476e-5938-9174-9eb37276c8f3,0,0.39065429990472106,0.41382545
747b853d-8e1c-5d2e-b22f-b2d667a71198,0,0.11257478514075793,0.18482488
9a5d3b4b-2389-52b6-b3d3-27b96af1e132,0,0.39065429990472106,0.41382545
ee251ba4-0416-5e2d-8b1a-bcfa69a233f3,0,0.5769548863346671,0.47649026
7a7b9d98-c4ee-55e1-b014-6eb48ef17521,0,0.3703786916473714,0.47649026
343dbb59-facd-57b3-81e2-4b4650388e9e,0,9.85041569192981e-06,0.19181435
0da161ad-57b3-5620-a4c8-24b9d5236542,0,0.14906245469014354,0.2657796
d1d6c9e5-a366-5a8e-b3b1-50c1a1a0dbce,0,0.09804963820016196,0.15462744
4d2202bf-e6fb-5854-a598-69ccd5360d48,0,0.2141809306959219,0.32918453
58c9f92c-9f59-5857-9cb0-5589676fc05e,0,0.12190210721076578,0.16827878
7bc8bece-bcdf-5b2f-8b56-1290af8ee4bf,0,0.050273931747138616,0.16284895
eac319d6-36e8-5868-80dd-d7bec101a48b,0,0.044465202997667395,0.2666666
55a9d695-ae1c-5f44-906d-44dea9206065,0,0.5580027734076031,0.38266328
c425c70d-0e14-5086-85ae-c5fdd2d9d9ee,0,0.12779217163302675,0.1990616
feeba622-c157-5a27-bbec-4129fe89dedb,0,0.4888674850011502,0.23904328
87eff1a1-1538-56c6-8afc-4f87182c9406,0,0.12586776611411718,0.48044917
9fab85f4-cce6-505e-afe8-e243e2e05d49,0,0.38859475509905417,0.21967696
1c66dd76-a40a-5f0d-a83b-d111cadbbfd9,0,0.14131329014946026,0.20199378
251b962d-63fa-5210-9932-55358b97624b,0,0.4876968957432453,0.50382036
1b47d04b-9179-5325-b316-1a2f1b8b9f18,0,0.044682721188151836,0.30854145
9d7329d8-aae8-58dd-999f-a381bfae8201,0,0.28479244043179214,0.1939331
2d953ddc-d215-574c-87ef-67d1eebe9c9c,0,0.6672941632603722,0.48948392
e9a038de-f7fd-5e32-be26-35467e3fc045,0,0.07727219524472201,0.23499028
d506996d-e935-5e6d-9180-929a43fbae0d,0,0.0975720282611335,0.18313186
d7ecfeb0-c40d-599f-bdac-0dcd62e0b9aa,0,0.9823476703226997,0.7307933
9febb834-ac45-5841-9279-cfce6b202158,0,0.36326502887226436,0.19334328
637e066e-9388-525f-acad-343eb97e36ab,0,0.0744065483537333,0.29201442
e902307b-b6a9-5fba-a8e3-4583551ebaf7,0,0.04210118366370891,0.24136817
71ac5b84-4fe5-5abc-a363-1c1ef932a9d2,0,0.6543993625246797,0.57615113
74ab4ab9-ee37-5da5-bd51-733b9f072f32,0,0.7847437763956455,0.21699917
4536b3d1-2340-50ad-995d-efa3547e32bd,0,0.6523401840747213,0.4554304
379718a1-c625-582c-a3fa-425d8c1cd0a3,0,0.1604547803525878,0.22578625
101d8d51-7c99-5c3e-95cf-3fe3c0e9efe4,0,0.5287615123026139,0.2000643
94a5bc83-4508-56ff-8936-b78ada78d1f1,0,0.7826132090475494,0.50191694
a8d9a031-a4e6-5793-a800-d678bc43ea79,0,0.028650962695161285,0.17758334
a88d3404-e595-5c95-b664-c3cc9342d888,0,0.7409196066280028,0.50454223
e53b4559-fdae-5f5c-a3a8-c457546e9056,0,0.31973420426207655,0.51379883
b720dcfa-26a5-519e-8a73-167fc280179a,0,0.05196203923152297,0.32387534
7d19ca90-5580-5662-a2bd-c03b043baec0,0,0.16527285325878285,0.14130114
d9a948cf-771c-56b4-a945-657578487187,0,0.1219705276199798,0.1987042
ef5119ee-d2cc-58c5-91b9-0b58d6f62b35,0,0.530109092759608,0.5011844
cb4062ca-e77d-5184-8031-eaf742950d55,0,0.9085411350703474,0.3055955
e7074cbe-f526-5e62-8b40-c70bdbd673d9,0,0.4027799751970691,0.23422055
dcccd2d1-68ea-5433-a4e1-cdcb6012a061,0,0.026984916274313094,0.17866963
6e4f831a-010b-54f3-99a8-ea521cc8bf22,0,0.13269266021089796,0.15497868
945e8920-24f4-5acc-b139-bad1b7ef0e0c,0,0.37031786194644567,0.19184642
90f00930-501c-5afa-9eaa-f7fb48fad83b,0,0.1167225527766074,0.4548214
72b80b39-8e18-524b-a9f8-306337b5215a,0,0.36201300042543116,0.23974515
b85df4c1-4c66-5b52-aec4-138d94127a44,0,0.14253157982322248,0.18521325
baf5b5a9-2f81-50c0-963d-831374c5fa3d,0,0.14194747014927497,0.27421874
cdd079f6-656a-5fc8-bf53-356f8f55a1a8,0,0.0023642597505582298,0.29775622
cde00f35-efa4-5c5d-b06c-824961c3c473,0,0.29436336177569017,0.25852755
4dd830d9-36b0-5b51-9a95-5936939ac0ec,0,0.1632757638651144,0.14897266
06b6a667-1c45-5555-95fd-f0baf8e637bd,0,0.08611268375578209,0.49904993
0be7b436-d863-560c-b3bb-05872b7a6305,0,0.035056442079438824,0.1813844
b9c7166c-6b75-5389-b412-b8ef9a935f54,0,0.038028734561058174,0.15577506
9020be9b-6be1-571a-b0bf-117e569065ea,0,0.2893569427421288,0.22749794
032039dc-a924-5eba-b4ec-07f7d4751a6a,0,0.07706506479942699,0.143659
9a05c96e-276c-5817-be84-271b9dc08ecc,0,0.0801468238806154,0.19593622
010222e8-1d84-51c1-861e-a487c58e712b,0,0.42189111110672006,0.18266729
558e42e8-14de-5bce-b293-a58f4e3ef842,0,0.04257646490688918,0.36285028
752c2638-fd23-5400-a1d0-754ba81d2c87,0,0.39215101475993025,0.433443
a4ceeaec-40dc-5c68-a0b5-62eda76760b7,0,0.13688045257040438,0.519844
6d9a9bf1-8c31-500c-bbc8-7e1b8a2c7de9,0,0.07264968540705705,0.17724016
c199111d-b613-582a-8b4d-f65a99bbf21a,0,0.3699774799242036,0.37769407
c5955c5c-3398-56a2-9c51-242fae37da7c,0,0.01743014217242162,0.26790997
ddc6bbb5-593a-53be-8945-41bc7063d5bc,0,0.013405002509638211,0.29639426
c1c84801-2831-576d-bc2d-ba0ef2ac3681,0,0.15016409002303435,0.20110378
e7a49531-8b65-50bb-b90f-3cfecfbb1edb,0,0.2357123308587743,0.24167247
d058bba4-a153-5323-b9f1-d904f4f8c6b7,0,0.19644934583886922,0.21079646
aa3e643c-7133-52fd-9229-c47bd380908c,0,0.05766087215792483,0.21934238
f06e6ea3-a568-526c-a446-a6b852132916,0,0.05782123073354853,0.30488226
2fe1474d-647d-5e0e-82f4-bddd318c2b3b,0,0.14868886833764633,0.1841858
42b5214d-6ca9-5eb8-9fdc-0a178f9ac321,0,0.7615079938486008,0.53586715
70f2ce1b-16d7-580c-8492-733b446990fa,0,0.11672074990898014,0.17694868
1ec80813-7a76-58d3-8612-f8fa85eb697f,0,0.1859114095150562,0.23241292
399837da-846a-55f9-a567-6bf089ed9959,0,0.06488593195722671,0.15811862
a015e077-a21f-5b0c-97f8-22ead4197900,1,0.9019619316482586,0.56707484
d90c2702-330d-582b-a4be-ae89ebe952c8,0,0.8468152131548932,0.4559609
1582cb27-1311-545a-ac8e-6ef0c9d87731,0,0.8152479599292686,0.5199005
e6940b6b-531a-5865-8953-07f7f859ec99,1,0.32293151458976926,0.30686417
f2063e78-0506-54f5-824a-cf94d8069af0,0,0.09187979977574369,0.24094644
6072eab8-9265-51eb-8999-fda2ea9c34c2,0,0.07647831879599674,0.1411351
dc1675e5-d846-5eb8-a08f-0bf7d89f7565,0,0.02590506743414154,0.2725487
9b1da208-20ad-54f6-92d4-2544c7d62e38,0,0.6589464059380999,0.2120844
8b1c49f1-30b9-59b4-91e2-02f2a376537a,0,0.17302937763791343,0.2252992
845bae60-5477-536d-a363-fc4300a619c8,0,0.9996967165338101,0.745981
b0ab47a1-9722-524e-a763-fbcc7c1a6277,0,0.8069566289924109,0.54750425
afcf5fa5-315f-595b-837e-1784b8bb2e57,0,0.2156051985765167,0.22114977
e0544bf2-42ee-5058-8475-81b6317d36be,0,0.36722188268706857,0.2943741
47263229-fedc-54f3-9435-28ffe3dc5e2b,0,0.002141172109549215,0.2645792
d5e8636f-a6cd-5c0b-809d-5e4309c0422d,0,0.17784389625134064,0.4294149
c0a8a24b-ca13-543b-a66a-04c6821b8d12,0,0.17736427889761466,0.15796134
cde8bd07-4a91-594e-bd67-0bb9da1bfea3,0,0.3240413649027985,0.15600672
75272348-8865-533d-892b-155011026366,0,0.27343402170194575,0.3179288
e2b66329-62ad-543d-8a09-1c404a1f964a,0,0.062294764681824016,0.17804718
1ccca262-8c88-56cb-a3b6-52095f9d23cf,0,0.058991191791491995,0.45806038
cfbd7797-b07b-5bf6-8833-8f3b9a5a947f,0,0.014023195909672324,0.16758956
d9db16cb-6a78-50a8-8d15-b2cfc540f756,0,0.017978805232993066,0.1774431
36dc022d-7c10-5a74-a29b-9e3cc0be0948,0,0.1758200575053967,0.17302115
6540ed5b-cb5d-58aa-bff0-7f34ee777c0c,0,0.04562656698226661,0.1813844
52593ca6-3f9e-52f6-b0e7-4c7a1bff128a,0,0.14866283276853576,0.17704692
c45b841c-c885-5af5-872d-3a82444e6b4c,0,0.3581848096601257,0.4239671
11a66da3-eb43-5ca0-af38-2b441d244f9f,0,0.38420575000543067,0.19201668
ee107739-8f91-578d-b0d8-6cf4a5f05f16,0,0.12026124619029058,0.220874
4f2267ec-d02d-5c2d-9a6a-34dba0491c73,0,0.14728452572267697,0.32755873
6a03087f-12b6-5207-837a-b7b3de53eb99,0,0.39065429990472106,0.41382545
b2a66339-3f4d-5b2f-bae1-89f2ccdb3f60,0,0.39065429990472106,0.41382545
f3dd20c4-c8a8-5ef8-ad0c-214eee03858d,0,0.39065429990472106,0.41382545
7b1adead-19e8-59e7-a0a4-bb48b56c3b0e,0,0.39065429990472106,0.41382545
9f5082a1-5d70-583a-8e38-c12a4dc37a30,0,0.1737984107170275,0.15400322
38d7b5ab-9ea1-54dd-9eca-347506878bbe,0,0.23000022286825156,0.14345829
cecfdd38-25af-5b2c-acec-dc90b19b9b55,0,0.6663053988057349,0.28058833
facb3433-6c96-5a5e-93ef-17ea03cda1db,0,0.39065429990472106,0.41382545
c251cff5-8664-5a81-84e4-8d6898c537e2,0,0.08421339734885629,0.26347262
f5473076-e608-5594-b1d8-6ee7c07f67cb,0,0.7443076655338323,0.68461454
4bd63c27-f29c-5814-b860-94f6e297690b,0,0.12213821695232331,0.30044913
fbaad116-5eb3-5f09-8bec-c0cb3611a427,0,0.2964337595076173,0.17866963
08d8767a-b512-523e-ad60-8f48e2bad716,0,0.030979796882087303,0.37912828
28d8f8cf-4ab3-503f-972d-a28a5b907081,0,0.031907508545238834,0.14525516
8a18f508-4bb0-56db-9552-a4ee7e4aff17,0,0.0024734362884871125,0.25359884
641e168a-b7c5-577c-9e1d-26e780c3ba38,0,0.39065429990472106,0.41382545
202c6a02-8e12-5784-ad2f-e4c4873a804a,0,0.3135170428293309,0.23058367
5dcf3879-a6cc-51b9-8228-a491e885eed4,0,0.2163749660135882,0.20667098
ded42460-f2f4-5f77-9950-af7c7c33260a,0,0.39065429990472106,0.41382545
fd0b46ba-f786-550d-bcbf-2dff2905baf8,0,0.37766969481608764,0.5637465
7ab02854-a64d-546d-bb37-c7102343fcc0,0,0.4429540467405227,0.44062597
2a62e0a1-1a29-5a54-af9f-210f197baf6e,0,0.28687521708402997,0.19552137
7e6bffcc-9b19-5f3d-bd56-d2d17298af76,0,0.6103173292314319,0.37045452
9102af74-f268-5194-a998-dc3c767235ec,0,0.20452505312182306,0.2013633
877774e7-7cf7-5f77-a16c-ee78868e412c,0,0.1286652287353878,0.1736525
99016420-e193-5904-8cd7-b5c41c5df214,0,0.04488788589288819,0.28666008
71e0ebf8-8590-58d4-bf27-0f24f125d5b0,0,0.1633766099812634,0.15627062
c19c2143-c5b4-50ce-a1cb-732b82ee5a98,0,0.0012945615630351238,0.24587019
d3de0b61-1e9a-515b-8695-11a561363915,0,0.1269656538501818,0.2514827
83ea89c7-1649-561e-82e9-895ae9ba816c,0,0.3615593569655219,0.5364478
2429c877-3b5a-5498-b9a3-05a318310b1a,0,0.0021062341841716803,0.325229
03ab9bd6-1847-57c8-8a9b-7a9720d184a3,0,0.05525892534795496,0.17866963
5375e833-e92c-555a-990f-6a3493cbc3f3,0,0.14629031760436978,0.19368081
ea4d30de-928d-51b0-b381-7e12f6002dc7,0,0.3321987313070951,0.3015058
63a5b316-8aaa-5bb5-95af-5e8625fef990,0,0.15264441326224573,0.17885101
4f5fdaae-31cd-54f7-8a3f-02b84d45146a,0,0.07017962835526727,0.1877215
8b87e175-fe92-56a4-8bd1-e9aa3100a3d8,0,0.01406199473972464,0.17428616
7aef5fac-40fa-5f68-9f25-e9202b16a2a1,0,0.9252661241015774,0.5148844
de57b431-639f-5b86-836f-58330b29f622,0,0.35409667881193635,0.21866414
2259b9a0-6987-5050-8b33-f197958cf051,0,0.17622932246724307,0.4100158
ea3dfa4e-2ed3-532a-bfcc-e38892c9b91c,0,0.05765196584996134,0.3424011
8c9c50f5-9059-5f56-8085-61d0a06c65cd,0,0.08102956666884427,0.2240278
22f72ae9-1236-597c-b59b-0638f44e7746,0,0.41395461186180355,0.16684546
802617e2-1602-51f1-894c-8bffded57c61,0,0.8336384265860861,0.30567077
a7a4c1db-d170-5cb7-9681-7bd81bf23743,0,0.004689221883819325,0.19536503
41f7a85b-3f59-5f20-8380-8dc4eb52801f,0,0.2388857482347597,0.2216069
02050b1a-1a4d-5736-9ad2-5ba063d84308,0,0.7685654107277149,0.49242595
8141f771-c912-59ba-9772-1bba2e5d1fb4,0,0.029145685234084034,0.26319644
2df57560-94ad-5f31-98d6-424e1a16b438,0,0.9648047422351572,0.56240755
c7e39332-7ef8-5925-b5ad-e74a9125e04e,0,0.3554506729059181,0.20560132
654d928a-f57e-5c58-bc08-44bb7ac2dcfd,0,0.4532735686288949,0.20932485
41538e54-f924-5bbc-b8cc-c45e8765fe9d,0,0.38568599961994565,0.18352419
afc76a99-a45a-55ce-88ae-49e1641ea60f,0,0.14704474934222744,0.38934985
aa645d1b-afa4-51de-abce-8887ae8494ee,0,0.32766078369853924,0.16007902
fac360b9-08d8-53a4-94f6-d5d877dfb558,0,0.11565207371409968,0.17540048
7e118739-f873-5f6c-891d-7cdf272bd174,0,0.17802640368645634,0.30615696
5ba968f4-5b6a-54a6-acca-54b3efb0be10,0,0.02753608361147276,0.14737919
45d60b36-a921-571e-a108-82144ff7cfa9,0,0.0477188442745903,0.21844043
b1d4f617-777c-57c2-8fca-5a893d0fe73b,0,0.13391372716361408,0.2726747
cdf69eee-b66e-5e31-bfdf-d176cf7e9c02,0,0.6217653613099758,0.4199307
5b6483c8-5c63-5100-a14c-9ea5b479dbe5,0,0.02435062488529452,0.1300302
ff98f72a-db1d-5209-bde9-ad403afe8e65,0,0.07588025441944457,0.17655581
bc6ebb3f-98f4-5fc4-814f-72a43f2d3d29,0,0.2150928391008055,0.32646444
5a1d6ff3-7f90-596e-a1d1-f34ffd8ccac8,0,0.022183891977098327,0.16879985
16abe854-0f02-5d56-9a76-6d8322e62d06,0,0.39065429990472106,0.41382545
577d9aa8-2853-59f2-a835-44ff7cd88950,0,0.7088523468357399,0.6165744
41706708-1b03-56b9-8da2-0124b3884f9d,0,0.04354721309109215,0.19589911
ce2d17a4-d088-5352-ad28-39737c12502a,0,0.05221624344618796,0.18482488
b2cb57d0-3684-543d-83f5-e45d7a495eeb,0,0.7058894352440088,0.42134863
d4ad02c7-10eb-5fdb-b744-a72939433974,0,0.7277033818731478,0.3598246
ce88b7c7-7040-580e-916f-c7d6de2e6def,0,0.01851511594635622,0.5454862
2b32af8d-dd7e-5b0e-8c4f-7c3c92696adb,0,0.04879109485718948,0.19735272
f4feefee-4614-53d9-872d-d5594fed0d91,0,0.9685556055765584,0.35504642
a5e83122-a1c2-52c7-a7b2-03e03a3c732c,0,0.49197024189199723,0.15825228
779f117a-fd9e-54ba-8aa2-4dcc6ea9b7e8,0,0.7179837629066382,0.31817895
de0a19db-60bd-5b6a-a9ab-203995e6a01c,0,0.34723213909586337,0.22937883
737afb88-d30e-521c-9e78-37fdaf843fc0,0,0.39065429990472106,0.41382545
c33168c1-98ba-594e-ab6e-4ae930f5a957,0,0.38584090161144674,0.23941736
4c34a352-f8c1-5ba2-ad1f-2688df12785d,1,0.7788606720670662,0.5624713
8dc494e7-58ed-5726-9603-bf899297cdc0,0,0.16640742029059236,0.18593436
4fc5efb3-a235-569c-a5c1-5f1edd166c77,0,0.13100705847970076,0.16768514
486da9eb-1f50-533e-882d-c8fbaf911dab,0,0.49420747423690564,0.44840682
68b7d796-b476-50b1-9cb5-e2cc46a36f38,0,0.00236648594798708,0.30793113
342b4703-ce6f-5630-bc32-afe06947df00,0,0.1251214147516897,0.1420408
15719706-f49e-5984-b4ac-f5ce04c2100d,0,0.03230691484893544,0.14131574
f546d109-55b0-5b10-86f5-5ae1b21b8e4c,0,0.39178689801237254,0.21967696
7ec09742-d0d6-5c6b-9f14-00765a395aa0,0,0.006139159849300286,0.3041754
0766eba1-71b1-5c25-95c6-071280fe5052,0,0.39065429990472106,0.41382545
050f3d2c-e6fb-550f-b31f-5010d505b414,0,0.1173507616921538,0.20110378
42e75504-7730-51a8-8cf2-ef8ddf627b2c,0,0.3489285166734737,0.16842979
58d09f9f-f527-52fa-a770-c9d6c13b64dd,0,0.020929352383273866,0.19368081
7fb7d828-6cea-546b-91ad-eeb0c70e1a53,0,0.39065429990472106,0.41382545
412dcf5a-a2c4-5072-98be-f53b0bbbef2e,0,0.608726426584367,0.17581657
c9348cc1-5e42-520b-ac09-971966810fcc,0,0.39065429990472106,0.41382545
95d6a6df-2fff-591a-a121-2b722816e680,0,0.5343078302111206,0.3456872
e2c36f7e-8fc8-5281-9646-576043789e8c,0,0.1145548536233358,0.20932594
93aa00ac-9f00-584b-adf5-08da9d73a8ef,0,0.39065429990472106,0.41382545
151081f5-104d-570f-99fd-d27b757ebc9f,0,0.2118942300038073,0.1841858
203da4d0-b984-57d0-b142-fa55e655f444,0,0.07847998862882694,0.18293001
e5360296-fe2a-5ff3-8e8d-7a6ad5cdccab,0,0.42925069706884,0.4239671
4e20c5bb-00c3-5738-b2b7-2014b450886c,0,0.07054203222782669,0.17866963
2d8265fe-3fd1-5c5d-af13-9082ec29cc2a,0,0.5304956368975792,0.20132199
e643f0c0-7508-5903-beec-0607400c2c17,1,0.9170666184284262,0.75598824
9a025bc8-1b8c-584f-a7aa-dc0ae957977d,0,0.12371356418627506,0.20978767
1eac355c-8171-5970-94ec-ad3ef0f79c15,0,0.006486377466590915,0.24493745
fcfbce61-3354-5e42-87ac-7b4feb5fcecc,0,0.20922561437036666,0.32576776
fc763f11-4bcd-590c-9302-70e0f88dbd37,0,0.39065429990472106,0.41382545
005f169e-e952-583a-9bac-edaf114c9d6a,0,0.014135667523905729,0.17139596
2023b073-b9a4-50db-8687-2683ee20a8c9,0,0.16767525297118274,0.19178508
916b469e-07ba-5558-935f-cb17fd5e9c13,0,0.3560154180931894,0.20110378
fa0bbde0-f657-5d47-a7f8-07671ca3e075,0,0.39065429990472106,0.41382545
d5a06569-6689-5c62-9fd6-35819d966232,0,0.11876295741956454,0.41776878
30a8135c-4560-54aa-9639-aea045359aca,0,0.07465719612547121,0.20751265
6a8e4fab-9715-5ab7-91f3-1f55c027e553,0,0.16636936925306042,0.16653596
42735dc6-177c-580b-8e2d-0cffe257eb30,0,0.28748054510822746,0.32707784
432c4eed-f811-5a14-a946-44f7c1efa101,0,0.1678550652869351,0.1475529
6912e639-6fea-5f40-98c1-27ab753d36a3,0,0.3251804796872903,0.17512476
9725dc58-5a2b-5548-ac0d-fc5c3153d620,0,0.39065429990472106,0.41382545
184584f8-9233-5d0d-b697-f1c2006da2c8,0,0.39065429990472106,0.41382545
c3e424b2-2986-5569-8d0a-aa27f7a2bbe4,0,0.39065429990472106,0.41382545
4d642339-52eb-5759-ae1a-871fdd23412d,0,0.013063302149400439,0.15798993
2b0097b0-11c6-5d83-aec6-f1cc5833e26e,0,0.39065429990472106,0.41382545
62a2fec8-8dc1-5acf-bba5-9fddfa00cc17,0,0.39065429990472106,0.41382545
20df5737-5235-5fc9-8027-90cb09daeefa,0,0.39065429990472106,0.41382545
476b66e0-49e2-509f-b2ee-8dce92fe65be,0,0.39065429990472106,0.41382545
358bb3ea-66ed-59b6-aec3-ffaebab34c12,0,0.39065429990472106,0.41382545
b62b090b-8f2a-5a75-9973-3c5dd325bee3,0,0.39065429990472106,0.41382545
9b3497ae-dd80-5f9c-afc4-e9bca8c4bddc,0,0.39065429990472106,0.41382545
cf921304-453b-59d6-937a-61245f99f449,0,0.3542734558388555,0.24367066
6a35c00b-1925-51b1-9c7b-2ae46ee85a9a,0,0.39065429990472106,0.41382545
83172aa8-a652-5941-ba04-0e9de2e74286,0,0.39065429990472106,0.41382545
a646ed47-0c9d-5fe3-8c39-9207c934fc70,0,0.9074889363621456,0.602244
115f430c-a57a-529c-b904-8587b0da559b,0,0.7783376885614802,0.4501307
751683fb-c143-5f70-8179-cf2bee809467,0,0.06480971899982832,0.18292102
47bc8a0c-18e6-57d2-84a2-debb7655ce27,0,0.317217552017637,0.19707333
888074f2-d8e0-597e-b4ac-45b223f2d59a,0,0.27584973370402893,0.35913366
f0681292-3f21-5f29-b07a-66eaacc9fd1b,0,0.0053746380167107475,0.29832822
aabe88cb-8c2c-5ea1-9dd6-5c7e6d050da4,0,0.338549748525418,0.39969954
711524a4-654c-5494-9d63-71fe9741144d,0,0.10685972944834739,0.4931409
780e5b38-5436-5281-815d-2bcf6defbbf0,0,0.058653281480134545,0.18642654
11760a54-d953-58d3-85f9-faa977abb741,0,0.0027062623616712195,0.42826346
a2c3e10c-cd4f-55e5-9ea2-6fe5f68dc83b,0,0.15261401536782698,0.30551618
cd036c09-2d5b-531f-88b1-d61881ca5bcc,0,0.06553355688528201,0.1336648
af4234fb-9295-5271-8a8f-69c430a40af9,0,4.55442111304071e-05,0.23076859
fbec479b-12b6-5d65-9b58-16a615e9331b,0,0.28719368844531923,0.17866963
73935542-f719-5621-9f64-ebf10a35177c,0,0.16438357955671123,0.1889042
c5fe6451-b55f-5b5c-83e5-d261ba1c5add,0,0.1733321965047848,0.2671876
e1d0bf21-6826-599d-8b64-06ec41617b2f,0,0.781153486097462,0.57785106
5260a6d7-886f-5b01-b3bd-961dfab9bf33,0,0.47943322525573173,0.3200409
f5159cbe-8f94-5bb5-8d64-eb263bad138f,0,0.1379665031839191,0.21453476
3c0b160f-e974-5421-9b7b-0f76a64a8c20,0,0.0027060058307629715,0.14387678
34cb6300-d22e-5f29-8070-68d4712b1e27,0,0.01105526720250413,0.39592016
83e3b366-7be5-5125-a1d5-d29e973ce702,0,0.012749918508391347,0.28763995
03be8c4a-0c75-5db5-a8ef-19e8f8d0b021,0,0.025380490662992368,0.45168096
2f74b2c5-d978-5e74-9a77-ead30e9f3168,0,0.15548776512609652,0.24157459
56c939f4-19e2-51d5-a970-f896de86d7d3,0,0.5498865816996802,0.23433295
5198856a-e25a-5c11-8585-ae31df0cb64e,0,0.24656179839077272,0.3453826
eb090e13-c664-5acd-9dbb-e3bed5fffd50,0,0.05748660528007315,0.30855975
22a19daa-26d3-5737-9dd2-17787ee820c9,0,0.19102626224122843,0.19141258
1840344d-575a-542f-aab1-8365b9779e5b,0,0.046586531307919725,0.2566449
fa87807f-2985-5f17-89ca-cb8c52156533,0,0.5024258716699382,0.18744342
71efff92-9bbc-5bc4-a5fa-dc18912ca5ec,0,0.023062702473929525,0.29193988
78e89aa5-50d4-5e20-af8f-43258722ec57,0,0.37160823212896027,0.17855795
1978beae-f289-56cc-834c-821a6d58d0a3,0,0.10905568284746735,0.36598587
28e9dbc6-a530-5a17-8c79-43db332d44a9,0,0.2846238396700821,0.33395144
a2a62670-367d-55d6-93d5-2006c0a8464c,0,0.2196984387920618,0.19264479
81799bf4-1b51-573f-a9ba-67684eefcfcf,0,0.30410928990996655,0.31511164
e7a36f52-1530-5f27-bedd-e1eb480408ce,0,0.07922083597324998,0.34331763
221a52cf-fcd8-5587-9c58-c6fb6152dfdb,0,0.13533166305198702,0.29284686
aaac708b-ab5e-5c1c-af13-2796e713d18c,0,0.22919296019108998,0.64973986
44b8cc9e-a403-53c0-aa29-136015b574f0,0,0.25209643683257266,0.19635911
427ce417-e99a-5b8e-9565-51521dae154c,0,0.08644314959906729,0.22972946
5262c053-f5fb-57a0-b230-58bfc6234b09,0,0.0038701984859472547,0.23020582
63525f7b-ef1f-5a0d-8c16-e2bee3958461,0,0.03470373696358865,0.2442021
a9cbfb9c-7236-5812-a55b-a06567c73cbb,0,0.0706833347566773,0.19238691
94e0612a-e4a7-5b40-b4e7-1f6fa3b869b2,0,1.1373393343112812e-10,0.6243807
adeebb71-50fa-5b68-9127-d77ba73ca278,0,0.3750749924437353,0.18710753
ce5fbe76-e11a-5fac-8396-2d8131613250,0,0.04528732021688401,0.18853982
0d39ecca-7776-5738-981e-e3b482e9c39d,0,0.2207633580019589,0.31322435
e7dacfe3-7cd9-57d7-8a38-f7c2a9de8bc1,0,0.8981550662921053,0.4857738
8c3794b0-dcf1-5e73-8be6-e976e0c0baad,0,0.3904128102843616,0.47649026
9d72b044-93a2-5494-a917-4cf769435dbb,0,0.12804706880475283,0.33840728
97acfe35-47f9-5105-ae3d-b86e7182863e,0,0.07032364565540855,0.19363227
f8f7307d-d2c6-5bf5-bfcb-1816888fa20d,0,0.07405297417532367,0.39661008
34bcfa8a-67ce-58d2-9908-4071e5800c67,0,0.37509876786280427,0.27176598
e0881265-1e0d-534a-be36-e8fb016d9338,0,0.20663193270732763,0.22645992
4359f80f-9875-59e7-8bff-223051a1d897,0,0.004491817384459942,0.17395756
458c4cb7-8d61-5bef-88c6-fe2a4f13fda8,0,0.1788052627398964,0.2056998
952c6742-b488-5091-aa77-52edae57aa73,0,0.501006916603258,0.19202779
b87b6ae4-5091-5d6d-848c-db95d341087f,0,0.11170985328550052,0.24302278
fe07a7d8-2927-51c8-91fd-9b19048f929c,0,0.16632178723037097,0.1706842
4a6678bd-4fde-5f85-9c73-0299a860b56d,0,0.21272370902442742,0.2133823
ef0b3fd5-5cff-5668-874c-ea43954d1ab2,0,0.015181450753316882,0.18072216
ea6d446b-d07f-5b80-9448-6529ed7b9634,0,0.6908298326194752,0.3070183
451db5be-9d00-5f93-be03-32d3cd7c352d,0,0.2848486909218046,0.199497
203c9059-70de-5b06-9825-f63f43314d23,0,0.16872422060716732,0.25628474
ee0af97d-743d-5572-bfa1-20239847fd3f,0,0.01763496090139663,0.20195402
79c3022d-5617-5595-9b74-31ff4ac5556d,0,0.0902806004021706,0.24394949
80485ebf-fd36-5612-a099-e78cc6a930be,0,0.1054187480877737,0.19055562
928bee0d-6538-58b3-aae0-88f259ffad28,0,0.3396609509571156,0.18355672
90458e98-37ba-52ef-a4db-c03826a1299b,0,0.07835662574880006,0.29436854
93e4b054-816d-5a19-9eb4-66a1afd976cd,0,0.39065429990472106,0.41382545
91f35879-b14a-5351-b5e3-0ae36589f4f5,0,0.3715924786025372,0.51685554
f4952dd7-a38c-5480-aa00-df736c830ec5,0,0.8139920252023984,0.34178573
a23c6988-8e7b-5f79-82ed-6364748d0c57,0,0.8637761937421986,0.36921197
016a9180-3927-5c46-98e3-6761b5ac50ae,0,0.09809130645342232,0.21102647
78b2ba56-2e9e-5644-84ee-96da46ec29f2,0,0.1175755289315476,0.18857342
af308783-e5e0-561e-93dd-e497aab492ef,0,0.006831284130882373,0.51124257
674c9d4a-71e7-58bc-addc-77f8241a461d,0,0.38284318266333756,0.21996772
9b0933b5-a2a9-5388-9106-f1dcd81105f0,0,0.09071458845027561,0.19252464
7064b411-169d-58ff-9b90-7900c937c136,0,0.3901435402626041,0.27728438
4cdac6f6-bba6-5f64-9ac2-eff0fd134a38,0,0.2655448343553483,0.21254468
c215e42d-841a-5e13-a0fc-785ff7a5925c,0,0.4192523808425504,0.62960154
1b262c29-520d-5dc8-8987-553b04ca780b,0,0.2225905203439177,0.17694868
f4537dd1-bd98-59d4-865a-498b62513189,0,0.010102119323440916,0.16958597
3bef30ee-44b2-5138-b147-8ac40af8f59f,0,0.3023153126414391,0.2073687
6703a265-d460-5748-8e6a-1b6f6f914c8b,0,0.006589808882919164,0.14387678
bbe544d4-8ec4-52ac-aeb5-07996c0b9e7d,0,0.4993222667298797,0.63835937
56af8cfc-1c6b-53ef-bf6d-8a0f256dd3b9,0,0.3519464375114099,0.23534286
0e8c7915-fa2c-5535-9660-ecc7f7af0b2b,0,0.07398635044737832,0.22837235
f41fc8ac-3269-5517-9818-5925e96ebaed,0,0.0035271876861044365,0.14760056
5cb021a3-2260-5a2b-822a-ffd8f4bd2e47,0,0.09891117481172941,0.2848497
2d7e0ae7-083b-5e2c-b4bc-5f3ca8287ac3,0,0.34461156006684557,0.20930146
05d08a84-60fc-516d-be44-54d49f2a1d13,0,0.08888221579518986,0.32213426
cb4fd4eb-75cc-5f20-a478-2e42e71c7f12,0,0.2278004649659018,0.35799402
9d4cd89f-9ba5-5af4-8792-7a8b6b3f6700,0,0.8820339877591598,0.46296942
9f3b11a2-dca5-5c08-aa1e-d69b3123e4f0,0,0.032529310191426485,0.32364053
88684e26-404e-5234-acdf-3e3090956b38,0,0.42809313066109744,0.5958914
f50dc87e-50c1-5c2b-92cb-417c78021fba,0,0.20820497413841677,0.28950512
6a25101b-aa3c-57ef-8f8f-a5432f14c7d0,0,0.10787679260142878,0.20461668
75625dd4-6bd3-54ef-8d5e-d106ec523d53,0,0.06641417735102044,0.19750175
aed07e57-4d57-5051-bd26-df2d8b601bcf,0,0.2155176842593657,0.4332437
c610bc4c-d31b-595a-9a36-d5a282d2333f,0,0.218985003898504,0.2594702
d48bc2cb-f3dc-53cf-973f-8db0be4c3de8,0,0.00977975891133735,0.16479068
97df36aa-4351-5e1f-adff-e8b57a109001,0,0.04041814810299884,0.15811862
a6f1abe6-1c39-58c9-bbc7-eda90d3ed783,0,0.13586693180466677,0.26897883
343c1e75-158c-5a1c-9c52-14fd2256a75d,0,0.08138614626904948,0.17694868
74c11e5d-3522-5c86-b926-c1aa9a9f488b,0,0.38235582070221874,0.24745384
70823f17-9f55-5fff-bd71-0c3d5d1b3e87,0,0.1870254300795165,0.20790827
0d252a28-e46a-5143-9310-328104fc2328,0,0.05972604720857531,0.45453146
046e9977-dbaf-5256-90f6-02d8c66b7bcf,0,0.21412373203602408,0.35994485
e62960fc-8de2-5dab-87c7-a0339e843225,0,0.26136326883085925,0.23020844
fcf45dbc-7781-5ce0-bd31-2fbc82f0964d,0,0.06368350044971753,0.1774636
cefbea1e-51b7-5b51-a87e-11a091cf2612,0,0.023011532398659166,0.1316734
41258639-c987-5f05-8ed5-cae1e1653a35,0,0.1096114788138967,0.14545469
f4919254-95a2-511f-8862-2a5de90618e1,0,0.39065429990472106,0.41382545
19ef4f35-67bd-5599-a092-2ef06bd976d0,0,0.45059876625826895,0.3875745
f045a525-c4e9-5414-b91b-73f78da91a5b,0,0.14821574298310317,0.19477394
e19cb5e9-b35e-5ba2-9138-a9819ddce015,0,0.29238644044676526,0.20965344
3bb3e423-7bc0-5c13-a3ae-28f72f87302f,0,0.12953821984352948,0.1906421
faba30b1-155a-562c-80da-206c7548786f,0,0.3571001961748621,0.49195313
1f14d8cc-89bb-5367-9c65-e1d292e112e2,0,0.2617268883345805,0.61671567
2c739380-bbfb-5fe0-b925-4f04985f238e,0,0.39065429990472106,0.41382545
82888001-26d2-56cf-9071-52577c83cf17,0,0.286096395559182,0.17362477
6ea18973-9796-5897-b35a-36b94f39de35,0,0.06480836832899976,0.17428616
4eb6b353-a262-5132-8e3c-1285524e3fdd,0,0.1875393089740458,0.45360067
3a006109-d1ec-5fa2-a98e-0a4eb4b85393,0,0.03345835101166989,0.24545373
60a8cc60-6a7f-5689-8026-78cbf5efec60,0,0.2419800456267117,0.23817927
d0d0421c-8404-584d-bb91-0819aff95b21,0,0.10431506321430349,0.298891
34fbd7a8-2355-5919-9102-c0052ee2d046,0,0.2387321655312401,0.20357011
0778172d-24cc-552e-87cc-b5cc68fe41be,0,0.0378904528625674,0.43972504
718c8271-0fac-5036-93fb-f3b97a7b7d59,0,0.15785386177252927,0.13661166
fa64cc38-6508-5e3d-a850-eff309ea5494,0,0.16102973143544816,0.20125625
3b1ee30d-c5b0-55d3-9796-e25c74b373fe,0,0.021080427832425214,0.18332565
33f845bc-c545-54af-a759-1da334ebfb64,0,0.03230472591366542,0.31798247
c868d22f-b7f1-58e2-972f-0f63bbf39b51,0,0.21415750793646257,0.2757906
c5f42b0e-b57c-514a-b65d-f6868ec8fcff,0,0.09714448410471063,0.1830684
f91c44fe-6adf-5f70-9859-b0e4e33d4181,0,0.1448615467775646,0.20775318
e6ac3a86-a2a8-5a4a-9349-b707f79c167c,0,0.01399741714243232,0.39547926
7df40dbb-5cb7-5be2-aee3-383bedf07d1d,0,0.03190591038034624,0.14968187
76703207-dc18-50ea-b0ff-482412f2dda9,0,0.15715928734351695,0.17035508
c63d2eba-1c2e-5d60-8c8f-1c93c7efb61e,0,0.015929351115417,0.19900621
ee9f0efc-4288-50d2-8a52-f0f84ee0fea0,0,0.7995524450345015,0.54113686
2e2acc74-fced-5790-a85d-116731097962,0,0.01972420977638664,0.23822398
94309f35-eec6-52ac-af95-39de82062fdd,0,0.1664520321968467,0.16653596
a39de963-55f7-5812-b064-5c910b96baec,0,0.022617873795882794,0.21744096
154ba43f-bd55-539e-9f43-6358ca084c1e,0,0.017808697213855133,0.13002096
849ddee3-91eb-5002-ae36-49ef3c9d6470,0,0.1644441168538371,0.1889042
71adc86c-cee7-5ec8-b716-726f795f8d9e,0,0.06370393764736944,0.2028844
00a00dcc-117b-5b15-ba51-0db6bf7dd08a,0,0.38962565588220527,0.30404106
931fe879-3e3c-5399-979a-17fac5eb7dfb,0,0.09868897406239399,0.18482488
dc8d9ebe-c561-5553-9359-821ca16563b0,0,0.18434996491416888,0.618117
41046fbd-fd5e-52e6-8a8b-aa899ea12247,0,0.007066571965957046,0.14387678
7690b404-94f2-5021-808b-20cadddf8e69,1,3.2221251902224357e-09,0.79893136
7412ac46-ef92-5b68-8a94-a9acaa12b236,0,0.07534762362291617,0.2236161
2c5fe459-fef2-5688-bca8-cd550565aafb,0,0.34832394939099637,0.22013558
cefe89a5-3ab9-5189-b640-9332ef16d41b,0,0.16141001606942662,0.16681376
b7522806-f0bc-5da6-9211-e1825a878696,0,0.22519703213862347,0.20640643
1116e54a-5e3a-5e0d-8bc3-04abf44fe61c,0,0.057086094441175704,0.34327874
e38abb52-c378-513a-b3a4-3a65d40eff17,0,0.3440450096781166,0.18895057
fecccc3e-354b-50c4-80f1-cf4e0888ee91,0,0.10783125153253768,0.16362628
5a05f478-9218-5fcb-8a47-cc1f4fbee855,0,0.2364436863062886,0.3029021
c38d0ce9-868e-5bd7-b6a9-8d421f5f08ac,0,0.07824205718527767,0.26986828
6e2df42c-7581-5c0d-af1b-0e347aeb86df,0,0.9398229883415988,0.5299637
84f9a6e2-eb8f-5f51-81cf-afb0761b53c3,0,0.06675888622301923,0.18280895
be743401-d957-578a-9a1d-54dbab02fde3,0,0.01820096846104258,0.22296226
aa2bcc52-1998-5b5e-abb5-ac995a6a6ecf,0,0.16659419129843805,0.16213584
d576fd9c-fb84-5894-8ec2-bd7441b328a8,0,0.001662695752842905,0.48631275
532a597d-2616-597e-b8c2-3e5bb4d47c7c,0,0.4475278930118448,0.5013824
f5f696d2-d26e-50d2-9c7a-7e353d61322d,0,0.18788376436131704,0.3111932
e36f127a-b4c6-5422-a36d-1bb9eb67b2c2,0,0.21505770591785187,0.44853842
493ea961-9b8c-5746-8f48-7fb6bcf48f7e,0,0.005336626416230138,0.18093874
252d05e4-c278-515e-ae43-461567712af7,0,0.30375393317109195,0.15881453
b25b9566-c3c3-5984-8c60-9e720003f641,0,0.3237919683360434,0.23727678
5fbf233e-b4dd-5f67-ba08-fa5d6861569d,0,0.5871611491350016,0.47790918
ca4419f4-c330-55f0-b205-cc28d9cb0a6a,0,0.11292637140982721,0.20882133
2659f492-4bdf-58ff-85d6-aa88e85c667b,0,0.34510026052517456,0.2215705
0f5765e2-982f-5bf5-8095-e5b482b5d920,0,0.24042132902374494,0.32315508
0e9a9d99-0aed-5260-8523-cdce9e449ddc,0,0.11740794350295713,0.173716
d5fb26ce-4d47-5e5b-ad02-bab617e8d72c,0,0.1910143794270125,0.31737596
3d0ee675-aa0e-5fbd-a773-8195b775230c,0,6.386612670912331e-10,0.3838035
5ff5df13-cb4d-551e-b526-e3a4f1f389c7,0,0.6419825226493576,0.37611753
b73a7c3c-da36-51d2-81fd-a1f63a770c59,0,0.19562853799373608,0.48827493
834345d6-991f-555f-8792-5e99957ad85a,0,0.0976881571423701,0.18849592
7c5fda8f-6db2-5c07-b0a6-73f25177f41c,0,0.0819586813310184,0.22592045
e53501b0-af73-5e28-acda-164b194d307d,0,0.02715561825627119,0.1555305
4f6c0ecd-bd7f-5024-a8df-83579d180d49,0,0.11638034120423506,0.22121842
061398cb-3a25-5053-a3fb-a03aa6508015,0,0.14544925169870898,0.20460607
6f69170c-4648-5617-8114-8afaac6f3a39,0,0.0002932810147243812,0.6164618
95d50b4c-dbc8-5f0c-abac-60ff144943a8,0,0.26247644159279204,0.22228087
92eb67fb-ad6c-5e87-85fe-10963642e110,0,0.33377159020362174,0.20562854
efd87751-f623-5d6f-9133-a3a8fd9c9ad0,0,0.05417142126392191,0.56008536
947852b0-4a50-562b-84d7-8013a9919909,0,0.38136360435010264,0.22937883
cfd402ed-eb25-5ecc-8b76-10fa9dc515df,0,0.01960085336791434,0.1688275
c2aebc1c-1c4c-5b5e-9c50-e9be002faa6d,0,0.0781611822624353,0.16323802
9cf42c35-06e2-5441-8019-56cf28d24ec0,0,0.2762389146671073,0.22010425
3c2824a9-9172-5dc8-abb9-e403ac4cc2cf,0,0.02128049598167047,0.14492753
678194fe-b3dc-54ba-8037-4bd8e8a78c1f,0,0.09129478578342606,0.16593097
e560985a-7d4e-543c-a024-0b7c6d7621d0,0,0.06186609997596848,0.19675949
6b853485-a47a-5fa7-b386-52a4b5ff3d61,0,0.4345892291512902,0.25008762
bf61a286-0bf3-57ff-8f1a-d85ca801983f,1,0.8123377283065765,0.61737394
1350ebe8-b305-52c3-8c00-18fff3dbdfa7,0,0.5530621163893196,0.3877449
40d72d67-e00b-59d2-ad77-45ebf2bd2f07,0,0.03846450050179568,0.3740137
069e19d1-a551-5a7d-938f-725e8b04bbb4,0,0.15015425309003927,0.2855895
500244a2-480b-5e55-ae4a-bda4ae431335,0,0.3562739467190347,0.30527422
355e67fc-38aa-512b-b2f7-7c49d35a5880,0,0.0707233971357281,0.16295612
3fcd8d80-6ed8-5e35-a401-53c8f191b4a1,0,0.0020277447374919466,0.23528619
672f6a43-b3df-5897-8ea3-5da31f87c391,0,0.00971122985267664,0.23498702
44c1c986-49d4-533d-8a56-34dd074bd08b,0,0.012416014141545187,0.13072795
e0c82780-d860-5d3d-b778-559b62444443,0,0.026777577491864366,0.3013095
01758ce3-b391-5026-83c6-d48451c026a5,0,0.39065429990472106,0.41382545
1ebe6a96-ad1c-5af2-985a-e19284ef2163,0,0.02005399110374238,0.25649622
27f600bf-198d-504c-9866-a50c1344fb9d,0,0.15275188860987213,0.20236656
ef6d7deb-f54e-54da-80d1-0a9b8f8f80ea,0,0.07279246723951584,0.23793463
1a62b899-e309-5fcf-a0d4-bedf995b634e,0,0.35964700795400306,0.35106012
1d3d98ed-0d6b-5f51-93e5-578130367cbe,0,0.014866794165526876,0.16777156
5dcf4884-b51b-5f55-90f6-ff08fddfcdca,0,0.10345584427003628,0.4083899
f87d4f51-dc06-5abf-9ac7-874a9f777d61,0,0.2461311644786654,0.17728163
f1283e2a-51b6-5aa5-9c30-5b149ded6de7,0,0.030872684896600815,0.27321044
aca28ac4-79f4-5586-9595-25b4e179fc49,0,0.1272808919881023,0.41031295
661090a2-8ebb-5927-a273-1726e58647cf,0,0.025202637205770553,0.13024601
8c192676-8934-59e2-bb3f-517d52f0aaec,0,0.39581703577889704,0.22501366
5b63469c-8147-5eda-8b26-f66cc6e04e94,0,0.39065429990472106,0.41382545
594cb5a0-b856-544d-82a2-450d1ca6084b,0,0.369893122852957,0.32618344
f1860dfd-83db-540a-a8de-2d681b19b3e2,0,0.15004531336445634,0.1782011
c3e8ed69-ae4b-5267-9ea1-7278a3d49de9,0,9.507464884341096e-06,0.27604803
a7d0ba40-9965-5787-861c-732c18142aa3,0,0.39065429990472106,0.41382545
fc7bbd68-e48e-5e13-888c-f5d761642e39,0,0.16683564775756904,0.16303113
3f315286-0d1c-55df-9bd5-2de6eb01b6f2,0,0.002594195316775262,0.67408776
d42016e8-eb3c-5198-b861-e2f3a5a91a8b,0,0.026762991417982065,0.15437259
e059a151-32e5-5538-b197-cf4db7b014f6,0,0.39065429990472106,0.41382545
ff94a9ed-d331-5e0a-8ae8-bd01d08f1b9b,0,0.37255035522084207,0.21065447
e65b238a-2b70-5743-a814-21f7eafdefa3,0,0.08564685393496153,0.28264478
6d49af15-7136-5b42-a811-59b02060535f,0,0.9561997127516536,0.65768015
44954fe1-062c-5504-a4f9-228ada6bfbcd,0,0.2840635069070778,0.38217047
26e4403a-ac22-5781-92bc-ce95683343de,0,0.3925306628707763,0.24022728
d0561898-c429-5d0e-93fc-9c734a2b988d,1,3.739453126233103e-20,0.6710197
582bc4d2-f8f9-5d0b-98bc-7cdf3226c960,0,0.6349650509855845,0.50503355
d8914d5a-0161-51d9-80f3-7a969ac1d458,0,0.012778752911245854,0.30218142
3d79689d-d679-5c80-9c36-c2a8447c111b,0,0.170189360432943,0.17807114
bf6297a8-3ea0-5eb1-ac97-09d572caa976,0,0.030211594000814933,0.2420054
7d163fc1-f909-5fc0-9390-0d7c17b294ac,0,0.39065429990472106,0.41382545
a741a56e-4d1a-576d-b8f4-c42812c146c8,0,0.39065429990472106,0.41382545
1073a3fe-b45a-5bd7-818b-5383bfa4281c,0,0.39065429990472106,0.41382545
4430bbab-02c0-545b-ad86-22fd2cef058a,0,0.36560492251968524,0.5353594
d18cb4b7-edec-5383-a1e0-a24e22165e2e,0,3.726800014141776e-07,0.62081474
12189640-6d27-52d7-b10c-38ad860f4638,0,0.12004397574349224,0.2013943
2e1fda73-4570-561e-861d-99643453a816,0,0.39065429990472106,0.41382545
83c0629a-0102-5e2e-b50a-2908852e4ebb,0,0.08555069653831168,0.2191988
dd6c1339-b100-5d40-a380-77f7800d7f04,0,0.23531686507285174,0.1966615
bb5cc81e-7261-5ae2-ac6f-41f3b3b096ac,0,0.39065429990472106,0.41382545
a89cc217-6901-54cf-b9de-74fa96d58bab,0,0.06687624726556456,0.15434833
7bdf9949-6a5b-56e7-bb0b-da17cd11e532,0,0.39065429990472106,0.41382545
00082779-e174-5867-9c8e-57678387201e,0,0.38205313331459606,0.26036263
905d091f-f85b-5d6e-8469-0877201b4331,0,0.39065429990472106,0.41382545
2b468ffa-c23b-5fb2-8ad0-2a3ac7dc66d0,0,0.03724434007821387,0.1813844
036ec6bd-5de9-5259-bb84-0d1ebc74da8f,0,0.39065429990472106,0.41382545
675bf518-47b3-5235-a6a1-f27fd9aa5148,0,0.39440607835934444,0.21967696
f2befdf8-881e-52fc-a786-39b17513f98f,0,1.1430935482896306e-05,0.23438497
1982f621-aee1-56dc-b175-4d3f247166ee,0,0.39065429990472106,0.41382545
83ddaeae-d613-5f4f-90d2-47074cec956f,0,0.03950022518145574,0.17428616
85bb1057-7f6b-5beb-b5f3-0b32003e9698,0,0.6056881863966602,0.41975713
66864a77-7ddf-5eb8-a37d-689e89bd019c,0,0.3957372713457351,0.3165547
46ceeaa6-5fb1-58e2-a218-655788c6c31c,0,0.16722458600640058,0.49984723
a522129d-6570-5e94-8671-76ea3f02c004,0,0.04057842192819291,0.33914155
3d237e49-2edc-51ef-85d6-c45970567d93,0,0.39065429990472106,0.41382545
3fa8e27a-b833-58b5-ae47-7fb3d9cb077b,0,0.39058718541893206,0.27422267
825916c0-3b29-5a40-b7e9-a369b29cbaed,0,0.42579144307007954,0.23953195
5c6138be-1369-5443-889c-9788e75e1cca,0,0.14980552367448577,0.1841858
83a5f4a6-8e86-551a-a448-8334fd97eb45,0,0.39058721536157304,0.27422267
cba19ea9-5192-5e21-90da-630108d318e6,0,0.16150613257548108,0.16681376
dd837475-5477-52ff-8cf6-910e423db5f1,0,0.39065429990472106,0.41382545
1704e222-f7c5-54ea-9de3-79257cfa0fd5,0,0.09258578419933228,0.21336302
f63aa7a5-3539-5eeb-a648-0ccf876712e7,0,0.02846994012432117,0.13922648
b5f7d2a3-658f-54c7-81a9-6283f0b244f0,0,0.28981967496426136,0.17866963
23eacd62-5375-522c-96b8-e3bddf550ee5,0,0.09681386813310391,0.31149468
5122afec-d044-5b97-887f-6790c74af97a,0,0.39065429990472106,0.41382545
0d78b2e0-d62f-5fd2-9b5a-68c9506884f4,0,0.39065429990472106,0.41382545
470118cf-345b-55f5-a061-7a3350fb3468,0,0.39065429990472106,0.41382545
450036ed-7e54-582c-b4cd-1c6e91a34222,0,0.39065429990472106,0.41382545
8809aacd-7e6f-53ad-b07a-aeba8a4ebc1d,0,0.39065429990472106,0.41382545
8b67a8d3-4a6e-5398-b46e-6ef05e463276,0,0.39065429990472106,0.41382545
033c0289-9c4a-5800-960c-da72d5a3bbd6,0,0.39065429990472106,0.41382545
cc626993-eb39-587a-a879-b788696ade3c,0,0.39065429990472106,0.41382545
97c79e8f-3e5b-56fd-b301-bee624d075d6,0,0.39065429990472106,0.41382545
c0627dc8-0f9f-5977-b469-b340470498a5,0,0.39065429990472106,0.41382545
ccea3a84-200f-5223-afd9-3e46b37c77da,0,0.39065429990472106,0.41382545
56b8fab9-3295-5891-a233-adde37f9481b,0,0.39065429990472106,0.41382545
cc167734-f4c5-5881-a3f7-bfafb303729a,0,0.39065429990472106,0.41382545
daa1c5b3-023d-58cd-abe1-f2d4d8b15066,0,0.39065429990472106,0.41382545
50589374-a99a-5450-bae8-9bf9ed292a5b,0,0.39065429990472106,0.41382545
f0149e7a-1de8-597c-a104-e89b21bcd19c,0,0.39065429990472106,0.41382545
0941e9d9-4daf-598e-9334-c56bc0540b61,0,0.39065429990472106,0.41382545
a12bcd36-01d2-570a-a7fd-57a1964f9af4,0,0.05690737774318098,0.19657272
9c1b2fca-d495-51ac-943b-d1aa00f20c3f,0,0.37158542395641886,0.55938596
e2ecccc7-36a3-51f7-9e31-8e95a634458c,0,0.11277991289965858,0.4386581
ef5e49f8-a307-586a-9dd7-f00aec1c343f,0,0.35847642371619937,0.18583311
5dfabe03-57f1-5337-a5c3-f3bd42c5d893,0,0.07651760465074929,0.40125078
1d46ad1b-bfd8-5919-a330-65b6bd2a63f7,0,0.38089603344273837,0.23871045
72f2bc9a-5fae-5a16-b16c-9be58810e595,0,0.006987094143905239,0.18285653
518b1ee9-6164-538e-9241-835a97507429,0,0.9812271885236322,0.18047899
9b52da1b-746f-515e-a72d-2f86f7a3fa1b,0,0.10833171701653312,0.15715703
5bd213c7-9d1c-5c0b-85db-9bab806ebca0,0,0.5737522259306713,0.18658663
f5099436-b3c2-5a3d-8d82-a9e65ce254ab,0,0.01359819742620574,0.16825132
3487d4b7-7a74-53cf-b05f-bf3b8464c390,0,0.4227675897819465,0.23253961
0e9552dc-299d-5382-bffc-d6b24dfa35e9,0,0.12538630463744824,0.2240278
54a96710-b7f5-599a-be39-cd3a184fef68,0,0.239241451388273,0.3318785
ac8142f9-213c-5f07-86c2-b9cb5ed85388,0,0.020815228091864403,0.18332565
77e30ce0-8647-514a-8fea-317bea36facd,0,0.10388459047633894,0.22758089
3c041c79-e098-57f8-af2a-45e960642ed3,0,0.2512329058126536,0.28872547
7a5c1f58-a4c3-5b8d-a87e-b8bddc13992f,0,0.15373215914138486,0.15768977
25951249-c801-5dfc-9a2f-dc7a4c5e7c5c,0,0.9316283143913084,0.46055758
8b59f17f-0aff-52cc-b454-45bcf32b19e5,0,0.01675957576574314,0.1411351
fef5b8e2-c3ad-529f-9610-df70cbf0e53a,0,0.2580728769800415,0.3558226
4dce25d3-49e4-5e0e-a005-bd70676470ea,0,0.22268399597993585,0.20567587
b40b9cad-f9e2-59f1-b4f9-6a1266000916,0,0.22268757927672686,0.20567587
1b42f329-7c7f-52a4-8bd9-4db03766622b,0,0.04741028361528516,0.33986926
6425962d-43a6-591a-8cf1-53acb2bd24d1,0,0.37726286549944466,0.38017577
4564553d-92cb-5bf3-b23d-0df695a3b895,0,0.43556843830981595,0.5727052
04b80f88-a708-51f1-b8ef-29787388a5fd,1,0.9943083989233511,0.69005
7aa7b7d8-2030-5065-88b8-9e273c182a4b,0,0.1172784333492643,0.17528106
843db45d-975a-58c9-b1a2-1bfa9d501a72,0,0.10298829416127135,0.2529358
d8089c41-a5de-5f79-a5ae-4ea5ee820cdf,0,0.25517202933224264,0.1841294
bd07652e-07f7-51bc-9a96-1fd8e09fb3b9,0,0.04360717682837687,0.2573867
1231e3f2-8493-5b86-a4af-bb63a9b10234,0,0.167126875298159,0.39417082
db01c6e8-bb6b-510c-9dfb-449a2b7d75e1,0,0.020427831096663317,0.17854814
a1abdf9a-d332-5a61-903c-03528a771a45,0,0.10448080995989868,0.17724016
678c962e-84bf-5394-b408-03795888ee2c,0,0.0009018978598450662,0.67468333
bc7e5336-638c-5e9c-9d8e-7b4028641501,0,0.2023493954149083,0.2191988
2e270457-4faa-5e69-bafd-23697b7d89dd,0,0.022602293649026623,0.18826997
deb20f4b-5514-582c-9a38-a5cd3dfa3f4b,0,0.11635100522347495,0.33434218
fe606004-9a75-56ca-9b47-295788cd5b16,0,0.39065429990472106,0.41382545
71f54248-7d87-52fb-bc06-8741e32ca065,0,0.3052899941531752,0.23389702
ae57285d-c87b-557e-9088-2a46ce4254f0,0,0.6319763168169824,0.2023323
bf7ad46a-3651-5abf-8e11-a7d52457d892,0,0.6462654508514144,0.4322482
9d5ae19c-8b6b-57e6-bd83-26471bab66d5,0,0.22926577472164375,0.15637594
f9fff874-d20d-51ba-ba03-2acbfdc706e6,0,0.2648358926793125,0.37208176
56fc1136-ba24-5f66-9989-875f067c2139,0,0.06936340217335206,0.14210314
f3182017-6893-565c-9ae7-c79bbcef9a1a,0,0.44201506837667753,0.37298164
744d2e5f-e4e0-514d-ab29-886451a254f8,0,0.11850820413071259,0.30801085
9fe98885-3d03-579c-ad59-90b6060759d6,0,0.42411098300031413,0.58421576
7805cf0a-d1c7-5a42-8db4-9715661bfce9,0,0.19406536706894303,0.22795744
266bc319-155a-5b96-9804-60f26504c578,0,0.2880095739984765,0.18873908
6ac28b37-ab0e-5a11-b2d2-515d6180f70d,0,0.42804970930878355,0.25556046
0e6cb130-ea11-57a1-9110-0667265fc1cd,0,0.3064908492420034,0.48501763
def2c391-6b72-52b6-be8b-b6d2ab04b512,0,0.0826787033182485,0.18207008
f9bf0671-e3c9-5916-8200-ce3b40332232,0,0.10383707470549935,0.48457983
a9333885-b24b-5a71-ada6-224597f8b444,0,0.032054688128870676,0.16983464
c743e230-d2d1-5b9e-81ba-73dca441503d,0,0.39065429990472106,0.41382545
cbbdc29b-caf2-5615-a5a1-f38737378b9c,0,0.6214460592666565,0.46660137
65d8456d-5c2d-52c6-a8f3-9664a0ff463b,0,0.005811051500215807,0.17162974
16b2746d-f894-5f18-8480-7642768e89d1,0,0.4111334501319204,0.27196768
e36af55a-9a1d-516e-8ef3-779b6ed38d02,0,0.38351493955185323,0.22048502
82743af1-c208-5804-aab3-3dd92396fc2a,0,1.1653414746181523e-05,0.26474327
1d9e038e-38c2-5c9f-a530-f77adac28b52,0,0.05663904845389646,0.15049213
b0114829-d08e-5640-bd4f-52e9dba4a041,0,0.0781552106565742,0.23719822
8c25f55d-5300-598e-b096-9c954cfbf5a1,0,0.5269371759504256,0.2073664
cfc7b679-7801-553d-b591-ccd796bc48e7,0,0.15577398170301607,0.17866963
14c076e8-c4d2-5c67-ac4a-e54d15df059b,0,0.5574120404667338,0.483107
b495306a-31bc-5db5-a5eb-584538891541,0,0.2985621336308176,0.20438571
e8ae60cf-4718-5e13-ba5f-e9a036ba9b73,0,0.14250673060109534,0.27014855
4cda9729-e96b-501e-9581-1a02caaea5e4,0,0.1748262155792046,0.16040725
1c73c3d5-1dcd-577d-89eb-23ed72373fd0,0,0.025773019132181958,0.24012801
2fa3718b-1bcd-5af5-8ce6-561f0a7faefb,0,0.38019053771029965,0.3087254
070d8a51-bac0-561c-ad1c-db9f352a1749,0,0.020815274233479338,0.18332565
872ff912-ed25-58f8-8dae-e30242698f18,0,0.4204770019034411,0.34537682
4de0b809-c123-53e1-b73f-6d28fdd98f1b,1,0.39055177167669747,0.2780575
9325c511-4207-5326-95b9-33ec5c87fb39,0,0.10154398009999792,0.17035508
5a580c29-8d43-5b17-bfa8-c0740764ef6b,0,0.01932118493316606,0.15514
c7290b45-fa9e-563f-9f21-a8cbaf900596,0,0.2949957750658419,0.20965344
14a60608-60e1-5329-bc0b-1b4cd79cd9a6,0,0.45301039345433447,0.17512476
a97222fe-cee6-577b-ba2b-ce7c2dfefa2b,0,0.39065429990472106,0.41382545
d6bd8903-683b-5978-814a-a3cb35f9dd25,0,0.9197735703122063,0.391462
8da6f070-3d87-570e-9d8a-db9080bbe22c,0,0.020815300410016935,0.18332565
95767f53-6443-52ab-93f4-034a9a356d78,0,0.12709717089516687,0.17963584
5b11e4df-e46f-544a-9440-5de3bc90a2bf,0,0.9682882190386863,0.58777326
306069fb-b9f0-5b35-a7f7-e06babb53437,0,0.5342227090887004,0.3456872
f6ec5a0d-c7bf-584b-be22-cece34981828,0,0.39380578654126774,0.21964656
acc4bb9a-7e92-570a-a12a-6ab30033a903,0,0.07631072634189605,0.23246041
584f693b-7b4f-5ebb-b298-4a2f0e355683,0,0.008204542929445374,0.4860469
631249a5-7f5e-5081-a1b6-4cc6a8e0bbfb,0,0.3570831055660573,0.34102315
24757e96-33c3-5eb4-b20b-07b6320f7cbf,0,0.15004889068647945,0.38234088
14b0097e-a8d7-5ea3-8247-cab5d539945b,0,0.21154089248563282,0.1871756
c741152c-8275-5a2f-ab26-76ab47fd0658,0,2.931466582482532e-06,0.17202431
37454b83-4814-5700-9ae0-d1579ef1020a,0,0.7366672079877937,0.586549
732df916-68ac-5aac-9c67-596c0bd49bfa,0,0.045649008953091964,0.25345325
c2f8fd9a-a2f1-5f15-9be7-7e1ea6ff2090,0,0.02081677377953758,0.18332565
7f7832b4-ade4-5281-8f27-818d301091ca,0,0.09547746981971295,0.20947954
9c81c558-fe2e-5c87-8b59-ba965dc5f886,1,0.04783289823971506,0.22834411
33f6e1d8-ff14-58d1-8522-3d7a49d31959,0,0.08020547411217838,0.30859455
c59f85b5-c777-5923-8c5a-f4adbdd5ba98,0,0.07977857398696511,0.19201182
8e22a13b-e593-5a21-a162-b7220a66f162,0,0.35535198185417344,0.41032392
6b5500fa-d461-5620-86d0-d22c32f6364f,0,0.07221682313698316,0.16684546
36afb1da-572f-5dbf-b2ce-36f6a2b1b225,0,0.018274979151127062,0.32348981
dbae3869-a780-5a18-b330-101e8072edc9,0,5.009405128783561e-06,0.18917474
11f82aa1-a32d-5857-bfb8-2a36f48b43bc,1,0.15376821225777687,0.2957295
e3e447d9-bb36-5685-b5d4-a206152eaa68,0,0.0998013105553488,0.16991854
828bca36-0fba-5cd3-8a1c-ef3604f4cdb4,0,0.06854825456898213,0.26102084
6a179367-fed1-504d-8b92-5efbabf63d15,0,0.10439550087094773,0.21278375
d217f6dd-9bea-59f8-8a89-117370bcb8fe,0,0.2374523046262694,0.21079646
6d379738-b365-57e7-9060-782a1385a23a,0,0.5740033606960875,0.5994009
06256dad-9fe7-5a5c-b813-84757e2f80ae,0,0.14022868018484655,0.6297958
cb797b2b-52e7-533b-9b72-7b626881f07c,1,2.6493535684512937e-08,0.73387694
07f9ef92-2c45-5041-bfa2-eea68963d131,0,0.6254443140415865,0.51676244
ac76379a-510d-51ac-b271-bf7209a07507,0,0.10490928942316044,0.16768514
ca9562ea-5908-5017-90d6-e00116bf979b,0,0.160308401913272,0.40919894
3539c16b-500f-5165-8605-90ad1f495748,0,0.20425287016210672,0.30530596
0e6c3441-b471-5054-8b7e-0554a486ef2d,0,0.19430782317173878,0.41975713
5767402b-1120-5c4b-90f8-e8e3ada809d6,0,0.23471897106414802,0.35556942
887c44a9-c900-52d9-a714-793bb6b3f3ca,0,0.012548328578900007,0.20407593
21b5c24f-cfcd-5704-b599-1739eab0acac,0,0.025376182516082996,0.19703457
adef3610-8fee-5e41-885a-05377f87f709,0,0.05793031923090655,0.27323586
ee224f42-20cb-5243-afe5-67dde87dedd2,0,0.03929178219734455,0.41629362
8f5fe94b-c812-55be-a617-9a2c759ad0a5,0,0.9848075425479307,0.5250639
4fd89731-ad0b-50ef-9d0b-052350606fa3,0,0.6914040101608396,0.47049227
fc56e460-9467-50e5-8e3c-606308210454,0,0.5244357262445561,0.38745627
78ac3a59-3cd0-56cf-b255-9cd7e54d78e0,0,0.10285906210578973,0.17493673
713f3672-52ee-571e-8edc-b1dbd631b25b,0,0.9026853696190917,0.519601
c6fc1493-405f-523e-b1f5-1a65e08795c3,0,0.1568567719540534,0.38533664
49a9e30b-0999-5c0b-96b1-0af3f66aef81,0,0.07406601681110492,0.16983464
0f50d2be-78f0-5e24-8e38-5c6a64285b28,0,0.11803638728219139,0.4076017
eb63742a-b3d1-551a-9a90-74c1c4d71586,0,0.013662748238393706,0.17723186
406a773e-f634-513a-ab3c-dae2d96874cf,0,0.035356134784914825,0.18262592
77dfd6bf-b67b-52b9-87a9-eea94633b691,0,0.05143078511601596,0.15908222
e7131adc-e557-5416-966d-ac15f3cfff8a,0,0.11422162319829403,0.20882133
ae5464f9-447a-5750-9265-cf50375393f5,0,0.0030659938354978817,0.27097088
2325e811-663c-5b9f-9720-3439131a1edb,0,0.28554588745649934,0.16969833
e277c2b7-c6f9-53e1-b4d0-48d58a362bcb,0,0.08362280348308235,0.5358398
e18ecae8-969e-5726-bb4f-052c697b43be,0,0.022161104401304695,0.1578939
0e9f49a9-a108-579f-8095-9e51ff03ba2f,0,0.11465017907333151,0.27357435
4131aceb-82db-5a1c-8969-59ecf4dc7808,0,0.29213205758929595,0.29072034
8f24d95a-bcbb-585b-bb78-3f8386a4e606,0,0.014164655806688289,0.31144282
5e655481-b780-587a-8c46-3996b3cc4306,0,0.37819536659843267,0.19405042
f08f6c5a-be37-5bfb-901f-265d152b3b82,0,0.2163676065141413,0.20667098
fe950acb-c58c-5920-941d-a539c8893c12,0,0.69664020567525,0.45825565
6f256d8a-341f-5576-99dd-da6ff8296225,0,0.3940891412687593,0.21967696
467486bc-93d6-5420-88e9-dd192118acaf,0,0.2026793807265258,0.37127605
e0d40329-4b9d-5010-9728-3468108b6f4b,1,0.1412510149615795,0.3071676
3f05ae37-6d52-554b-9c12-941a2a4b02f5,0,0.9695026496905695,0.30116898
5ea1e279-5999-5a1f-8f3f-d76b9816e017,0,0.9963466692258537,0.79789215
cdc2ff34-b6fc-5251-8dc0-340fd1b34af1,0,0.013893012797367712,0.16925403
6735e506-1af9-5cc7-b0fb-4c3f84476d80,0,0.4686282809218725,0.44999683
a1d1cbf3-27b4-577c-a179-21586d5a9e60,0,0.12027619009266538,0.21427283
38c6b98a-e5d1-5569-9923-1902c3ff3ce1,0,0.39065429990472106,0.41382545
5e803046-8de7-53c5-b9b6-bd407b9f7e26,0,0.01965753865666813,0.3628624
5424e8e4-9487-5923-bfc9-1c64280a7e57,0,0.10125784687664212,0.32819495
7ebcdb92-76cd-5420-b99c-34d729c2626e,0,0.0391359622774384,0.17795965
800d7d1c-55dc-5286-a456-dbbeb5d84394,0,0.39065429990472106,0.41382545
7a64cc59-2e50-5170-9301-33d0863dc116,0,0.028411753029057563,0.35753316
3c458010-3371-59bb-a06a-8cabb1f2f8a6,0,0.43669707066241104,0.34873402
2c76ebc5-3efc-5778-9acf-6decae3fca3d,0,0.02012137257429927,0.1648878
b1a2ed24-0dce-5eff-9960-881ef144ceca,0,0.29501402669352866,0.20965344
dcbc04b4-7122-50da-89ad-465f8660e005,0,0.03097076583695186,0.18108222
5ca871a4-ff9e-579a-974a-163ce7bca02c,0,0.3784054289342172,0.18510468
9b5a592f-de95-5492-9375-c3e422937655,0,0.4268556647406697,0.440157
e100f4d8-281d-5eb0-8237-934414ca9793,0,0.15271486842055823,0.21844043
66218f32-10ab-56fe-a40c-b28177909e92,0,0.5304034747432133,0.588621
4f3d1ab7-1cf8-5e5c-a601-0251a0796499,0,0.5171088252433212,0.46654657
e26dec77-d89e-5d0c-8593-8cfc6eaca169,0,0.39065429990472106,0.41382545
611f9393-7644-5fe6-a4dc-cd28347b7227,0,0.83652326398201,0.31219834
3f46e603-c493-5c58-8942-b391337393b9,0,0.0888419345902789,0.18555965
e398f596-fa73-58a0-be0f-7cda88fb060c,0,0.39065429990472106,0.41382545
84f4a530-af2f-5c06-b847-b7e61315295b,0,0.6343602822140793,0.21690024
77866708-e8d6-5311-8091-d2c34a5c73f9,0,0.10141217171303354,0.14551926
e0e57016-1775-51b5-b298-a4211a243103,0,0.11629675693216242,0.18857342
0ad53d49-a10e-55c0-ac66-f1af7d9d95b8,0,0.030934345374551763,0.14604393
a913968c-15d8-5ce2-9000-d343a75fc8e4,0,0.05749874591148578,0.33742929
770ef076-b059-56c3-aedd-42495033b156,0,0.020815212785293098,0.18332565
9963351a-29b6-56f5-ae82-e3d6545eaaf7,0,0.5535968450598263,0.17908669
aaa32dba-bd75-5823-afb6-a17c54fbbf29,0,0.07061501662489801,0.21307147
fc153be5-ac05-5673-a211-59eafb4eff91,0,0.005456240692965311,0.37169674
a2a827a0-c7a4-59ac-87a3-275c9ae76ff0,0,0.30784846549559264,0.23424721
b519a765-c98d-5f2d-a54a-7f6754cc7278,0,0.46503383923019764,0.22526737
d21c9c92-7b58-5cc0-86b1-c218739c50c2,1,0.0011292956819826977,0.15310916
88a9e7de-21e1-582f-8fe5-30f8384a7ad2,0,0.20869187664246316,0.46757522
b7304d6b-6179-5f7a-a77b-d7bc75188d85,0,0.9219243348874311,0.62117124
b6e7c79f-0bbc-5a08-8eec-bbc1aaa3094f,0,0.38529977825431533,0.5209017
0de68055-e2d3-52b1-92b2-b7d86dc88282,0,0.2204464252343109,0.18594433
33dc817a-7c31-5c49-ae58-0d8ab3e93115,0,0.06048244143896855,0.3775436
99c7c0e8-d170-52b4-8eb2-dec9900d7df5,0,0.41060886772249,0.26504782
5ea59432-2707-5351-b081-41dda7668860,0,0.4838301175394298,0.20322168
588b1308-6c71-5a27-970d-735c3dfe7e2b,0,0.1888806184252047,0.21079646
31f9e7c7-f594-5746-9b0f-a099c00525f5,0,0.13907717665134972,0.16564044
1813aec7-1fff-551c-a9c3-e22eabaf6a4a,0,0.008736172076247686,0.14092131
153ea33c-9c7b-5cc3-9e86-b9b371644f53,0,0.298950791396898,0.3461574
f528f37e-31e1-5627-b3c1-d99ab16a5b96,0,0.39065429990472106,0.41382545
7be4dd3e-528d-55fa-b935-23b21cfb2db0,0,0.226254421435663,0.1804532
3bc4679a-a3c5-5a84-86d9-89f694f2a29a,0,0.31695826875078925,0.27056497
690ee40d-13e6-50bb-aa5c-eb455e311c9a,0,1.0185657206027998e-05,0.34538475
60d2dab4-90bd-5fdf-bb87-2dc65d49e6a0,1,0.9965749603464429,0.7042776
5f3faf68-b82a-531d-abe6-543a49cbf909,0,0.22182009607806766,0.21242577
1ce04329-c891-55f3-9e3d-8112a8e4d308,0,0.11272941878967851,0.17654203
e82e704c-617f-5485-bb6d-6d96deb63f36,0,0.006236828280240588,0.31174323
3f428f89-12a8-5124-889c-b538887cdc34,0,0.39065429990472106,0.41382545
eb54b963-0f79-5054-bb06-74eda9ca3441,0,0.31483238115724405,0.25846747
472f59b6-3564-55b9-bb3b-f8fb74d15d5e,0,0.39065429990472106,0.41382545
f879be30-3716-5f9f-85d8-f48c4f00c989,0,0.08991307224264952,0.20276631
5288b316-9160-5c03-b349-c6efa50d7f9a,0,0.23351790659890115,0.2642255
a24c79da-7e32-5f0d-aae2-949017abeaf2,0,0.1264080560163441,0.20751265
8f108509-b587-55c6-b035-40c0f064fac8,0,0.20430716683603148,0.305066
8bbb8f48-b7c1-5db1-ba75-f1d9a30c88f8,0,0.10243160154658339,0.34124503
bd795195-8a88-5755-880e-da66fc2fcacf,0,0.19477526649534216,0.22428207
276d25ca-794b-5b2f-9d70-f7f4dbfa5784,0,0.37026291631073,0.18685704
1e2973c0-5396-53b0-a945-9480a8c9177b,0,0.2759566337608813,0.20252042
5ca55daf-b935-5703-9c08-4644b4acfa07,0,0.032674727406407506,0.14141186
b3f191f7-22c7-5981-8f46-1db688f37e53,0,0.09449430646345551,0.26929167
2570d7bb-aeb6-5884-bf94-13818ce8117e,0,0.19831047538417707,0.19220392
904ffbe7-c628-5e7a-8404-d7845df1aea0,0,0.6453416000264743,0.24450874
ad98d4b1-8c75-59f4-a5ea-6d31ffc0688f,0,0.3779101789442825,0.17710614
f86a7d7b-6b34-5fd7-a324-037387d96449,0,0.02111611818974084,0.3427151
53cc1b33-8fb9-5bf9-a8e9-86e5fe44eeb0,0,0.1496849849054511,0.2378719
63a2788d-9425-5395-b500-62ffcdf6239b,0,0.04426704489794778,0.37381893
dda7d8af-8aa4-5136-a5ea-7cf6354bfb9e,0,0.23713522089512648,0.3032841
7e606153-9440-5e91-8790-6c8f58cd81bf,0,0.8077919209040544,0.3557694
163b5bcc-0ada-5821-a9d1-b3dfa16fec67,0,0.29007739109480324,0.17866963
e5dd1026-5fd1-5f22-80fb-eae0a2157493,0,0.36585198519783557,0.5673452
63f37d20-2e78-575d-acfd-baabceed3758,0,0.1795739499302073,0.2931398
c6245356-cd65-5d90-9781-bb45d700b71d,0,0.1743591944832627,0.1889042
0e8a036b-3286-5462-90fb-1c373ed08ee7,0,0.8542719901781759,0.43038437
7d09a759-9c4e-5836-bcd0-c5c448f7d738,0,0.03002627934739646,0.33824268
21400bf9-56b2-5bcc-ae89-93d30258098f,0,0.1619861364782559,0.38497978
7bf7ec67-dc70-5973-8214-447133016eca,0,0.044591033813422255,0.33656046
59201717-29b4-55b2-b461-fc7a3c472e8c,0,0.11009810992397416,0.34504825
8507bffe-aa55-50e7-ad8c-f800ce618d9f,0,0.39065429990472106,0.41382545
51f640b5-0bf9-5741-821f-3a0a068b7b4a,0,0.0045520500758806405,0.15172373
08934aed-0cd4-5d14-816c-a196a452f930,0,0.2797905254677703,0.29608804
2e607146-7eea-5bda-95ee-e0afe5abd5ca,0,0.25931206410332286,0.2027858
e4433f55-28c6-5285-a5ef-b18331e368dc,0,0.0930017081862186,0.23195331
82054179-0954-5c70-92d9-c834cad5834f,0,0.626085438686739,0.43296894
478f26ef-9f51-534a-9b1d-b4794135e86e,0,0.3026588582851127,0.36635405
c080d742-7461-55ca-93a6-0a57fcfba230,0,0.05227744746854355,0.1584363
4c219105-b5ad-5918-9e45-7a66635dfadf,0,0.6911100491689129,0.18817027
f695ae43-1564-5022-bd9b-df00d1e7e162,0,0.6283260858354225,0.43296894
d3a33f09-65bf-55fb-aa44-4a04b2bbc031,0,0.39065429990472106,0.41382545
082a3b6d-faf7-582a-a874-14944fc88c61,0,0.005240439515720536,0.17944191
a8001f84-c1d7-567b-a9fa-4f1042ef5359,0,1.2228602494519355e-05,0.4560643
38e0da6a-0410-5186-b118-be2762592fbd,0,0.02367461294966565,0.3269317
cf61554f-56ba-53e4-9ec1-2c117bf20d0e,0,0.39065429990472106,0.41382545
43a6f3b6-a514-5e13-bab6-a404b6d2263b,0,0.17680223743892723,0.32479656
df7e9ebe-b895-50ac-8fd1-33acfc15e124,0,0.37187025004020924,0.22366205
533d4396-ba2a-5f94-9c95-7647f18b09f2,0,0.007674941303781564,0.45956847
7107d11b-0719-54e7-832b-5829fb6d8179,0,0.6912395447191417,0.44015723
03858218-24f0-547c-bb23-88910fcb2511,0,0.10798953782922817,0.25088128
566e89f7-f1a4-563f-848b-2e399bb3f294,0,0.00831680768674354,0.1909353
870f1728-97f9-5dd2-aedb-885a150b0bfd,0,0.44436022867525454,0.20985723
fd47fa2f-daad-583b-be17-535ec7320543,0,0.0015298598696119794,0.144413
a9f84368-be1f-5320-b06c-49387b19c40f,0,0.8605757503436058,0.5111705
5d8a75c6-b638-5f4d-9fd0-d05ae756cce4,0,0.16039875772764767,0.18368028
aa05e562-6cf3-569f-be8d-7b57287c870f,0,0.3615228654179935,0.22790131
81299e5e-2a3b-5f74-b1a8-77f3b871988d,0,0.5467127251192353,0.20438571
f528f0ec-4157-5140-8b76-031745d1cc9e,0,0.02081524118010078,0.18332565
61fadc8b-245d-5734-ba12-2be58eb6dcf8,0,0.1442624848625783,0.17769623
3191e752-ead9-5904-82fb-208fb7a24c1b,0,0.10293690017442943,0.14313726
d812602a-d4b6-586d-9766-58f4861fc3d3,0,0.39065429990472106,0.41382545
47e988be-6a31-51e3-a33e-f589bef1c780,0,0.39065429990472106,0.41382545
f35b2667-997d-56c5-8cd8-d01c7c853ab3,0,0.39065429990472106,0.41382545
43d3a6b0-bc2e-5afe-b3a4-969f11d919dc,0,0.27087769113103544,0.20527686
0a4ca84e-13a2-5095-93a2-674b9dfb71b0,0,0.30198144850434755,0.39057598
0204b93d-5190-505c-a910-b1154ebbc1e7,0,0.44677295690748914,0.18990697
1ae8089e-9963-510d-8771-211c33c19535,0,0.22344132025751612,0.3135146
e938aa4d-6645-520c-a801-79c45801e6b2,0,0.39065429990472106,0.41382545
0c269069-8ccd-541d-8505-ddc1b0b781f1,0,3.064523507523591e-05,0.34489357
0a58bc48-abc6-5dc7-a6d3-ca5c21892acc,0,0.9600944072377056,0.6787741
30ec85f7-31aa-5dc2-b386-79c78229acd5,0,0.28474058912698214,0.17823207
0ad78e04-19f5-516f-89d2-f728eff1f307,0,0.06190813458121691,0.27859858
fc594ef7-44f3-5e05-b3d7-e648896b1f9a,0,0.39065429990472106,0.41382545
3b24842e-cf33-5823-b5a0-fdd08f002edb,0,0.5469871997426101,0.26939216
8a934e14-8c60-5a76-a6db-54802722adc0,0,0.39065429990472106,0.41382545
8ebb469f-baba-5545-91f0-2a2ece7786eb,0,0.39065429990472106,0.41382545
6c9bb35f-d216-509d-9395-4d6151a324f1,0,0.39065429990472106,0.41382545
8b8a1e6c-ecd3-5da5-a45c-0af7e24ff027,0,0.39065429990472106,0.41382545
6900b80a-1f11-5b95-b115-94796c0ec6ab,0,0.39065429990472106,0.41382545
3d6306ff-744b-50de-88a2-8542a9e2ee7e,0,0.39065429990472106,0.41382545
04b1a84e-1b99-51a1-9af4-c53e9a7f4069,0,0.1350812480658553,0.18888642
cc6e8e81-3a19-5c94-a849-92b6f9e91026,0,0.10717582228069755,0.1608407
fcf27bbc-37b3-5d0b-85c0-3adffdc94133,0,0.32314679932395335,0.33335924
d01592da-c1bf-5af5-b71f-86444b446c3a,0,0.020815250164403283,0.18332565
b0d22a8b-0969-5665-b96c-442b2d3a7ba4,0,0.11895353818997954,0.2983641
9d961df5-dea0-5027-81c1-2ae338416760,0,0.02348821552601086,0.14053217
26720896-7be9-5dfc-80a3-d29037182c3c,0,0.39065429990472106,0.41382545
e5f4fa0d-7cf9-5721-a71a-32113c118531,0,0.010232989683798554,0.17528106
1cbc3626-08dd-5a8c-87b7-12b40a80984c,0,0.39065429990472106,0.41382545
0828583c-98e9-5fb1-b692-62918d79579d,0,0.39065429990472106,0.41382545
263c9ca9-b2d4-5044-9c8d-e1b3a8dc9738,0,0.39065429990472106,0.41382545
e0b606f7-b1e4-5ac1-8528-7fee3866f12a,0,0.7363989344427828,0.31487632
354cdab0-0ca8-557e-8dd4-bd045872293a,0,0.26102749841751893,0.1867172
37cf75e8-8002-52b7-962d-1de6ac7fe9c6,0,0.05782984765580403,0.18110912
51d52a44-9990-5600-ae24-db62da104049,0,0.44659427072311303,0.38722327
39a88330-1896-5566-b265-66561fdbc28a,0,0.7803203849464817,0.35833734
8adcc4b0-e2b8-5e24-8ca2-c26012ebd67b,0,0.42071856018584347,0.373035
7fa24cf3-481e-52bc-b4b0-3444b7f31fca,0,0.643456174168803,0.45018032
90927b46-a960-5aa7-bef8-d3e2b799c2be,0,0.3522528941906196,0.3773707
67de84bb-ed9d-51ad-b4f4-5c1fc90b60eb,0,0.5389683293957508,0.39940554
613a7af0-2558-553b-bd34-561618fb4de2,0,4.9694490430787405e-09,0.6459912
53196170-a866-5e57-b685-75970ae477a1,0,0.10215382044774239,0.22313878
aec18b2f-e16e-53f2-b636-4b488594ff7c,1,0.06195223684922068,0.17106564
789468c8-2668-5307-85b2-2a0f6c62da8e,0,0.09691562739730375,0.24757887
777ec743-91ce-5d9c-93be-14fafec50498,0,0.06779273726180755,0.24597104
9ea8ded2-aee5-589d-a710-0b12dee516bd,0,1.16635387949765e-16,0.6093131
e47b39d7-12ad-52a5-a68a-035d39743714,0,0.21816767207862425,0.29147452
d045734a-0e85-584a-9979-1ed8741b94c6,0,0.35951310199504494,0.36302665
bafc616a-2f13-5d72-8050-9227f9936a28,0,0.29514914089130145,0.25785
b2e091a2-538a-5e93-8022-07e525af7ed2,0,0.04853360400116369,0.3217909
176bc793-04f0-5e98-a5c1-da6acf827982,0,0.47036748721239857,0.34331343
fc6deb00-8121-53ba-af16-879f29fa0f7f,0,0.7271488720381328,0.41022375
01459215-e1ab-5e96-a055-9130bec78a2b,0,0.22271715717618518,0.22313805
63386ad2-d3d2-532b-a414-af02ad4b9710,0,0.27449674351247383,0.47372925
d08de87d-68b3-50ad-8687-bdfac3f12297,0,0.09063973041240289,0.29912993
b337c759-d033-57fc-9330-d9cea72f9af6,0,0.14969684437489889,0.18199103
b5cee8b5-023b-5b1a-bfeb-fb4f19e8a2e4,0,0.36812471112859424,0.3535635
d7ab6d77-c3e8-59e7-935e-a69726d2ace7,0,0.9617982886483927,0.6104681
f2db3e67-f45a-5d85-8830-952ced70097c,0,0.0016663053935542652,0.1799594
37435981-29a3-5dc3-aa6c-781c4a562fb5,0,0.03864257555438873,0.25078443
9a1e7662-04b7-587b-8939-f0b5c2019afb,0,0.939337835417317,0.29427436
7adb5716-a3b3-5b01-adc5-154ee77ab7df,0,0.2934491600545894,0.20438571
ba84b4c9-6212-5273-aeb7-3e14e1312404,0,0.5958983692376895,0.24993385
32d21a28-7fcf-52f0-9ba5-d9a8205dac7a,0,0.28963813423215573,0.45282012
f139e9b8-35cd-5058-b984-5b14457e3e28,0,0.32496282992696096,0.34853968
8e2d31b4-4246-55e5-a845-096edb5f5fc0,0,0.5660755212923797,0.21214733
6af5a8d6-e626-582d-ab03-1492bf5cc7ae,0,0.11165684700059016,0.18296608
a1b6f9c8-a6d9-5fdc-9018-aa159cb955f2,0,0.34882034947754353,0.5202045
cff68bdd-f85f-5a73-bc3b-d739cb14c0d3,0,0.39755611939896557,0.2709684
69193874-56be-5c82-bf92-2e5952f89f2f,0,0.47473700807544267,0.16684546
f8fb6aea-b59a-50dd-93da-3a069ebb9913,0,0.09803194816016299,0.19585264
48d99e21-aa4c-58b7-b380-0dd3bc2c96fb,0,0.3962798875064644,0.21967696
2ca06b84-de92-5c61-b6de-eb2c2365b07a,0,0.9340104528247992,0.6643774
25630352-1d72-5a6a-9a53-2a3393c3f7f7,0,0.5993024832780498,0.45958945
d511d536-b938-505a-be1f-b9c6401b4de9,0,0.4046228991280382,0.22316062
4b8a34bd-1357-52cb-8766-dd0a063968a4,0,0.011407343165840252,0.36671773
00b943fb-1b21-5c9e-b5c7-ca1465f54357,0,0.22318283520599386,0.19368081
5df13c7c-b4b2-5acf-9719-b9b425caa5ef,0,0.8975089405756653,0.43916088
6e825bda-6aab-52bd-b822-ef1c6728e05c,0,0.604293715018279,0.34522623
9ab02b3e-74e7-526f-8b1a-b65eb118da82,0,0.025863085980548095,0.39414176
13662907-ebfc-5a93-b2b3-5400337f5808,0,0.4418873101289847,0.3487644
d003f5ac-0a2e-5603-b8bb-4fc84e39b652,0,0.23340491915454295,0.4302717
64ae169b-7bfb-548d-8786-e7a807b690f4,0,0.9985674508009826,0.7632635
a68d7e61-dc9a-5b6c-9ec5-7d1f336f5614,0,0.282305149175752,0.30325842
31708997-d36c-5e53-a384-ffa1f434dccc,0,0.10399511585597396,0.33287764
53d028b4-e670-55b0-9d43-af861ecaa916,0,0.1815382519924699,0.16669461
f29e85e7-3c7e-52bd-bbf9-dfb11fdc1a45,0,0.22231907564023018,0.3313053
537f62dd-0c2a-571c-9ee3-c234eae9ddc8,0,0.351355691912044,0.21657361
9aba3c4a-f746-5a74-a6a8-76d9accdab89,0,0.42513684562773907,0.5910938
e6e4d217-2dd6-583f-aae7-b4b4b63400fa,0,0.5985754911124314,0.24708623
21d4e404-98bc-5224-ab9f-91be63dc1d4f,0,0.5212412764139868,0.3220689
9c004b3d-eee5-5143-b04a-89f2b9fd0663,0,0.12374228658688816,0.19362424
bc86efdd-2a68-54ef-a450-bfcd9d4e6d37,0,0.6337927684685231,0.38085216
f3ff3b53-ce3e-533b-b24f-c792c0461aec,0,0.13199061309768145,0.31251326
c2bcda13-4ebe-5bb0-9a46-ca0805713ad5,0,0.4354295326432508,0.4038404
631a06ad-145d-5cbe-b361-b516859fa8ac,0,0.04910786448272046,0.16502036
22e6ba17-5844-552c-ad65-e3fb4d82620b,0,0.18570684944673754,0.35646996
b88fd943-fd95-559c-b3ba-c420d03300c4,0,0.7261976092463215,0.28521392
e5235599-8a90-5b27-9875-03a94529c6ba,0,0.16867276496416342,0.42022672
a24c50d6-7d88-54d0-9184-0cb15589b7d6,0,0.04015709184383125,0.23987442
372420d3-94f3-5915-9686-6db9553c3c2d,0,0.004630766691883474,0.22137208
0a657942-2763-53f7-97c2-68d3e15482ea,0,0.08861552383410705,0.21020566
48f4402c-592a-57b1-a5da-1b501494d46f,0,0.0045725124352934115,0.46364847
55e3735a-1c69-50d3-a2c3-45866f01b762,0,0.00010593315734357608,0.4202253
09250f74-bbd8-5435-8af8-b0976cd013ae,0,0.04474480516567613,0.13105515
1ac11a77-63b8-5e59-bb68-06ff3dfa3212,0,0.490810329522102,0.590206
7dc6e84e-584c-51d2-a71a-88d227ffab40,0,0.4050884351034103,0.25371528
3cb28547-1b6d-5e8b-9702-a5955bf7a593,0,0.2660860866391995,0.1975081
c63c1750-3aa3-554e-83b2-0e1921b72dc1,0,0.08442393211107835,0.24830556
e2b3877a-290b-5f58-8f1f-a0be1ed04a0c,0,0.2781467813247933,0.43625116
892e2510-b532-5143-9bd0-ca4fa487e554,0,0.2917777547244721,0.21371575
082eb0d7-64ca-5681-96ea-3842444b5dd1,0,0.6531541882787381,0.6553528
92c1b00a-4545-55bc-a865-206b4ee7bed4,0,0.015221152913358914,0.17160061
176b7ec0-ec38-523f-a095-27694897698d,1,0.2231320315385159,0.35843292
ccf482a7-b88f-55c4-ba17-edf31aedd0c9,0,0.07730239516843625,0.14387678
e0396f3c-5801-5d52-87a9-54894200fdd6,0,0.1730952610960808,0.2833417
f56bf063-3499-5f6a-b74f-b559791bf141,0,0.2224458891542074,0.343353
0a493e14-44e9-5d87-b6df-5c644eca83ea,0,0.0731064920134935,0.2317365
2eb11d80-8111-5197-8532-c40f69556500,0,0.4399890670509506,0.27201378
0d16dacc-f2a7-5dae-9044-fb8d8ff0f81a,0,0.19965639893895956,0.2513055
6c21f681-1d88-5745-9018-1db6de12e943,0,0.062423333453695926,0.3032104
e0784d6f-9692-5eb4-a1ae-27f0c824b083,0,0.057087006899301664,0.25864282
41b37c80-32b9-5e5e-b72d-364cc0217938,0,0.08424604827531883,0.39535862
733a2cc1-1636-5d8d-b3aa-29aa66dcae29,0,0.1894908173344376,0.2693961
c07748a1-0c50-5150-a864-e653c50d6485,0,0.07175459766645526,0.18895057
cfffd2e0-5188-5940-8dea-e25000c4438c,0,0.5341149052493619,0.19254188
0f254860-9ff8-53c3-b6d4-8c3fb4ee3702,0,0.9337957237193437,0.690357
d796655e-d7f9-5c2e-88c8-cb5054100966,0,0.02523236662566188,0.20828599
14db89ce-dc31-53c5-ae6b-d81b7100d80f,0,0.7336256774102026,0.67022794
39b82e2d-4309-543e-b772-a8efa717cb88,0,0.1961958572137093,0.2214786
b10e0b25-667b-580f-a52b-34e5b96d1a1b,0,0.07502427564296925,0.2210001
3f93fb64-558a-529b-8f46-573f35076f52,0,0.11757824805675533,0.34472543
4e914b60-116a-5d98-9e05-d7c89b8c6c06,0,0.19142526786857514,0.1922863
77a69c2c-7d90-52b0-80a4-2fa2980ff887,0,0.3992150765091082,0.23871045
fe006b5f-97b7-526a-bd62-30f068316ce8,0,0.1570611218469519,0.16381903
162a9742-e8ff-59f9-a419-59823b041da2,0,0.44774908432762883,0.24238893
62c9d281-0072-5b22-b4ae-0697c6528e8f,0,0.06552021406069053,0.18029049
df8a4823-e31a-5651-a445-01240ecc86cd,0,0.053858046478139646,0.2666666
6aceb861-5660-5777-ad0c-771a63d0afa3,0,0.6766541466173036,0.7274778
a167ed0b-b844-5111-8386-ad7198e53c3f,0,0.14293433821445825,0.18358548
567d5e38-b4e7-55a9-8241-7be4ded42cfb,0,0.09208978590133957,0.14223059
04d22f88-9fc0-5173-a187-536118e1b058,0,0.037529147070328034,0.24303013
a6edb2b5-818d-5f67-b3dc-0b241d15cf9b,0,0.11968817601225148,0.25743312
8c374d28-b076-5606-93e7-b64df366abfc,0,0.0002165770206957276,0.15133083
2ea251b4-d26f-541e-8700-0909d9f681cf,0,0.16642309310369088,0.16653596
f68d0686-1842-5158-98da-9d74190bc556,0,0.007147759233124924,0.21996073
ec2cf34e-db9a-5b7b-a406-a673aebb5467,0,0.15456678354742556,0.27800137
410e4296-3937-5bdb-a42f-8ac9ddb038cd,0,0.14530765116166383,0.20751265
fbdab036-0941-5c17-a70c-1e6ab106a147,0,0.09351485496820973,0.20702255
19dfa477-2b3f-5e91-b799-a448f1bbc1de,0,0.22407198474353263,0.16495775
ba747aeb-38c9-56b1-9d3b-c9da34170e36,0,0.6838400434938984,0.38164654
9a7baa2e-1934-5ba1-af41-d861c32f9f19,0,0.2873811922541932,0.17823207
a0043500-fe99-5c3d-a870-f27ca29b2d1b,0,0.12096328452719789,0.28764194
1417239a-49c0-59b1-9eaf-63220b8284f8,0,0.29497765881911375,0.1929844
fe9ec64c-e0c7-5c6b-99f3-843c2b11dce8,0,0.39065429990472106,0.41382545
fa661031-3196-5e38-9593-4cd693d2f2ef,0,0.018111868342276332,0.1555305
286909f4-3e76-504f-b399-e6b82e29f189,0,0.0062341177072431095,0.14162627
113015a8-967f-5db3-9628-8d8ebd1095e7,0,0.35655476018181803,0.23953195
d0063d5c-378f-5870-b3ca-a2019d59adf4,0,0.07576265459492412,0.24120277
cec88bae-d19b-5c67-a5ce-6e1427a62743,0,0.0035029523587567523,0.34456158
10b86f94-e47d-50fe-af40-c099f15be87d,0,0.0811764070479306,0.58957386
1e9280d3-28d2-56ca-972f-386dabfe894b,0,0.5363074797422622,0.6115697
1a8e28ef-88d9-52ca-b908-8f8c282492d8,0,0.46326133788674856,0.43300566
2a6c9e92-3fa9-5524-b70a-1d943c127018,0,0.013072502168541354,0.22192347
b39d5368-9086-5e27-a426-db9b16ce7c19,0,0.5252465178991274,0.45313004
59614f56-7c94-5c95-b5c8-40c0472f882a,0,0.11201128981011478,0.18142428
e1dc7821-dc34-50c5-8574-50ed6a6b4f92,0,0.07495456835366576,0.30491883
965019f6-9874-5fec-b6f5-3b471091034c,0,0.06599170043686196,0.18861975
a1d95fe4-faa3-5f52-9813-c8e249ff658d,0,0.5781215847957417,0.27421874
904e3e6f-7688-5320-8b1a-e446df86c5a9,0,0.5014833276058215,0.22556987
5b591397-ff12-5517-b3b8-8db45fd68bc3,0,0.9989202416850459,0.5983521
38212e66-4c7b-5b86-b0a9-7a0e29ca89d5,0,0.14688401652264887,0.21787573
cd65b0ba-de35-55c5-8a12-b92b792027a0,0,0.18645062207668428,0.1588026
90aacba9-1ec4-56cb-848f-869ef0e5e546,0,0.7418247464781669,0.3494262
cd83af53-040d-5674-a32a-437006a6ed6b,0,0.14931266541762334,0.21786287
3678a7ca-60d5-56cf-a29c-71cd8c5f6aed,0,0.3624818103838266,0.368463
0b2af338-d725-55b4-bf91-b9fd84dda6fc,0,0.022324126273375895,0.18826997
de3188c9-cb9a-543b-99f1-5ba786f20fb4,0,0.39065429990472106,0.41382545
8759f4e1-dbbb-56ca-8f32-d9b48e412995,0,0.0021874171908373838,0.14131574
35c54a49-7483-5b2d-9adb-77ac487cd255,0,0.6649045144493387,0.35017917
d1dd7477-28cc-5033-98ef-91b3e5be1c1a,0,0.48420778703091044,0.18533623
4307317d-fa16-53e7-9fd5-aebf95e3c162,0,0.10678189426287009,0.17694868
d5ca293d-400c-57c6-a0a8-232b2e46827e,0,0.161564943776233,0.16240077
54ec81a0-6d2f-5a60-b5f0-830315ee8e29,0,0.21372613394487278,0.200865
107d5729-1b85-5f47-bbd9-af7144493b3f,0,0.33277509947780376,0.4404057
a10cc741-56db-56f3-b96b-59a99cbb03c4,0,0.13085252531275932,0.42041805
c23565ab-f6ea-5b8e-9f79-e0212012510e,0,0.1728223680943872,0.21718767
6c89b996-b97e-55da-8312-dc05fc9f1380,0,0.06677577688356107,0.17154004
c1830123-a5ac-5d40-9af4-04eacaaebe0f,0,0.16853696547453823,0.15620218
63460e6a-50e3-5ff9-8811-3fec743ea984,0,0.0743211315674807,0.21756227
bff03df9-0a9a-5f81-bcac-e6f40ee4baff,0,0.6175741674772678,0.23020844
413c03e6-c8c5-5eb9-accd-07b4dc48ac22,0,0.003308293709651314,0.14162627
0e71f735-e9c2-501e-9f0b-154ecddbdf13,0,0.03198805999299038,0.13585241
e8b84c17-f7a9-5eec-91b3-98dd5c1de186,0,0.21655968713495602,0.17769623
c9cde223-60f9-50e8-9276-d09ae8e82c3b,0,0.12302833158374427,0.1914016
6c29cdb3-95dd-5e85-b519-aec99321ba5e,0,0.26140137863214025,0.23020844
3302f697-6d0f-5092-99d5-5004d97c36ec,1,0.9439197938744422,0.720258
aaf08c67-bea3-51c1-b674-a2d8b97d3ed2,0,0.06007680214514523,0.18027213
0d16004d-00c8-5ee5-9c82-e8c1e1e6ae6f,0,0.3580677238577121,0.20379971
c647b220-fa24-5472-b7a8-458105284b59,0,0.1254302038621607,0.31251326
7ccf8fc8-4f1c-5d08-964e-19682cc56ea8,0,0.11151374719728518,0.20241834
b63ff6b9-e37f-59f7-b909-20cd43187528,0,0.4655751992581412,0.5278861
9b621902-1b34-5f69-891b-529626fb9804,0,0.20031761043585458,0.2191988
2ecc558f-3af1-519c-9a9a-af6999eb91d2,0,0.5715168817366948,0.18544368
2bf274df-3d51-53c6-95ab-5eb26c18e194,0,0.1494745372055607,0.4264941
9eac7a77-edb0-50c8-823d-a3e124eccff8,0,0.21952055736953877,0.19925576
78ce3c08-aa6e-5306-83ec-04a31eab8652,0,0.023405872441194072,0.21967307
e43b35c2-32db-513d-8558-fe85b8c26c71,0,0.018495057670027168,0.37071687
0bf38c81-6b09-5b04-9e03-fa9b64114648,0,0.4666220842862864,0.32845917
b73197d7-08e6-5f23-96e8-83355d625dbe,1,0.9848741653239785,0.6465585
c8e25cdd-e4bc-5f7b-be3b-83cd7dbbefb8,0,0.6562861910561489,0.24997103
ee63afc4-fdd0-51a1-9e95-c353a7262668,0,0.03204159092026946,0.43202674
b29ebbe6-0df0-5e9c-86e0-29af56cb3b35,0,0.4232396598880105,0.21866414
3e4534f6-cfef-5055-bfc7-fa27bf71edec,0,0.1282651436493356,0.28842002
62587896-cc47-51c9-99c6-feb6bd9a9ce4,0,0.00082402576349536,0.18870604
bf673bd1-3d32-5ebe-8375-ca85424be670,0,0.125044525078468,0.2460258
e11746b6-e781-5690-932c-333f379630a3,0,0.11926940807701375,0.38271794
8a945c31-8384-5fbe-8cad-27fc23e34e3b,0,0.14436562307365414,0.26052734
50426cec-f52e-5cd6-a240-8197d72f50fc,0,0.18636225177730573,0.19941485
3062e3e3-743a-5e28-8fa7-85c83d4e6ce9,0,0.3412464773792384,0.25809023
ccb5186b-5af1-5840-a357-5e27b436a013,0,0.03210325027267971,0.16035554
3822faba-21b3-5471-953b-8395bfcd2451,0,0.22809048255284636,0.2605406
e08536c0-3312-55ab-ada1-aca1ff4af7d4,0,0.39058717044761176,0.27422267
cc7654d4-e1aa-5972-bda3-28c587a39572,0,0.02070725979498719,0.28831887
5df31782-85d0-59e4-9843-40fb14914529,0,0.07799130690551903,0.20566499
a2902842-c419-543d-9f86-c1923d53779e,0,0.16822216205110635,0.16653596
d3cf942a-3b5f-5e60-82cf-934757429dc0,0,0.2738315868881383,0.3524755
7674be2d-9daf-5145-98cc-6defaac7c2e1,0,0.010535474400435839,0.31673944
2da5ffbd-00be-5913-b8d7-d4be988f2d81,0,0.1127644353281959,0.18497445
de626034-4185-5759-921e-cc2cfcc2a326,0,0.32755305001435464,0.30022925
e5bf4eea-ce14-528a-ac71-ba163c7095e3,0,0.14865870071166318,0.24338849
2fdd0fff-647c-55bf-b5be-018300ea6f59,0,0.07847678702398331,0.21437314
e42738c1-270c-5206-9190-61243f590ce3,0,0.11422557516184088,0.21844341
05576d2c-854a-5026-bc4e-3ccaf130fd4f,0,0.2141785703922214,0.190182
4b5b1796-bdf3-5eb2-9cf4-c080306118ff,1,0.027770147830734504,0.30537298
146aefbe-d1d9-5729-ac84-49887b9158fc,0,1.0049344775853737e-07,0.455702
67177605-f59d-5f2d-8612-6e99d68f9249,0,0.12543559926036335,0.31251326
bddda764-9792-5021-9261-6b0023cbca50,0,0.15927308055251704,0.22562647
802a6025-1dd1-5629-83b3-e80abb286916,0,0.1758067104930418,0.22436675
190d89be-ed48-57f1-9d08-9a18f02bf769,0,0.09609077765836903,0.21321203
7ade9028-e6b3-5fa0-b04d-6a6559946149,0,0.1409069527950484,0.15013622
b6ea2b66-f459-5c51-9f42-d5d1ff608e6a,0,0.49946825660342437,0.5703119
e7b16490-7576-5b1c-9758-d26e59b2d49d,0,0.3993510508499551,0.28562367
b92f006b-3647-58d6-a3d7-5b911eb30619,0,0.02058026800292565,0.17866963
ef003138-d692-58aa-88a7-e21bed3b43ba,0,0.26725663403215877,0.35106012
7c2b4797-ef06-5c10-b4e9-bef812e52bbd,0,0.192998893899754,0.24214458
9f129ec7-9f69-5aaf-b381-aecae54ee670,0,0.29738160683678305,0.22159645
b5963c32-d5a1-514a-b815-d242ad43aba4,0,0.008286184401277995,0.30725875
b859e28b-8fb6-5d42-ac24-4ef9df37cdb9,0,0.03229191892556187,0.14968187
b171c4b9-af28-5fdb-bd43-941bffc6c10c,0,0.04284171374506516,0.15212077
7f54c432-1d12-5490-826f-da4027c7b307,0,0.17974635489085972,0.3963546
edd312ad-a315-5f18-8f03-8afd0c617d7d,0,0.4504265263824322,0.18990697
f181e614-6d93-5d56-9884-a3f000d9f950,0,0.04087890322968056,0.23437878
dc9402a2-ecd4-5291-8615-e5d3c2d69a61,0,0.39065429990472106,0.41382545
5e7020c8-5825-56ad-8b55-cf577c7f037c,0,0.6516594266230569,0.31579414
5c5b8ed8-54c3-5f8f-90a6-3d4e408f2a5d,0,0.39065429990472106,0.41382545
06b6babb-7c64-524f-941f-693d15300001,0,0.39065429990472106,0.41382545
2871f07b-7b0c-5bf9-9f30-4d58ff3aea03,0,0.11417611921797961,0.21530053
8be63edf-957d-5789-b7f6-88b6d856466e,0,0.04876942588595119,0.15212077
3abc958d-832a-5bb2-8d06-b4abc9a4e708,0,0.5451176864025921,0.21472725
92f76731-0111-527b-bee3-78958e365d09,0,0.04767833657300363,0.16983464
6deffafa-56a8-5ebc-bb05-3238db25231c,0,0.032836484850342074,0.13508016
01b4e427-74c3-5f89-85ea-6f4ab8164bb8,0,0.27897704973043974,0.19175127
e68717f5-e6ea-5a3b-a6d4-d9732b5cc414,0,0.36959689740207846,0.22542664
851f5d51-1a4e-54af-afb9-860698913313,0,0.020555851656855872,0.20448951
82080871-72f1-53fb-a4aa-80abaa8ad026,0,0.3914141273500884,0.23952447
c9b748b6-e1ca-5e5e-967a-5007d95f2a7a,0,0.25581894296539787,0.31084824
73fbc418-6d05-533c-b50e-5c686994268c,0,0.07126360059313426,0.2888367
556e42ff-ed24-5966-9951-cc3dce5ba501,0,0.5054558677672323,0.17866963
dad980ce-005b-5450-a2bd-eccf28035a21,0,0.7048549166664492,0.7196294
72db71f1-da14-5093-864c-e0045bfdd71d,0,0.39065429990472106,0.41382545
3bb44350-7a6e-5041-bede-89ef6c5fe0b5,0,0.39065429990472106,0.41382545
db71c62d-444b-5ba2-91cf-8eb8059c0162,0,0.39065429990472106,0.41382545
5ea9a972-11ef-5496-a2fa-fc3cf8d3f86b,0,0.26991812253946057,0.24715276
97a1eb37-a28d-53b6-bf69-e84fe2e6b338,0,0.39065429990472106,0.41382545
9874c372-1610-5d5b-865d-bbd8592ec07a,0,0.39065429990472106,0.41382545
e45ec1a8-bd31-5279-ac8d-658a894e330d,0,0.39065429990472106,0.41382545
e1e4c49c-c30e-51cb-ab35-6eae47a64d99,0,0.43347525634103734,0.20425597
3dfd16cf-c6db-56cb-87a4-874545c2cc91,0,0.39065429990472106,0.41382545
9f9d03d8-1c54-552e-ab2b-370c896ab86e,1,0.0006429292056717001,0.2547739
5a8bf357-f2cc-528f-b233-fad612f35417,0,0.39065429990472106,0.41382545
6a08bad0-c187-58d3-a0fd-14def252af9c,1,0.4743487189232708,0.6473115
9f648b8d-91b1-58e2-84c4-745f53b54c29,0,0.39058721536157304,0.27422267
80237bd7-09bc-5bcd-9610-01ceaa8ac5f1,0,0.39065429990472106,0.41382545
75ec7a9a-874b-5f73-84ff-459c4a1980ab,0,0.031913988125915824,0.16290073
bae008b5-212c-5ee9-a011-947e66606ea5,0,0.39065429990472106,0.41382545
f843c102-db6a-5a24-85ec-edb924d5d951,0,0.39065429990472106,0.41382545
5d4ba9b7-55f9-565a-9009-3cfb0b4d027b,0,0.390587230332894,0.27422267
56072d81-e73f-5669-b085-47579d5ec4e0,0,0.06074309376737855,0.50528675
1737c27c-cb71-56e1-953d-aa806e666299,0,0.39065429990472106,0.41382545
9f62c350-0b9e-5d3c-a51b-13d097dfe95a,0,0.39065429990472106,0.41382545
d57877fb-2d22-5217-abf5-dca797122351,0,0.39065429990472106,0.41382545
1f395dbd-6077-5115-9ea4-91db27fac0e8,0,0.39065429990472106,0.41382545
ee6d4fb8-536f-5e03-b69a-095a613eea75,0,0.39065429990472106,0.41382545
87db48bb-8f4b-5aca-9deb-2971abb370ba,0,0.4820382308487087,0.4722609
148bdb8c-949c-5445-ae94-48f058c40fd3,0,2.2844365391157568e-08,0.3919557
afb2ffd2-80e1-5cca-b585-2d04b14d67a6,0,0.05275599391266972,0.16983464
6a50729c-642c-50d3-bb21-1ac992fc3c43,0,0.015407373099105245,0.13991465
a998f96b-12c6-5be3-92a9-d3e90136ee77,0,0.3559021484882186,0.5543745
3d27886b-94f2-5ed8-8736-d55eceaa54d2,0,0.19026846663712335,0.21396224
43403cda-105a-52bb-a3f4-867803d7aa9c,0,0.11376936015133046,0.22340834
010eeb8c-11d9-5384-b941-bc2392114dc4,0,0.13592728943707094,0.44414747
1870b404-5fc5-5fd8-98b5-9ed49587136c,0,0.15779806072020713,0.38739634
00aebcd7-f02a-5fd0-bc36-bacb4f6895cd,0,0.14377736048995846,0.27822703
0d596cb7-18b9-5fef-8db1-34be25705c99,0,0.8980653883101913,0.54635257
e80cfe88-e3dc-5242-a00e-523c42c32bff,1,0.9877827939261214,0.79020816
ba16163f-56c1-5610-bd38-2774656acb02,0,0.023838413166550523,0.16646625
fc2cc087-0386-59d9-a439-858424368e4e,0,0.091612951104523,0.28689128
e7afd292-6d2a-52bc-a885-2b852557c7a1,0,0.03179112715940925,0.29283187
0f95c923-8e01-5761-87d0-d70f56a0d40e,0,0.22796162281853843,0.15724994
6b0a3635-f613-595d-9e5c-b49db0d741cb,0,0.18050299924115645,0.23109353
b1180044-7c8c-5015-a7a1-143c5de1dc77,0,0.1203842502889429,0.16678676
d765207c-8f24-5636-9a46-655c91e6ae3e,1,0.9658257445994037,0.76145965
02c7a8a7-15e5-55ee-93b6-d76b11c5254d,0,7.992636815424612e-06,0.27269363
9c6360fa-c1c0-539f-b0a6-48cfc531a66f,0,0.9992295925083731,0.539861
6f57245d-cfdf-5e06-818c-b78d886183cc,0,0.09117297723523977,0.22258966
c2736520-a449-547b-b15e-3270b1adc5f5,0,0.9748884838590973,0.40561444
fbb2a02f-0668-59b6-84b1-49a040927c72,0,0.11594733360791995,0.1854203
d64da9d9-7669-5181-9c8c-6189adb9a26a,0,0.07989624743937168,0.14226928
8fb5416c-f16e-530c-a4b0-9e300d8482fd,0,0.39474539052962654,0.23952447
fd994b19-0c40-51b6-b648-4169818252f0,0,0.07361082103147401,0.28001356
628e263c-e4ca-5ba2-93cb-86c6fbc5d3bf,0,0.23634536204240042,0.1813844
c97ce80f-a929-5b5e-b174-e91949917e2d,0,0.29073916617647205,0.33704343
cfe7cc61-9e82-5279-a015-b713f8f9230e,0,0.017380358126717073,0.14162627
14131f24-0266-58a9-9436-4ae7ed59f1ac,0,0.16657570216372802,0.17807114
c26e37dd-a784-5800-ba93-dbbb942cecf2,0,0.27249004723818554,0.31065863
d1288cae-da87-5446-b0ed-4cdb31b5fa85,0,0.05187035637670875,0.26368302
72e60b73-6790-5843-8400-cc4fbf4cadc6,0,0.8421021225830607,0.3789588
e280be53-4d18-5fbb-a635-6b37dafc6bc0,0,0.3390412151196873,0.20068091
4fea477d-da3c-5a7c-845d-936157e0d638,0,0.003077565470384767,0.24586509
4fa80c19-c077-5f8a-b2ae-5a385ff81f56,0,0.200026045426893,0.16838959
e378ca3c-d867-5eb6-9415-30c23c6c1b70,0,0.017586464311719983,0.22284183
d1d218ae-74f1-5cde-b73f-598f1f9793f5,0,0.013706448996313486,0.18618467
c6ec7247-b2a5-5e79-a465-e04e4caba415,0,0.030371119457172857,0.14387678
0a85f2fa-a08d-51cb-af20-4b0ba14af5b9,0,0.07652305400753329,0.15746802
bedea3a8-8e08-5531-8c3b-f169bf9d1e03,0,0.4116195222819505,0.3734164
cbc4715e-c97a-55ab-a73d-0fbe27b4f709,0,0.17959156190804945,0.4504299
fbee6c68-0e32-5c18-98f7-2da315dc0af3,0,0.13657654948149633,0.1906421
6e45b6fb-6670-5caf-ac5b-395239a0801f,0,0.023897480005587307,0.35895658
66c9a554-efc1-54d3-a902-186f3ba625fb,0,0.1267489669716391,0.32147008
1062bece-d9f0-57b2-a022-2dd84a72e094,0,0.061658047404087264,0.19656907
2c8ca8c5-8ea5-50e1-a909-f59056426e09,0,0.06206537946477655,0.19906563
61336fb5-7408-522b-b4da-acc5c5a16709,0,0.13046372053408742,0.23084119
257fcdb4-360c-5497-b0d1-b37e286cb7af,0,0.39065429990472106,0.41382545
ce123ca6-d4c2-5930-ae82-1240791c8a6e,0,0.34961144433230035,0.21939361
089b3a55-8ae1-5d9b-8c3b-0d6cf3d52d4e,0,0.48270433827717707,0.18413265
bb5aeb19-5c8d-5383-99b1-a617461af794,0,0.6907967237422468,0.4159049
5e17a58f-a6ef-50b2-ac05-eaa7e7becfa8,0,0.4456952077112374,0.4164316
f171dd79-4029-5bcc-92c7-4457764879c5,0,0.22036303449097464,0.23777482
3937f145-cbf3-5d7d-9147-a52bb2f24750,0,0.0665969651883457,0.15223111
9aa15a2e-0d46-5dd2-90a4-59911098e0ab,0,0.3975388306293931,0.19068451
180443f6-2530-5236-9bdb-ad3ed59be2a1,0,0.19207576231883935,0.19627666
d8fe6eb4-5c36-51be-a7d3-956c5d82eafc,0,0.2986207975205736,0.3322256
e7424838-80b4-561a-85c0-adab7a06ee96,0,0.05348096210919879,0.4072676
a51c0e81-3f35-595f-ae19-c73bd507353b,0,0.21927976966724042,0.33382103
b6f751c6-12f5-54f3-aea6-b733c477588b,0,0.9397332157529651,0.32549712
b32b352e-682f-5916-b847-54fd0cfc9f2a,0,0.12344881286628054,0.32900712
72bad40c-74ce-56cd-9066-42ad69aeec19,0,0.2859218481581029,0.55371726
ae67eef3-31fd-5d8d-8181-9bfec254b329,0,0.2204582925463729,0.22993237
4b35ade4-0001-5ef6-ac12-b2932607827c,0,0.1203063720298879,0.3141398
50499439-0d9f-5709-bdfa-03e6bc81fe37,0,0.015628007904719573,0.17723186
f71a3a4d-1749-5b5a-af67-fa87131a9ffe,0,0.0684382270045679,0.2729203
061fa27c-6e0f-5f61-8e36-af81b17f5140,0,0.40055273348892223,0.17009638
cc804e64-6188-5df5-a810-fa5f1f36f947,0,0.27353657392558517,0.40001816
8511896d-86ea-5704-9499-506ad8747c66,0,0.42429233661879373,0.5188636
b801080a-4502-5118-acb0-6778758909c3,0,0.28063755100811794,0.2529199
6e0645bf-a178-52b3-8f21-befb5081b331,0,1.295141519373856e-06,0.18192881
7258ba20-f9be-5b1c-b208-968de344698a,0,0.16654084105679023,0.19502787
3c841d87-3c02-5b6b-9e81-a90812236ab4,0,0.022324408836108662,0.18826997
3b692c35-29cb-518c-b800-14cf1e174798,0,0.4054497560815301,0.15521729
b04e7a7d-2ac6-5dd3-b065-6b35b348ec6a,0,0.009946172369951978,0.17530169
b3371a95-e731-509e-a3e3-4bc20b5ef763,0,0.12160782993048828,0.220874
a1988a62-e1ef-5f4c-aa97-a772f4c1a081,0,0.10887271686563858,0.14903212
ba73fb09-9a5d-58b0-a96a-66ff2983f0c6,0,0.21828954388130178,0.17885101
59c43730-24c6-5682-9d09-22191597db78,0,0.0008859809446185832,0.41078147
e6f92481-5157-5eb6-8864-8c61b6efb6a2,0,0.36752943752895734,0.33972424
994d3aa3-49bd-5a7e-9de8-1366a4a9f78d,0,0.04607728118487762,0.18380727
ce57a425-eb5f-56ca-9367-4a07b46dac5f,0,0.3735476422071422,0.41328272
7b11dc2f-040a-5da5-be2b-ee3c6420e946,0,0.04087963265918774,0.17428616
8782c678-21dd-5e4b-b56d-e32668fd53b2,0,0.39065429990472106,0.41382545
73204ebb-cfba-5355-ba9b-5b005b7f0bce,0,0.19210285010325615,0.40653598
8727a59a-f754-5bc4-abbd-d46d4ab32c97,0,0.03024575492264028,0.18064055
0f83bdd3-c551-502a-bb43-8cceaeb3a477,0,0.43335002805027273,0.18137565
5dbeafb6-1962-5013-82f9-868a66876312,0,0.27013539778049334,0.22272478
68cd0250-12a5-5764-a10d-aa0557e8340b,0,0.2749144487230488,0.47630578
c82b2fef-da97-5502-a337-0d92b90de431,0,0.1890398815009668,0.2240278
70cfda49-146d-54ae-8b27-dcfd7e2054bb,0,0.09613016231504286,0.2729203
c9a4e99c-c251-519a-a322-0f2d111d57c4,0,0.04973042095885576,0.15079346
adb4c0cc-b515-53df-abdd-38dda5bf53c0,0,0.3600213478754241,0.2151194
6f792bdb-8a1a-5033-8379-e3a89e75a9ca,0,0.07442910887500938,0.36605868
3f8ce2b9-499b-50b1-bd19-e11d10ae003a,0,0.695807332612579,0.34270474
0e1715d0-0cdf-52bf-8759-742a6e5c33aa,0,0.031304795488674396,0.26060948
fce1795c-5691-5610-8957-af74a0259357,0,0.06966206904282796,0.16811234
b8d3f1f0-867a-588a-9d0c-3eb958f0fbb4,0,0.3704641695084918,0.40696523
9502756e-89fd-5df6-8f82-47f14681ad3e,0,0.10586276136699818,0.1765103
d49710e4-8c2d-50e7-b8fd-fd61d97fe92d,0,0.1418235817133663,0.15521729
ca45c896-387f-579c-8ca6-437ba7f70c09,0,0.049529574220817885,0.261562
69cbd3d3-a86d-597b-b62f-d31a2b05c500,0,0.44342252585390424,0.34198987
384416e7-4d6c-5bc1-b6e1-c098ac134f2a,0,0.028296658070545256,0.22573012
1307bc6e-1ca9-50e4-9782-eb65d9878b78,0,0.018441202724825443,0.38073155
8b133996-3b88-52e4-9344-391948e11198,0,0.12626798038129955,0.20759256
b4b0d799-5d58-53f1-b7cf-0c63f79a21f2,0,2.894340963711175e-06,0.4769488
7fe294e1-7f06-59a6-b6ce-9f4cfbdb5809,0,0.00928181391957312,0.21448618
8485f8a6-26ff-5cae-acd1-8fcec93ea6b4,0,0.4686790787060929,0.43832415
e3b9da70-830a-5b4a-b82f-9c2642f38610,0,0.48077034718118233,0.53914064
855ae86d-de75-580f-a401-57631ccd074b,0,0.8880787516910734,0.20333378
e058104c-835e-54cd-a147-835371dacf21,0,0.20942464748918427,0.33430055
0af01c89-997c-5731-9402-6e97179be621,0,4.356304248125036e-06,0.2249291
34a3e7d7-5c26-5c75-90c6-259523cc39bf,1,0.2943082155756407,0.59837216
9978827d-2f1d-5ff3-814f-46798a49f49d,0,0.0677859158468071,0.17885101
baf0793f-6c7b-5856-b113-c32de9a6d096,0,0.05722935126597472,0.27802515
dea32321-d5d7-5f2d-a3a5-13bc7437cb70,0,0.1829080940455958,0.35211304
5ad5ffdb-0372-5086-9bfb-c446d2373ed8,0,0.16651511038379632,0.2795819
c25b2488-d232-5836-80ae-6be6f96041ca,0,0.2096933287554788,0.3249258
b480dad8-661f-5b48-a915-61b976d0a750,0,0.17645889911388685,0.16630436
db7cac4a-8699-5526-a3fb-91231967fe4c,0,0.16857278035505693,0.15620218
a1aa4048-03f8-5017-b6bd-9dbc4c8f8b30,0,0.1271871790866759,0.27096897
8b4b4db2-978b-5dfe-90e6-56c6fc42e011,0,0.009926891972936988,0.26295945
0b71fb30-e455-541e-bf2d-54d9a1dda0c1,0,0.1335147319210585,0.2191988
d8d87a8b-ffd2-5ab3-b40d-846fdcce5bc7,0,0.01103030552032384,0.18197235
e5c6e5bd-37d4-5265-b9a5-295ca041119f,0,0.22757532584132278,0.33702594
c9bce6c2-75ad-5874-b02a-43385b0f3818,0,0.1641419684119156,0.5505694
fe04829a-7d98-5da0-be86-8e30fbe990ef,0,0.3834735674818855,0.27259508
99b74f12-4b60-53c5-ab67-45cc91a91874,0,0.05228407725818684,0.5120306
b0b4ab82-b210-5384-b5c5-2fefeea723a9,0,0.0058334637937532356,0.22009252
65d34ebb-2ccd-5de2-8bff-167cf9f742e4,0,1.795451982317749e-05,0.31107807
5c384915-d617-5dca-b047-5b556c98bc6c,0,0.03559152568393813,0.18092342
e4d909a3-8e0e-5e58-9098-b9bacaaf88e7,0,0.011794804711009953,0.14387678
80544fea-9b81-5bfc-b800-285dc08c1ab9,0,0.11017472517699556,0.18895057
6e6b6f21-60a9-5dbd-acca-8290a91c96aa,0,0.026266267441008267,0.14214247
df082117-3f1d-5efb-8573-4fc3d7e2866d,0,0.5133953995360577,0.4566565
0a38ebca-7f6f-5d0b-8a45-042679ff1cf8,0,0.1101079725190591,0.30200922
d25753d1-e7f0-5c94-93a2-88ca5e4ccb70,0,0.06562605071124392,0.23778898
a4dd985f-becc-5275-97b0-94d35665dc01,0,0.1875742236480206,0.17637166
bf157066-6692-5b60-9fb4-bf97894ddaa7,0,0.058750574459307925,0.18895057
28482103-b7d2-513b-9211-3912679e2c59,0,0.0711522498268854,0.2501544
b38a6b43-bb4c-5698-9b9a-a625772fbf94,0,0.147931173368335,0.19702789
74d8c529-33e8-5131-881d-d32ec59d0f73,0,0.3840589105017853,0.21801001
1853511e-056d-5ae8-b9b1-bd5e5d6452a0,0,0.17504398096855395,0.15620218
ac359838-8a0e-5197-a350-93306020240c,0,0.5686959347073596,0.24534039
8e4138e9-d603-52b4-bb8d-072e54970568,0,5.972408072810084e-09,0.47474918
8ac86447-f92e-5f1e-98f6-bdc7aa7aeacb,0,0.15934267955357548,0.16115932
1c09d0dc-e6da-555c-8089-c74775ef082f,0,2.0193781104654186e-07,0.66861165
0e055c86-3591-5223-8f17-0dcb2d868431,0,0.1190397083735598,0.2016337
779fa785-cde8-5cbe-8c0e-ca8ce0008cb7,0,0.06914981771346457,0.21245226
dcee9744-9ebd-52ca-958b-e1007e72f8c3,0,0.328599940651693,0.35775062
dab99f08-d878-59f0-adb2-042bc1d5a974,0,0.521831238349277,0.2224588
4d36aecb-d4d6-5db9-a7ca-15011fc78b04,0,0.001679520918368936,0.3885426
1e10d687-3228-5726-bd6e-b61bd6be1e91,0,0.36206672695091824,0.41733655
fbd6b4b9-1ecb-51fc-b576-ee4ddf002bf9,0,0.2951612257682699,0.44409922
c68eff2e-b729-50b1-a6ed-acb43fffadcd,0,0.1664718447672226,0.16653596
8f1a66d0-3d30-5ca1-b630-553163a0a912,0,0.11330905274671144,0.26765668
eea5517a-9299-5660-a8a7-0f64b93ef5fe,0,0.005714140941522596,0.18618467
8bbbe866-3a12-5cc2-bd56-9a3010b67e37,0,0.08318829794755624,0.14741607
691a4ec2-c1a9-5de9-8862-2349d6ae8f4f,0,0.19399190197289598,0.24830556
a3cc9021-80b6-5d02-8fc5-4f1f5ad80716,0,0.04386855477799072,0.1643108
26d9add2-81ba-5c63-a28e-41286a94ef3c,0,0.08513471003347932,0.16827878
57d9d4dd-751b-5221-a22c-3cb8dfff91ff,0,0.3260044006897625,0.1889042
79f24c18-8552-5508-b0b9-a922c8682bf1,0,0.22229715576531253,0.35409182
e7ef1ead-a6b8-51c9-9481-9ecec7cc9c70,0,0.02005483187817192,0.22113875
b41cea44-29db-5023-81e1-e40ab3006c1c,0,0.9902505041633567,0.5147258
0a5c7caa-4830-57d1-b9c8-6b82e549e779,0,0.3780189745881338,0.14322588
1ec77e8e-7cc0-524c-a742-155eeb22357d,0,0.07057655811200537,0.13612328
08f024bc-c722-5900-891e-4ab5d8518874,0,0.014969038270035246,0.14387678
3961d9c4-8091-59b5-8205-3b00d98348ed,0,0.11836733707420072,0.14927532
c97f24e5-44a4-5b2d-b33e-60fce31c4645,0,0.39065429990472106,0.41382545
933e62b6-022c-50c3-9fd2-a1425cae8001,0,0.1279986394589988,0.27215844
1a19bf8f-e49b-5c09-8e38-95f3a7ecd688,0,0.7904770225315415,0.600067
0cff3a9b-1ef5-5bed-9cde-a86f854c9667,0,0.027561964490871532,0.3684496
50ee1acb-fd40-5001-9076-6cf3ff21af63,0,0.012415682910880795,0.1600178
ae270ea4-4b35-5cef-a2b2-d9ea862c36ba,0,0.20669037577990235,0.43713033
8b148ea0-9c96-5b58-b000-40966d6a16f0,0,0.2569071540764623,0.41789392
4ea0b246-e6e6-5136-b635-fc2f5a403ee1,0,0.5893039161728146,0.5095545
245862a4-bf14-5b5d-91e4-b97cda96e2e4,0,0.214463914979722,0.70842916
4e0cd11b-fbcd-5f4f-8205-3b1f04fe2a71,1,0.8947781804182773,0.62856704
2f178e0a-b8f2-58e5-9aed-2e10a6cbe125,0,0.0006605227197038091,0.32484487
fb518e15-5d29-5f09-af43-292540041507,0,1.9021852212111986e-13,0.49220428
87804e9a-f851-5cb4-8a16-dd46da0a73de,0,0.11711360967197597,0.15086767
fa36eee1-bdbd-5004-9e10-fe1f74769aa6,0,0.0315526526095854,0.18229322
861e5f20-40d3-5c1c-a1f1-8f7f567d3ade,0,0.24336276432928544,0.5258105
6068c499-cb36-5cf7-9fce-91b6144710fa,0,0.10579259634022171,0.22760463
5da7ab2e-3178-5bf9-9f94-5839cf2e6bd7,0,0.5164748791293152,0.24482907
0c47f62e-b97c-5f7a-9932-c7d9af0dd651,0,0.011297550794127512,0.18618467
6750652e-7be9-5739-90d0-9a847ad9d981,0,0.08475819361025326,0.1503379
a3194fe0-2c8b-56d4-8571-627740348f4d,0,0.10893656637261787,0.18236035
ea2e0bbd-a4bd-5a30-b1ae-9b69e77cd04d,0,0.25899843560870367,0.46595266
657e9496-2cfd-50f2-9a1a-67a2a0c50fd1,0,0.46923349387547053,0.41704234
b9d128aa-91d7-53a7-bbe8-44111499f760,0,0.6741839062225343,0.32402357
ebf434d8-7aaa-50f0-9172-0ef84b86526b,0,0.006327291022195462,0.3476532
15754f9d-bb1a-5088-93f2-230febe268ba,0,0.24809938584670463,0.42535737
8556b601-bee2-5564-a2c0-14dacb5abe42,0,0.11027294117674488,0.15400322
8e86787c-ba4f-56c8-9021-868e922316e8,0,0.3611037109423311,0.19819915
b254026f-80d5-5902-a933-9e579166b0ef,0,0.21266499122045918,0.40649918
ce3650d6-a498-5a8f-a534-8e5d265fb6be,0,0.013387075406446217,0.17795965
05b32dbc-5289-5f13-b626-b15cab525aeb,0,0.10797715597179891,0.1616036
e26a7d5d-b8d1-5383-95c6-decda8b0239a,0,0.6391187258908207,0.59502876
f942d118-0cf6-5676-8685-f5a66d357064,0,0.6623614068671201,0.6540199
2941d172-767c-5943-9fd3-1a8b2db370f0,0,0.6232465258146717,0.35180864
ee9691df-8183-58ea-9576-8cdd6b45b8e9,0,0.07523920570230433,0.17720495
1b588e6a-3bca-5523-bca9-9300e66e286f,0,0.09488124548673654,0.14223059
704e5546-ef7d-58c3-8659-262fd2e6c103,0,0.17584759014639204,0.4648847
1057b008-a39a-5e75-ae6c-82fff92a6c13,0,0.9405029287542493,0.5044204
ea9103ac-1804-553a-a13b-d4054bf5e7f8,0,0.19006626811530974,0.28109884
65f08a3d-ed42-58f9-9653-ba3a291982fa,0,0.02670862106556221,0.13761628
24663ee5-b843-536f-9fbb-19d56b634d07,0,0.3456861498269734,0.29246926
fb5d5d62-8464-5d7f-bd26-3dd9fa971f32,0,0.7455354378601979,0.3024932
33ddbeae-7c2d-5106-954d-e756518cdf5e,0,0.2950384530455326,0.20965344
0686c713-5d33-5109-b9f8-78cab43162b8,0,0.12644169443288736,0.1696125
9b715c33-58ae-5fca-bdc1-ef10125102cc,0,0.35070079068966675,0.19610667
f94802c9-6f0a-5779-87bf-81d274e11112,0,0.5920873715895868,0.45446384
90df5cd6-f19c-59b3-8531-effe0bc7b10d,0,0.16650251403851848,0.17148106
8868a73f-c573-5b41-8654-1c914382d20d,0,0.04447519442269513,0.2666666
d0687661-8282-5fe8-b1b5-ddfa2e323c9d,0,0.17464705817228632,0.1475529
35e15f10-234b-5859-9788-b4e0ba12d559,0,0.01612300325979737,0.1935512
64ab037c-ddca-57f9-928d-3db5682f417b,0,0.22754578522309474,0.61133873
eb319ea8-8537-505c-a3fe-56c692d742ff,0,0.39065429990472106,0.41382545
6b55a653-9316-56f1-8e72-4c34dce1c50b,0,0.39065429990472106,0.41382545
7b6f348c-f917-540d-b56b-3caf0be8fed8,0,0.5499760180668102,0.39197463
9930b3ad-1039-5244-9cc4-7546e7794739,0,0.1966968532271966,0.3068101
e618e0d6-bc4a-5b8b-bca9-5a06f42ba8b4,0,0.07422748757606869,0.25864282
2fd14953-47b4-51df-a59c-5f3bbe0e2ab4,0,0.015568440088696974,0.2680142
9ae5e3f0-739b-51fd-95c8-ea927253793a,0,0.16899194570114495,0.46988112
64cb7ea0-49f1-52d5-9c4b-c02163e722db,0,0.08609735130707093,0.17759693
159cd420-2b4b-5ca6-81ec-4669c922b9ad,0,0.2696594412909755,0.51680076
9e62042e-2460-54aa-b726-ae93c1472b5c,0,0.39065429990472106,0.41382545
8480c6bd-5037-5bc1-87e7-fcf6c5df0818,0,0.00682593761330912,0.15168552
73340ec9-8e32-5a1d-939a-017e2eb777f7,0,0.06879859136113475,0.15333395
4c7e96f2-d84e-5376-8f86-652d75feff02,0,0.542440248801274,0.35725608
83ee3e57-ed02-5b7d-ad05-a6700f47b4ac,0,0.6250583675462303,0.5166706
3c135fc9-14f8-547c-b0d0-7ff09fa122b0,0,0.22349619257395795,0.30522943
a9a648e1-bad5-5a4a-bff9-8db9b83cf863,0,0.21424832431614754,0.24058208
375b19ab-6dd2-5a4b-96e7-de51137f7e15,0,0.2779006745885974,0.20596004
b10969fc-3352-519b-896e-20189c9db473,0,0.830143158936177,0.5444576
b0726a5f-625b-54e6-9fed-04aff0be31f9,0,0.03231369620356414,0.14131574
1dbd66b3-7d2f-5ccc-8fba-d61b37b86cd9,0,0.4469122622193489,0.21847816
e226ce71-1c8f-5182-adea-44d802155fcc,0,0.019197199523010633,0.15577506
eb232103-4798-5b77-afc8-fe1421b5fe5f,0,0.10657781036577363,0.19201182
fda26bb5-dec0-53c0-947e-5711bf130353,0,0.022233439721176477,0.33914155
04618687-ae02-5107-ae85-51aeae0c1411,0,0.22028042770093204,0.28402844
a6b8a16f-2534-5a33-9e66-867f57c7b388,0,0.7276243168066836,0.38070217
66ccdbf9-dc90-50b9-8588-3e2e9788b834,0,0.3447163280307722,0.24809523
529c590b-f376-58aa-bbb9-b7adb3d4fd43,0,0.37404809180892923,0.17314951
5f9c1e2b-bab5-5c09-a3b2-14cb989b5677,0,0.13746737416978244,0.16768514
6599ace8-80ad-5f2c-8fb8-228ba7beb1ed,0,0.39065429990472106,0.41382545
c473538f-d84c-59a5-bffe-f293ca39fac7,0,0.18137088911953522,0.18772377
4a106e4b-9a25-5f07-9d5e-c6b5084e6da0,0,0.3061554545169824,0.28665358
d48842f1-31a0-56e5-a63f-d47a669c3d43,0,0.39065429990472106,0.41382545
78943fa9-e77e-578d-8692-477efbd782a4,0,0.05017493266246155,0.23676343
de8b56b7-4b8f-520c-81fb-3d3dfc50d44d,0,0.16800640194957803,0.1889042
26332ae7-0a82-5f83-9866-2bf131d26dc9,0,0.1534186033950932,0.17084116
c8d31e13-52bb-593c-ac2a-05cfda4f8fd0,0,0.2192956725093039,0.27040225
9974410f-106b-5e90-8e71-e3dee697eeea,0,0.39065429990472106,0.41382545
417a17f5-8ef8-54c6-8aef-f1b4ef21a549,0,0.39147780247428293,0.2780575
1d0273c8-85d8-53e8-80f4-606a16d1adef,0,0.39065429990472106,0.41382545
e1cdaba9-b69b-5daf-96d8-5a73253909e7,0,0.39065429990472106,0.41382545
40040384-9b7b-5717-bfe6-428014330286,0,0.39065429990472106,0.41382545
b356fe56-e9c2-5585-8832-3599c5990c5f,0,0.39065429990472106,0.41382545
3e5b428f-3553-501c-ab48-72fcb0a35158,0,0.39065429990472106,0.41382545
68db07c4-1406-543a-98bf-bcc7ef0275b3,0,0.39065429990472106,0.41382545
5fa55af3-9e4c-5a7e-9d50-cf49f3bb1e6f,0,0.3053048570863805,0.26152766
f673260d-864b-52b4-9527-6c0fe6aff2ed,0,0.39065429990472106,0.41382545
76ba4046-cee5-5dd5-b06d-3e8cd7d40cb1,0,0.39065429990472106,0.41382545
4b915e0c-0506-5fe5-830f-f959d01e41fc,0,0.39065429990472106,0.41382545
601e933f-cfcf-52de-bd09-fe9708df4797,0,0.39065429990472106,0.41382545
ed54a8f1-81a7-5fed-9a5c-59023582adc7,0,0.39065429990472106,0.41382545
f7d193f8-6b89-531f-a720-cac23237003c,1,0.4743487189232708,0.6473115
7aacf09f-840f-5924-a137-a0f9e96189db,0,0.39065429990472106,0.41382545
1d8e5b0f-947b-5507-b2ae-8863a89baef1,0,0.8027351431833839,0.52751005
d0c9102c-558a-59ae-aa99-caccb385e7fb,0,0.3980185269688707,0.3449689
4b6c0b24-b819-5781-84a8-a0782c9e29f5,0,0.0513270784575776,0.30752242
25a021f1-0f18-53ed-b297-73fbd30439cb,0,0.022938452553183365,0.124302395
13b851dd-3250-5e25-a480-ec96c9a9bb33,0,0.9911029413051415,0.4688531
fa5c2a9a-2655-5823-9ea6-effec2f71ea8,0,0.03993778325501872,0.26493138
102cad4b-60e6-5401-8c84-1fb8b0550fd2,0,0.11487406511598851,0.14798017
0ae8fcac-711b-5b00-bc8c-058f2012db59,0,0.6847608783986756,0.3064294
2fe5b773-544b-5051-a400-71a94beb7d11,0,0.017435648655381376,0.17774767
ff05b907-4bed-5bb3-8c41-c551c149f3e0,0,0.2294211774055899,0.18858951
d557c45f-febf-5530-8a50-8ca47fe2a5c3,0,0.022328761823552926,0.15295467
f03bcbc7-8aae-514c-abae-af822a599c4d,0,0.5310117036912276,0.25889918
4068bde3-7b72-568c-a509-681281ad27b3,0,0.1450822666361842,0.3149338
708ae383-dca1-5e9d-8d04-7b33c888d642,0,0.30060423457411417,0.6087298
7f904867-92b8-5c6e-809b-90330ab98d5b,0,8.505228132052046e-08,0.44283456
8e79df86-e762-51a9-b662-7d043332ad3f,0,0.841798283342157,0.5942587
5fc9a0ba-56b5-534c-8b55-6b21f36bc8b1,0,0.0710376132806645,0.16827878
e7dbb3e3-2723-5163-82be-51e288b88d23,0,0.08227026589883658,0.14545469
76e098e3-cf68-5dbc-aa0a-a481fcc4827f,0,0.07837590627397707,0.20997238
ab50976c-2eaa-535a-8bea-5662e833ab3e,0,0.4246574594542156,0.39859307
a5397cbe-92d6-5996-a1b0-cbd02d2ce0dc,0,0.09260736380727304,0.30094153
8a10b62a-78f8-56fb-a7aa-bd3236f187ae,0,0.10493081186587022,0.47218606
38b50c39-e28c-5288-ab83-df1dbf40250b,0,0.9903138977186086,0.7433243
64a65d25-4549-5e9d-9802-34370f122784,0,0.36824800474122515,0.4814242
c401645d-f214-5479-9aa7-f4bfe38fbddd,0,0.11551449545132576,0.2918228
8204ea01-044c-5812-803a-04b5c539189d,0,0.09939682278759823,0.16649255
4f410d1a-a78e-5d15-ae87-fbdf46053520,0,0.2749599085458634,0.35409337
bd95c340-8a8d-5048-b6e0-f356d314ce82,0,0.21701160662745564,0.2729203
240836f0-ca57-5d43-b1a0-e9b7abf42c9a,0,4.1812124247431675e-08,0.50423133
2c7f5244-188d-526e-a8ac-2967e8c68663,0,0.1187151945338443,0.2013943
7a2fb8d3-6907-55ee-bc24-761dfd918ccc,0,0.25237121968776427,0.18359001
9a633ebd-1434-51c6-a123-237ecbb8beb6,0,0.3686350623624207,0.27873728
c51c4ec2-e2b4-5632-bc7e-a233ebb95ab4,0,0.11649746550488095,0.22337855
654e91e0-6358-508f-a435-ef6e6b84fc6b,0,0.02561770031570472,0.13038516
6a2c931c-e505-53d0-afa9-d0df00f8a23a,0,0.08088091267413464,0.22757728
b0cbf49f-9d4d-53dd-9de9-6e0c33c40a34,0,0.015573720121271482,0.20746091
a85c730e-c044-5fd4-98eb-ddc491252b6f,0,0.34234282147029443,0.23623507
fc013fcd-c865-5f85-9f78-067858041931,0,0.22341567508572363,0.34165552
e276dbd2-c366-5b56-ac3f-6777ab869fc8,0,0.18508865193663646,0.18897954
f3b0ad3c-491b-5ac4-be3d-2f317956d6e0,0,0.10793636652574196,0.24058737
1168d969-2fc9-5350-9db2-9efd40ef71f3,0,3.487301701068621e-06,0.6619108
22dde55d-db83-587e-a301-db913afc1ed5,0,0.0670249027322277,0.27867344
2a4b8335-7f37-5301-ba67-92dd2b5e0ab2,0,0.8926336809729595,0.53474885
f8ef7a97-5526-569f-9e36-be77ba488f71,0,0.0796911413156493,0.77331537
83563986-b804-5fb4-b8f1-cd70175d4d1d,0,0.00013804228767567143,0.5273609
9fdea5c0-d3b9-57be-9ab6-a4574743d31f,0,0.9054019891191025,0.6209337
1825e5b2-e766-5da1-8da6-c308af98b5ba,0,1.1025517275718887e-05,0.48569268
f22d0864-d22c-547b-a1c3-73ddb909c06c,0,0.4376915346730757,0.25891998
b5073d3d-7ba0-5656-bba6-a083a1322191,0,0.5148051793270495,0.42472783
5ce72f0f-d0a1-5817-924e-efb967e7dba9,0,0.2582668668395631,0.32042745
76d69ae0-6712-5799-a6bb-a7d8b244aa2b,0,0.025507843474705066,0.18280895
f7788f5f-8638-5604-89cf-0e8e05cb3e4e,0,0.7002512121021217,0.3065417
84483533-f7f9-5d38-9cff-88ed80d985ef,1,0.041515430603453196,0.38857317
a59f0d1f-6085-5140-9ce1-08d2b583bf39,0,0.1291448339770732,0.15270934
5b00b2cf-c480-51a9-8f72-948f737b13ab,0,0.3812127504405674,0.13606092
565f804f-0265-5fc0-803b-7da66ec1b07e,0,0.31797733043377113,0.23393099
4531f7e0-020f-53bb-8255-f4ee40462941,0,0.09405672838678564,0.2011427
ef53b5d7-d520-5f2b-88fd-adf1b65a64b1,0,0.06085659025199686,0.14680408
0b0bed7f-d469-5ad1-8bd5-91f2df97701e,0,0.21096471929423227,0.18645607
9d13ad55-ec66-5f8d-9f06-9e724fdc8f19,0,0.10680710503812085,0.17428616
4fdeb94a-276b-509a-99b1-aa88bae84a73,0,0.7754959104571596,0.38172033
2e74a884-3cd5-54e4-9e0d-17f6e448f1f8,0,0.027277779711104302,0.33064052
49facf11-a01a-5197-83f3-ca1dd21b3c73,0,0.0073583757598803985,0.23341686
f8461c60-3def-52f2-98fe-8d75673620ee,0,0.047453738052906425,0.15065244
f4e71c3c-d16c-5c62-91b0-a3d14148f1cb,0,0.10590199536341004,0.27940705
8f5ade70-65b4-51b6-81f5-3604cc34d290,0,0.6630440800214441,0.5830376
e11789aa-1cee-59d0-af52-7671b7f34922,0,0.12671086842696525,0.16219872
b9684c78-c053-5c4c-873c-377f0525edcc,0,0.03690874999308283,0.15325974
e59c3a5e-8828-5cfa-a0e1-860351e749af,0,0.5169332526092728,0.3526912
25f606a3-a9b6-5b46-a2ff-f7aae5fef93a,0,0.22152425384433616,0.15783691
777362b5-e04e-536f-9c72-16c5b9c52219,0,0.12742022627549748,0.16796535
856f3872-bb2e-5bac-9b4e-e2a5f2371a22,0,0.10027317579359571,0.14999114
1bf3b6f7-1436-5137-a066-7892092ee746,0,0.9718697982391873,0.70764256
53aa5817-0e28-501a-a504-96ca02d601cd,1,0.1627675437800274,0.25258353
7bf8c8c5-86a4-5b60-a218-0129568b197a,0,0.797932563275704,0.4752643
d33b845b-daf3-5352-8834-9728bc3e04c6,0,0.1665054072518277,0.16653596
0d67dd94-f2d1-53d4-b025-fa626a0d5902,0,0.9217348524800877,0.67064214
3c1da995-3ba8-5fa9-ba4b-b7a9a27b7c4b,0,0.39065429990472106,0.41382545
bbdf65cb-12c5-5c39-847a-a5ece43396da,0,0.09593046338801055,0.1853346
f61583a6-3710-5ac8-853a-5f153f7a3cb2,0,0.031890863954433545,0.14525516
b486b84a-16a8-5e2d-8692-14ee950e0dff,0,0.17716678334566227,0.17250964
f75de793-3cb2-516e-9da2-649103b05b8c,0,1.6119580029825985e-15,0.371377
ef99918f-290b-5003-9ada-2562b650727c,0,6.164825155117749e-13,0.38761166
507b7b81-c87a-5072-a848-f5bcc24f8c48,0,0.7654592972103765,0.4580135
5a1569b3-177f-5da7-8aec-f1369a5fed3d,0,0.3576985235717953,0.23759489
795dd604-50ca-5822-bb80-23ecaa5362b5,0,0.3050596521207396,0.18370055
8cb5912f-c5f3-5420-bdb3-d742b32ade49,0,0.2507972047818005,0.2598301
7e7d0a37-8ecd-5665-b3a6-9bff02503333,0,0.07116662947820507,0.31087828
f78bcf35-441c-5974-b936-667685591d5a,0,0.00807355039369699,0.18571582
6893d3a4-0f58-5eae-83d4-703f9438ba24,0,0.16976352855817753,0.2297903
d9ef2bb4-042f-5770-8597-6c83a90bcfa7,0,0.11101013679165816,0.19200964
d6156d93-928d-57f6-a877-d989852afb48,0,0.013060399237608804,0.14053217
1a394073-922b-552e-b3f3-0c5744329a86,0,0.17398129486957525,0.42353222
468708e7-6605-5b17-9765-e32b224caf38,0,0.1948329908716528,0.15270934
e3f5e62b-d1c2-5310-b5d7-54130a525e2b,0,0.12069817230407719,0.26147896
a6368944-8e98-5307-bc39-2f24d9a7a5f5,0,0.17692939900507826,0.16040725
2a63a7bb-575d-5484-872b-0c201ee22788,0,0.0054570011970854594,0.19944243
cf30c719-8629-5ceb-838f-b62d2842f82b,0,0.7315938585401918,0.5623083
373cec76-c46f-55be-8b16-d0d02c64df83,0,0.06300673626658146,0.21089087
aac2e66b-d113-5d40-8fce-7b7c0bb87196,0,0.35248755178249586,0.18583311
6d28aebd-4124-5bc6-a192-039a8b9f5f93,0,0.15863948511120826,0.35705087
0b70bb39-841a-5459-803e-cebeb1b3f3d6,0,0.059088857220723406,0.23257977
777041b0-97c6-5e2b-9fbf-b8e376eb8cd3,0,0.2066193656144556,0.23907784
1a972367-5f52-5fd5-9e9e-b4d6adb6af2e,0,0.13146196399638965,0.2282796
6bbd75c3-fc09-5b03-a7df-bd423de25e83,0,0.017063712029928013,0.18440643
e06322d1-259a-5b8a-afa8-de6b0c3017b1,0,0.0760585608133292,0.16827878
53d24c79-18c9-5724-99aa-727a7d1a07a2,0,0.1239433404690525,0.27313846
acac8d40-cb8e-5e00-b3d6-5da819a88297,0,0.041621786704418406,0.5111255
715365d4-96cc-5ab1-957b-c94e2402be93,0,0.17573777223707845,0.19722378
4f65b842-d2ac-58a7-b18e-ffb2d8ef413a,0,0.738574291357887,0.44045666
5d2c7367-496b-5372-948a-20092c2a6cbb,0,0.010526669581293877,0.22341974
05ff5da3-2bcb-54a4-a0ee-49df1b1b8e85,0,0.03382806062709551,0.1619731
1c05ac67-3517-53bf-91fb-96ff8229526b,0,0.13416093440470034,0.20885792
5ab40777-5f53-5cf0-ac4e-048d36815bd8,0,0.4867650762600501,0.2658837
7c456238-2483-543e-95ab-02940fc5b72c,0,0.18241584402332983,0.17628479
6ee85b24-46e9-5f13-9ad8-641f630bbad1,0,0.08891733567001109,0.189779
ce23a359-a978-5c2a-aa98-c7ac407780e1,0,0.08555567734684874,0.18944256
6c58782e-f99d-51bb-a78f-b91915b7b6f4,0,0.07937145945231527,0.18293001
ded0b95f-d67c-5aa0-8b26-0c6d4eeb078e,0,0.11626641545359079,0.3748719
ea7ff8d8-6d97-50d3-9e55-0efb0e56ae60,0,0.07838791783458618,0.3086223
3625de87-675e-581b-83ec-63ef4bcc12c9,0,0.39065429990472106,0.41382545
fdbdd8b1-c980-5ce2-86ae-b34207069ef9,0,0.21012058852375906,0.23002352
c11e898a-8e4c-5272-8932-0e7ed56a0ddd,0,0.2847826051830725,0.1939331
dd425667-2945-5b3f-be04-170e16d43c60,0,0.15178575712533815,0.14894158
cbb0935a-3c07-54d2-817f-b041ff9a7623,0,0.5675252318829214,0.19138844
5b7d2be2-ad0a-5fc1-a3c8-438951b13d47,0,0.09158460019181869,0.1722298
e0e3205d-19c7-52e4-bb43-2c08ea3020aa,0,0.08057122369557145,0.18240802
6a333b4d-98e7-5218-b1a1-6626ce25c6cc,0,0.04234885442631819,0.2729203
0d19365a-720c-5e2e-812a-913132e21d3f,0,0.22938790616073362,0.24966289
65b6eefd-57ae-54ae-81e4-0d786e11ea25,0,0.16643903454341738,0.16653596
5b8a4dff-dd77-59f1-a01e-0052f345699a,0,0.09901849012551601,0.15642779
b83a364d-a1e6-5d64-8e6c-0805ecf31f5a,0,0.12025274380038442,0.220874
a54ca4fc-ec6b-56c6-bbca-ee51025a55a3,0,0.12152486193885954,0.30166754
4bfacebe-c1dc-577d-a79b-767a5d437784,0,0.18248440272222896,0.19749251
e3ee228b-bfb9-5a85-b1e7-65642f660ba5,0,0.39065429990472106,0.41382545
3b14c3aa-45d1-5650-a498-5f0dd4a43ed8,0,0.39065429990472106,0.41382545
1ebec95d-242a-5f2c-95b0-e4163a918775,0,0.24177509774379888,0.22516274
19cec86a-1bdc-581b-bdf6-9b097f2f25b4,0,0.39065429990472106,0.41382545
0073517b-b55a-5c5e-b480-d871bc95a66b,0,0.13822751463688415,0.16768514
44879a8e-4a67-5561-a0d2-d7e6135bb3dd,0,0.17335538268999404,0.17158867
5f537c92-cfd2-55a3-874d-46c4a883194f,0,0.39065429990472106,0.41382545
a6f567c1-61c0-59a2-b63b-ed7bbdc0291a,0,0.13559591490933584,0.1829958
29d1bca7-b664-5a3f-865a-4fe2d7041197,0,0.24202538347676958,0.32180232
c897b230-1eba-5c98-9fd5-474dd10d25e0,0,0.39065429990472106,0.41382545
33575929-6955-50c9-8d0f-138d8cd81648,0,0.10822404656653774,0.2932647
12583cf6-4c21-56a4-86d6-309ac04d91b4,0,0.06176038544481839,0.17600815
5e47716e-b80a-593b-bae8-31964080023e,0,0.12733136728560535,0.22493309
91ec46bc-a195-50df-8e5d-60c6d5634f66,0,2.189166824840883e-06,0.17656384
b2c09103-3434-5b69-a01d-ed6ca6190808,0,0.8807887130925216,0.6733648
88f8612f-d2af-5c0a-b3e6-c152e9c93f6e,0,0.005825389681706324,0.23147057
96aae2a8-26a1-5d3a-a0b9-88ea536595b5,0,0.4259938467712395,0.23762271
f1e65fe1-13d5-5ed3-9296-5b7f479f10de,0,0.0742973052883571,0.2702405
b87b0f40-d06b-5d52-b981-61ee535f6137,0,0.22259711381208494,0.30357856
a76c9c2d-13e4-5c15-af4c-9ad71f927544,0,0.11102944263204348,0.23139006
3a011fd5-15ef-58cf-90ea-8e9930a24b93,0,0.0632098459242531,0.29031655
0fc5e787-dff0-59de-8f1f-0ada62d84214,0,0.09621480565197561,0.25575632
d4993e01-63f1-57f7-99a7-94520f499163,0,0.3455511972172967,0.21489996
dc226e73-cfec-540e-a869-9b0e0a3d04ba,0,0.0544984573874135,0.16128697
2e6b15e7-fa4e-540d-852a-10d757496513,0,0.04101229542013415,0.14492753
96294da6-6fa1-5f44-9e1b-e269dc705f13,0,0.3897411900301289,0.21967696
247cfa1c-7665-5cad-82a9-d2a764c18023,0,0.1593131887121269,0.37759468
30abac9b-d501-581b-a5dd-c15e6deb0f0c,0,0.3951879681184875,0.48092714
a60c4e58-b05a-5cd6-8180-fb4ece4a05c2,0,0.21136391700117618,0.29834244
0b946882-4deb-532a-93bb-c29fa2bf6f97,0,0.36185960088424773,0.3640899
00ec4789-3298-5f7f-b1f4-2cfbc4fb5dff,0,0.036193894682196276,0.25290698
9e072588-6a5c-59e6-b90a-da9fa7bc98da,0,0.1631129920253736,0.16681376
83e89fae-3f9d-5c18-9d54-2ad72780e213,0,0.07192964969594194,0.25864282
af967400-7e17-588a-9e41-ec49157c8963,0,0.1216493874468158,0.2726158
6ca82c24-559f-5ebe-98a6-c59b67f596fd,0,0.08888702041563672,0.32213426
289996a1-f1c7-5034-b400-aab9e822684a,0,0.07769063397306654,0.18266729
9d1b7d78-34bd-5e87-a48b-72d7855e8001,0,0.12668710770227867,0.20560862
2e838ba6-d576-520d-90d8-75ea35d9155a,0,0.8064509922518152,0.426316
bef722d0-f348-5548-99b1-a7ea15ba6c8b,0,0.488748194500917,0.18477161
7bf2a302-0da9-5ba2-acb7-bb09b9e21cb5,0,0.5797588408405371,0.2646315
1fa1c7d7-1d01-5052-9bd7-68e1196a5e37,0,0.0013335508138987069,0.3788002
4a6e94a4-4200-54b2-b8ba-07c9ad548021,0,0.01139510320648114,0.1954596
a38f7a7b-4878-55e1-8e1f-f285ca26e38f,0,0.030568078137438497,0.25061092
7a443a99-d857-5e38-852f-73d95e6c8c4f,0,0.10889834285339893,0.34635115
24e9d63a-400c-530c-947a-75d39b0ed0e7,0,0.24363571510996926,0.38935795
6b8b837b-092a-53f2-a4d2-cda5b17ae894,0,0.16877136461227527,0.18853982
639c9161-c3f1-5ace-a132-8d69b27b77f6,0,0.06320461571459614,0.16669461
e0da5bd0-3f09-562f-9c96-a3519a9afbb0,0,0.08729779601590236,0.15406643
350b0a3f-8300-53f6-a1ec-d1d489124a7e,0,0.08767839234815909,0.16715461
496038f8-9822-5091-bffe-e864d671532a,0,0.10676005110556543,0.26399562
0d076529-9864-5772-9c9d-51c8cafcbb3d,0,0.06996099913601202,0.29284686
4deb9b07-843e-53b6-a3d5-8edc24491708,0,0.04526821099723726,0.14999114
10698aeb-9205-59c9-b502-f85276451d96,0,0.11003802560905834,0.15452866
6b207734-7e9f-56c0-ad2f-e0fda7a6a83c,0,0.09876698129140554,0.17653377
14f9e6b1-29df-575b-b6af-042f231f8881,0,0.07878164781523994,0.16827878
a3a8dc3d-8118-52c9-90ef-f07922f6cad3,0,0.04327940962929386,0.1514582
555acdfc-bd73-5e24-bf17-6c15afdd33b8,0,0.03189719264896175,0.14968187
4d1bf8ff-b452-52bb-b297-93603ffe208e,0,0.01921604455533606,0.23139378
a7c7017d-65d8-592b-b37f-7ea304515d7b,0,0.022872236674678453,0.17452814
45eeb8e8-3e7a-5ab9-9a7f-ef538a57ae57,0,0.0002589329825051779,0.30539298
343911b7-e4d2-55c2-9beb-ba1fc8a852fb,0,0.9763325486964773,0.47491136
a3439b29-1d7c-5c41-918d-2924ae0d0c9e,0,0.03028015163599076,0.20927306
ed07e816-3dbe-50e7-95dc-7288098e9a64,0,0.05066575637892128,0.17941569
f3443dbd-6cee-59eb-9b88-e9b4529ae708,0,0.0019776895187900673,0.21812896
60b43e53-d4ad-54cd-9408-56001d880567,0,0.004345282906702846,0.48172784
550023c2-69cb-5113-a79d-57bc2331e3f1,0,0.45691929102031664,0.38985217
b042e095-7177-542d-80ba-668e5197065c,0,0.9016103659046903,0.532729
c00cc8d9-4679-56e7-bfd8-fa870c724079,0,0.3006948649225765,0.20721404
cb852f09-b4d8-5a38-9361-3d049da5e4ec,0,0.12948459673633095,0.15402733
c251d4ac-dd54-55f0-8b5a-2d6980b7d7b8,0,0.19172808998077973,0.18607049
0d728c9a-ac86-5cb7-b9d8-7de049c7c35b,0,0.16819497429949945,0.16653596
478831af-63ee-5dd5-b797-039508476c6b,0,0.31656142236073503,0.18815297
2b143983-77ad-59d9-98e1-1e07b2ab1f13,0,0.22157562598328992,0.50998664
8a963b8b-3705-5d95-a9e0-feda3af7ad08,0,0.989648296872679,0.8016081
f56b7ebd-6a25-5f30-bf5d-e4ca69051562,0,0.10896844062683256,0.24825183
cff81b08-5626-51a7-9951-66081ef5b466,0,0.6970949048844728,0.30170417
f8a16b66-a2eb-5e7c-8eb5-40b105080137,0,0.22315440532883588,0.2827693
95ac7ca4-18a1-5d9c-b2a4-d7e692ac3528,0,0.0742911050571613,0.1579398
140f54ad-e6d0-577d-bf13-c7cab1a5bf4c,0,0.10970248518662541,0.13540438
93a25db8-52f1-53eb-b9ca-a402d7f66eb0,0,0.28715187326682196,0.1917748
387d0b49-76ce-5442-a293-8708cb29a133,0,0.002139567680054759,0.20948452
047b818d-bace-569b-8932-47cd0c3c4013,0,0.21813060260446127,0.28402844
514c7344-055d-5f72-9589-5e5276a3d087,0,0.3811518076980741,0.16686566
e96d93ab-dd27-55af-bfaf-f0c2a323280b,0,0.06962113787181143,0.24671431
17dd7956-e024-5613-b768-0ee629da0718,0,0.03724921056156269,0.172429
ff2358a4-bc49-53ca-b309-184ac2618f84,0,0.16686379808649404,0.15620218
1f5f3180-71cc-5787-ac63-39dfe7dd28df,0,0.16664992228845157,0.17807114
dbd0be8d-808d-5c51-bc57-95684fab834f,0,0.08495846802688209,0.34660903
52cf2c82-280f-5bcf-9dbc-805dea95f6d1,0,0.3840190349199166,0.23048276
16a56817-acb9-5fa9-9de0-f4341acc3cc0,0,0.17664852573299442,0.17519331
bd6a4190-4389-5af0-92bc-fa5fe941b7e8,0,0.19365085224808024,0.18555965
1000cad2-4280-5a13-8e4c-2524eb800af3,0,0.032352942169464625,0.13585241
53aef429-db46-53a3-8d5d-3e8e1cb49cd3,0,0.01933081732899568,0.17854814
e40222d0-2434-52b4-9521-b899483aa740,0,0.3915107039544523,0.22907582
8fc9901a-0a83-59b2-af57-b632a47ecfb5,0,0.12058694868607042,0.43731108
de239926-aad4-50f5-8e89-ebf45d0aba56,0,0.06161055837855264,0.18293001
4b02bf55-33f5-571a-8185-c41832d535a5,0,0.031887268953127865,0.14525516
55642e07-aa56-51cd-802f-fe0ecdaf4930,0,0.10709921282053987,0.2768841
9f98134e-dcef-511e-83bd-12bff3a8354f,0,0.3875606575149343,0.42629138
0414f770-21fe-5ca4-a90d-89370cb2b3b3,0,0.3077461368400837,0.16735773
206f75a3-6975-5d89-aabf-1d6779434a86,0,0.3526689438701975,0.35556942
e3e75745-353c-557c-aa40-8446b0a2562f,0,0.19281861659645966,0.17723186
4212b60b-854a-5eda-a034-2e3a7e210fc2,1,0.9998871657260281,0.7317185
97ea929e-9809-52fb-90ea-9bbbd2950735,0,7.636416752575102e-05,0.25151068
2dd730dd-db84-5bc9-9f74-7c16a7fe716f,0,0.37972062158312353,0.41567034
4623065e-dcc3-5d59-834e-ba35fea8c56a,0,0.021068227432341644,0.14313726
576499df-5561-56bb-952d-842e456b5b91,0,5.229105149940663e-06,0.30616525
e75036de-e130-53ce-a147-fa9bcce004af,0,0.10010648908779739,0.25864282
b4902e10-5bc7-5f67-a495-e3cd265fd25f,0,0.13544493161418827,0.18555965
4223f5f2-1179-504e-97b1-0c68f77e3326,0,0.10814664348087918,0.15516993
2e10df40-489a-5a9c-9c72-3ee49e0fbec7,0,0.25329214124145505,0.41168302
9b30a899-64e5-5042-b4cd-afeb5f05b0f4,0,0.16113096177535527,0.16962545
215ab7e4-b772-5976-a47e-ff62dc276e0d,0,0.21704815008738793,0.30615696
9f067dcf-fda8-515b-bc8a-5606932a4c99,0,0.10973741718624691,0.14347577
dfadcbcf-a3f6-5fd7-bcd5-e89d8f164a11,0,4.627305502506098e-06,0.34318307
def9ed0a-58e9-54cd-af37-c7cfd767db93,0,0.11067276561083092,0.15434833
2f9484e4-f509-5178-bba0-746156523914,0,0.12149584084558401,0.20997238
25853dc0-1fc1-5df3-aea7-3047b1c30041,0,0.10676338118489337,0.2729203
d2d08c17-53ee-567a-b98f-83a332c27463,0,0.39065429990472106,0.41382545
8df7ecac-e620-58b8-93fb-2142e8ccc6aa,0,0.010088530006901497,0.15987313
b8c6e934-1183-5146-b2f7-8b2df0d55be2,0,0.17596178130512236,0.23972438
ab32975a-e1b9-5113-88b5-d8513a38adbe,0,0.49828111603216213,0.46559063
117e2769-6331-55b6-9cbe-d53957df1962,0,0.28254180016484376,0.2281383
dd799487-0160-572f-98a7-063bc01a174c,0,0.0736700481384912,0.23778898
4cf85b7e-977d-503c-b151-49c033fc7187,0,0.2510318319323299,0.1967488
f5fb5be1-211b-555f-ada1-1bf7b065bf9d,0,0.4762323109710147,0.18051669
1019c475-aaec-5782-b421-fad37b4a5186,0,0.1250808941777778,0.3244076
4a427f53-c68b-53c6-be6c-f61a20f926ad,0,0.4745276231162725,0.2057104
151bcc82-6f38-53b5-9d2b-31b7ba529d8b,0,0.07030070261027942,0.17457418
8d1a1fb2-21cd-5d48-b645-eefd62b964f9,0,0.23173200873749883,0.1584363
f1b81a3f-a07c-58c3-ba87-7c94175c1915,0,0.1802158540243024,0.22377957
7e5cf992-8dfe-51a1-ba1f-73e0947eb7b6,0,0.10824419782609374,0.19871387
b97ca595-3ae8-5cbd-bb64-8d496810bac8,0,0.1091388801108355,0.4264234
c34f3e6a-ba5a-55a4-a28d-cb4d41bd60c5,0,0.14331611465187422,0.5156618
81fae412-1b39-5f23-a960-dd6d3128414f,0,0.0319053054674003,0.16290073
84b152a8-6f32-5699-91dd-c040dd012f53,0,0.16311074586626353,0.16681376
05ade135-162b-53b7-acf2-ee71ecadee33,0,0.39065429990472106,0.41382545
9eb436fe-fc13-50ee-be19-ae5b04c9b997,0,0.5064808371340616,0.21553303
a93d9a32-a096-594e-98f7-03a5906893c5,0,0.11428108671008498,0.20380875
11612632-c90e-5fe5-95be-ad1ae3ce1ea8,0,0.13409968420874044,0.16627601
c54b9d94-2355-5613-b48d-e7ba603a9ae3,0,0.029267230605567122,0.22987199
2aeeb367-f8d0-5d42-b1bd-9d1f0562dcbd,0,0.3436228970281144,0.24952482
6f19741a-7ee9-587c-a9e1-93752565ed39,0,0.3697359538943266,0.40168005
ac1090e5-733a-53f6-8707-06ae4dc5b482,0,0.41054659462942883,0.22660275
458446a9-a583-5b46-9f30-74c077a2c891,0,0.06201108206313521,0.1555305
8b790a32-77f6-59c2-99a7-3cc936267e19,0,0.07750776605425588,0.29284686
1210ea66-74c1-55a9-8851-7dc4521168e6,0,0.017628583625705723,0.17154004
5269e262-5b45-54f5-b197-955ae712da67,0,0.239889076157207,0.422117
07c9d3db-2ade-5286-ad6d-8f80dcc38481,0,0.015589389406590657,0.22661844
246314b7-888b-5de8-b219-6208cd46e6b9,0,0.16303063266956458,0.18431635
2730ac15-3534-5d58-b29b-70a5874483fe,0,0.21262523852608714,0.24436156
a27314db-12f4-5404-9e5b-7c752278e1f0,0,0.39058717044761176,0.27422267
15b2e4c6-78a5-5033-bea6-3bafab0d08a9,0,0.04229169375246019,0.18359001
35966117-0d34-5c19-bc43-f75118f3afda,0,0.34539884132393256,0.18156792
96e82f61-0ba9-5d77-9b4f-9d49f730e77b,0,0.33858617337208463,0.2775569
84880b4b-a2c1-58f8-b971-28cf7d748946,0,0.16113479110295476,0.17817497
077d1cec-f210-5ddc-8d2c-28c4554c6a20,0,0.26560852435668614,0.31878644
5e27a0be-16ce-507e-a7df-2c608f1ad485,0,0.031076659490169443,0.16236249
6bfd4531-5393-5ac2-82a9-a61a792ec4ef,0,0.22915180343170558,0.37306505
e1ed5e14-8680-511f-8aa4-52fbfbb33b42,0,0.2212902931282712,0.22913037
807b6e35-f07b-53b2-a772-2052b2fafad2,0,0.12403123341858983,0.38796267
3adfce68-9fae-560d-ba62-5f680541d85a,0,0.040310828147363705,0.22817025
143c1bf7-1f92-58a1-9c8c-a9ccc20ddf03,0,0.18100397438523827,0.26876736
71ec02d6-cea8-53c6-b91b-7071ed27ef2e,0,0.037095289425419155,0.15818775
120b2496-b7cf-54cc-b02a-24fc035a8619,0,0.3085825437277765,0.46911067
7fc1674a-910a-5b0c-93b8-34ce396ff7d3,0,0.12426987799834235,0.1844754
d84d43ae-01ef-5cca-b5e9-2da6d7af33fd,0,0.021158036495369195,0.18929788
8dd29c6b-d972-54d4-8be1-f059a3b75e04,0,0.16141723176316422,0.16681376
b1c76a35-27b2-5243-94aa-c3ae5f30038c,0,0.0017163120569979112,0.5150389
dff88ec3-baee-5c6b-82bd-062c6527bae5,0,0.16751549963856963,0.16768514
5a644757-1432-5f12-a4ad-3682db4ab68d,0,0.39065429990472106,0.41382545
2ff421a4-edce-5575-a1d0-cd49aa961a80,0,0.39065429990472106,0.41382545
102d84b9-dc71-5201-93f7-60947253a12b,0,0.502568856346913,0.38581336
0c4b6364-5777-5e05-8cbb-ec6785775017,0,0.39065429990472106,0.41382545
54ba085e-aa31-5068-8374-67deaeec856c,0,0.35530300601566134,0.1768968
6c2c22ac-7269-5713-a579-80c6434dc08b,0,0.08686753059957979,0.15216868
5ad287f9-27a5-59f0-8eb8-14df3e7dd688,0,0.39065429990472106,0.41382545
c3e1b84d-11e7-5f8c-9eaf-287fc95cd692,0,0.09730042152874846,0.5752193
abe8573b-421f-534b-84cb-308a897e84d9,0,0.07193301263448143,0.17883684
b3e81159-1761-5549-aa5d-3d2b0c10b4b1,0,0.39065429990472106,0.41382545
2735c5e2-9181-5791-bf20-71973b60ac83,0,0.39058721536157304,0.27422267
4787b3e7-1172-548f-b5b1-252d35ecaf51,0,0.39065429990472106,0.41382545
0eff7108-2c06-5019-8ebe-7bd17ec68c29,0,0.39065429990472106,0.41382545
2e0f80f2-9391-52d1-ae7b-cf74ee5bb304,0,0.39065429990472106,0.41382545
b848c0c5-3622-505f-9a56-4294e85666b6,0,0.39065429990472106,0.41382545
6b41f059-c37f-5259-9671-3f80bf9269e9,0,0.23257730998015777,0.26152766
ad28694d-016c-5d52-afda-3831faf7b9cb,0,0.08547606853509143,0.2809058
5121f6fb-1496-5aa7-abf1-4c6f17e88701,0,0.39058720039025246,0.27422267
e75ec816-d574-5332-ad57-7e584cb11e3b,0,0.39058718541893206,0.27422267
b14f4a62-7fa2-5967-9707-171e2e75a589,0,0.39058720039025246,0.27422267
cd9e62f8-1a38-5ae9-bf22-e79a60d5f687,0,0.39058720039025246,0.27422267
ca69ea92-767e-5a5f-9da6-01fddc15aa4a,0,0.39065429990472106,0.41382545
f9bab815-bedc-5a8f-ba5a-7299aa5df6a4,0,0.39058720039025246,0.27422267
843a9a7a-a0ca-5fe7-adc3-ca12ecde6a44,0,0.39065429990472106,0.41382545
c9471549-5c01-587b-b834-992d51a28016,0,0.39058718541893206,0.27422267
7a56f7f6-42be-52e8-af35-733d38539023,0,0.39058720039025246,0.27422267
b0556060-8f52-5348-bb7a-6bfd4fe7d0d5,0,0.39058718541893206,0.27422267
8634dd66-4122-5f46-86b9-472269ec65db,0,0.390587230332894,0.27422267
f1441822-8ec7-5e7b-b877-26d5d6edea54,0,0.39065429990472106,0.41382545
65c9d9e8-503a-5ac8-acab-0c95b8c477e8,0,0.39065429990472106,0.41382545
243975d7-c807-543a-8f05-cb06b9324ca7,0,0.390587230332894,0.27422267
64713a4c-ddef-5075-a2cf-2b6a255f3ab0,0,0.39065429990472106,0.41382545
80788425-3ba4-59e0-95b9-b9a0dbeea70d,0,0.39065429990472106,0.41382545
f06a2fba-fac4-57ca-95ae-c497512308ea,0,0.39065429990472106,0.41382545
35a3a9fe-c83d-518e-ab40-5940f798a370,0,0.39065429990472106,0.41382545
10c40c6c-5cd7-5704-a386-253022d12ece,0,0.5835390920420824,0.48126674
6a89b45c-7e0f-53e3-a5b5-0ccafaed540f,1,0.020883900235764745,0.34235236
aa060d6d-7425-570f-a70d-e7042ff71f5f,0,0.40526586990399366,0.50361884
526c2df6-d9e0-510d-95a5-2aea38dae49d,0,0.9329621366670247,0.7848614
3b3fac5c-f77d-5d11-a25f-37b2cb613d48,0,0.43904197254959415,0.3944323
8d0355a0-a9e4-536b-8baf-e07219910dbe,0,0.11850808264416793,0.6329163
35e22ac6-7a4e-5c8e-a18a-d252c9078c65,0,0.36596527832383347,0.19106953
83be6515-d45c-511e-a83e-18fed85ddf18,0,0.1359525808358114,0.24015664
a577e7ff-d392-5f30-8254-08e7837c5b6f,0,0.8270773118066512,0.3539592
5712d26a-6b2c-50f0-8e32-13fdae5b55d2,0,0.34209379640630566,0.24651709
83475a3b-033e-552e-90fe-1af4bb5f8ea7,0,0.2566339248608379,0.39155987
f2c608bd-cb4e-52ea-82e8-fa0420dd92a9,0,0.16822801982094263,0.16653596
7290c6dd-c7e8-5454-99f7-e958e5ff1255,0,0.44415744958652964,0.5569727
8f8a9e87-cea8-5f24-aae3-eed87f9826ec,0,0.43378253301655456,0.502256
714dd8c5-7f91-5c19-a6a0-0db62f9802ea,0,0.07222481115018901,0.14313726
20f962c9-928a-504a-8d96-e097d813386b,0,0.26059697674989657,0.15844448
a2d51cc5-4688-5af6-97f6-4d21d70a98ed,0,0.047714858882952224,0.17419663
afe67746-a770-5caf-8069-960b01d55d65,0,0.16935822402767642,0.21718767
c6a3cfa8-817c-54c5-a7e5-306ac4165e04,0,0.025738081832112684,0.13687539
f1f83d33-a814-55d7-b462-b18cebcbbac9,0,0.05547311222672194,0.21686606
b4e21557-0d27-53bc-8f8f-fa09a10af20a,0,0.2379475522326587,0.16564044
6edd9297-3c98-562e-9c31-7b5f1730dde3,0,0.5878603820582229,0.23398
467e4b01-9327-59c7-a637-37eab0343ce8,0,0.4703796498258965,0.22482733
e38d7d45-772b-50ac-8bca-0fd402137137,0,0.09009318595899177,0.15325974
cb88dd04-b3b5-5991-ae18-0033e5aa6941,0,0.03869041300695971,0.20681304
715c3689-4f0b-5f25-ac27-8bf81a2db519,0,0.08078321927547455,0.3011243
665e2f57-0e4a-57d8-9783-0e69a9f240fe,0,0.1141571702121485,0.21245226
57521128-3b8b-5f0a-82a4-d13bb9722161,0,0.14430637538699934,0.16461
3db67b5d-692f-5fe8-b3ae-8868b9a6ce4d,0,0.04977929167157897,0.40194553
bba0af48-969f-5e36-b3cc-e9b688b57949,0,0.41458272284670344,0.5189047
2e57463c-6fad-5ce8-8ef5-29a1a5e51bcb,0,0.45059735708111914,0.3044671
54396225-8289-5f4b-9d8a-c0f5d303dcc8,0,0.3224585696309702,0.14313726
8e114b17-3550-501b-918c-69788032c2ff,0,0.14264978813190343,0.14870526
492a248c-5338-5796-9155-d5d008b67cb7,0,0.27937941906391695,0.3546089
7d73c0ec-41d6-5a30-86e1-e455e2ecf612,0,0.05125410351743337,0.25983223
a5964908-7284-5770-ac0c-f3e627ea45e4,0,0.164019633896926,0.23239604
d2f6d6dd-ff88-54d6-9ba1-fd6cc4eb3929,0,9.996823345895589e-08,0.24459498
bfc2c6e9-7df1-54fd-945e-7f3967feec68,0,0.01405922400840115,0.26287535
f436bd84-7b06-55ca-a4e1-29bcea994ef2,0,0.1861466865543276,0.29780152
60845cab-3a1d-5693-afc8-9374ecdfb55b,0,0.22156096584917828,0.1862503
ebc357dc-6fcf-51df-8a6d-7ca922d9774b,0,0.1797974847535988,0.14175014
f9a4a96e-6f8b-5736-8784-0a55e0830ec7,0,0.33903005096215993,0.1768968
f7222f3f-225d-5988-bfd1-96a3f6a68072,0,0.20847292756882155,0.22674525
d73c82b2-84ab-549e-b65a-a63ae673bb38,0,0.11292610605411972,0.31545419
a8260aee-e6b3-5090-98be-5d46c8c2ccd2,0,0.0018874074060161146,0.18618467
597c1eb0-fad6-54d1-a2dc-ad0e8e6e5efc,0,0.04808065809211156,0.15784477
d0cb7009-6648-53c3-a0df-cae06868e22a,0,0.10305023979878386,0.17728163
b4fbc238-82d7-516c-b13c-09d867e854b0,0,0.21351087280547887,0.18639393
62842a64-788b-5f75-9ebe-55885820ca0e,0,0.2781691904972477,0.27211267
5685de65-ff22-5031-9391-01c865121265,0,0.2969976422695302,0.28264478
4f83473d-bf38-5dde-bbdb-abb8b3b296a3,0,0.09688480149049163,0.28809062
516438a1-43ac-515d-905a-9f0e834f8445,0,0.10086732318047724,0.32282794
50d95576-0051-5d5b-b3ec-2d937adae483,0,0.17142893280399518,0.19664459
54ffa40b-1fb1-5277-b109-5aeed46e2f94,0,0.41256951754781784,0.17446308
974a45dd-12c4-5d8d-b7ff-e586a5a782b9,0,0.1251896682010687,0.2268315
082a2863-22fb-57a2-9b2b-f92e1fb027a8,0,0.11290258943432613,0.21530053
c4fbc4c4-1280-5084-a9e6-81cd8e70a8c1,0,0.7289369551996826,0.38940892
f152e7cb-727e-5336-8a27-ff86209f79ef,0,0.18651185242215107,0.21048668
c6683042-b4fb-50e9-a5f0-097e0d83c7c3,0,0.5611460165571979,0.32199353
9d0487d3-1606-5ced-bd6f-1f625895023a,0,0.123706091518859,0.25563416
d9da2db7-1d42-5575-b95c-b3fb12792974,0,0.12551973433223917,0.31214046
9aa8291e-6d65-59c7-bf7f-25103ff39bb1,0,0.30727352346628994,0.34477293
6d03c873-c326-5197-a15f-15c2fe5451c0,0,0.3671206622564201,0.17987832
6a5057d5-8336-5811-9f6a-45d9ea1060cb,0,0.01922148888888341,0.24213521
b47c7f31-e6ed-5bfd-b2cb-c50a558e34b5,0,0.64284058473921,0.31114757
cab42e32-4f44-51c3-9af4-96194902e6ba,0,0.02519497607941375,0.13657892
259c85e9-1409-5c22-8e65-c31cab892397,0,0.42697596725767833,0.39668667
273a4bd0-10a6-57ec-ac62-5687bcd317c5,0,0.5426890571584825,0.49889797
1fd444c6-2e5c-53ad-a043-8ac3e79fca1a,0,3.4730332527823086e-13,0.4626912
9a313b68-b81d-5693-aac2-7f8c3538afc8,1,0.9223817103907692,0.7867968
972a5e19-afca-5db4-8c4b-5160bca43a97,0,0.09925479027080604,0.16628677
bbaa7a62-05c7-5ff9-878e-aa6d1f9af71a,0,0.45751189204764925,0.45042545
fa7d1e30-ef86-5939-9098-bf69d9ba5a84,0,0.08796863214249086,0.18826997
ad15f34c-0c5d-51a0-9da5-9bd3a485b715,0,0.11691809895423633,0.28382802
844a5c4d-517f-5afd-a9ad-daca3bb8a40c,0,0.5166003067271537,0.18593436
059b0073-01d4-5fb2-9eaa-a1bfeace535e,0,0.5477535953783268,0.20491947
d91e66e4-2fe7-5374-94da-5b9cac0bca03,0,0.6156806524294757,0.5111064
702e2359-85a3-5287-84e8-7281228a10be,0,3.5300069976153706e-15,0.48991278
d4293d1f-25c1-5202-a968-ac62f1859b75,0,0.004204360038694444,0.7011876
92e11f81-23cd-5d2a-afdb-d2f3af8f58e7,0,0.24279377361292082,0.32359675
81c35d56-9b5c-57ba-9bca-3f1e09c5665b,0,0.15392506253786212,0.13711342
049c4a60-db7c-50a4-acf9-995180930a34,0,0.09264212068324074,0.29284686
d7fcb3f0-5c61-53a1-bc02-5cba178866f7,0,0.10674014427369638,0.18266729
ccc0db9e-428a-5837-bfb1-c29bd59664b2,0,0.02175027270218268,0.18726803
10931102-bf0e-5552-810c-ca4407be0bfc,0,0.027379318664890632,0.24696702
935052ae-ada8-5973-8f12-49c7a3213e97,0,5.914653456230568e-08,0.4798678
4547bcb0-8ee3-56be-8719-530a347a4afa,0,0.28629730801253794,0.24200216
0814ea97-1777-5be5-8418-7eff47aaa954,0,0.0695751394155519,0.1411351
a95b2fc8-8840-5f38-a6bc-9f5ca0e515b6,0,0.07815318384581979,0.19416127
e81b02ae-270f-5937-9af1-0215fab3733a,0,0.26400656115932125,0.27553383
88062489-a95d-593b-b6e1-de618adf2eee,0,0.031873946623588535,0.14525516
d14b1610-77f7-52c6-95e7-5102b3fe44db,0,0.010383439011746981,0.14387678
17933741-989a-5b75-b8bd-fb3189c8d92c,0,0.16160115002994052,0.32535276
92d007e5-726c-5af3-9920-7b6b54e1c5a5,0,0.015545913591955023,0.60492104
5301fe58-dc3c-5c3a-821e-e3e3ed0fb923,0,0.11924780873271132,0.18632902
f3129101-a913-52ba-b4a5-9bf5d4e7e023,0,0.10797198854723579,0.18266729
f6f3c5c9-dfb6-594d-96e3-779c99bfc3a6,0,0.1286092586078782,0.1736525
9ae78a0b-5f70-5440-8002-36d842c4c733,0,0.06261997880181885,0.27785707
4fcc338f-2b35-5ba4-b759-a755e3ae7822,0,0.16899604274977628,0.46988112
8cd91c7f-a2bd-5871-b259-7ac3e7707402,0,0.03486449524380303,0.24029489
96f31c79-0055-566f-8b24-b9f97b0f10bd,0,0.07946835746423214,0.23668535
67a22ef6-5083-58a4-bc29-655fe7e993e6,0,0.9425795311610576,0.36063313
018cb683-2f0e-5bd6-9614-3b095abf5410,0,0.7142314036499489,0.61041635
8be635b3-e681-5e74-9d2a-650a64229240,0,0.03150423844288346,0.17795965
f97b8eac-7da2-579a-ad5e-a145f1ca6da3,0,0.16727904998151075,0.15620218
bf14eea5-84ba-5021-9b49-6ad741a089f4,0,0.19226807512600066,0.19362424
d92f9453-dac0-5a19-a12c-f4418c6c1343,0,0.16643585007100664,0.16653596
04d27145-0545-5d4b-89c9-0cf46b2d162c,0,0.3658145995515968,0.17609662
4628266a-d38b-5a8d-bcd6-39d7e980bd8b,0,0.2830132753641461,0.34471348
133716c7-9018-51ef-a9df-96ef6e3340c7,0,0.06423655202727703,0.1475529
ebe4b678-7cbf-5346-8bb7-1955234d986a,0,0.05380829495719623,0.21605681
955fa1a3-17c1-5c4e-af40-354c4bce6471,0,0.4394849422820344,0.2833417
23cda30e-3eb9-5607-a7fb-1af4b732997e,0,0.15312034655180304,0.13661166
7878197f-05cd-5082-9683-7d36dc053f3d,0,0.07843453328736431,0.16562471
050faa23-a25d-5e79-a987-556cde029883,0,0.17677401652251326,0.2833417
21ada475-60b7-5310-aedb-b2610b36562b,0,0.4859464913819257,0.16796535
40159c26-29db-5171-86bc-12b1ae3bb8e8,0,0.1353057419031836,0.18555965
9aa418ab-f7c3-56b5-bce6-df7858c79fbe,0,0.013369867766660265,0.16503963
fb2442ea-ae3a-595a-b12c-6569ddf0e79b,0,0.8980246623355898,0.5186237
ad1dbd9f-7fd4-5a1a-9434-f0c677854357,0,0.0005997909980859261,0.49677676
4bd4719d-1687-5869-a4a8-bd9fb3848724,0,0.32653672298029746,0.27302173
47e25b17-70d8-5539-9fd7-6a09177434f6,0,0.015216631793839901,0.14372408
774d4073-96a0-534b-81b6-f1059a2660b5,0,0.1780434872979924,0.18668546
7a9b1e19-1f6f-5866-8678-bb97e8da9c2c,0,0.196533632483731,0.1630399
b0a74276-f95c-58d3-8408-21b2e6a93a2b,0,0.0004477895706728993,0.26710322
a8f045ee-cb45-5db5-9a69-793f511ca73a,0,0.024446241155788005,0.1299043
07b0d0ec-93e8-532b-bf67-b0ea91ef9346,0,0.05931994067229898,0.14781667
1a528219-61ee-529b-bad4-c638ddbf1522,0,0.3814344111535598,0.18483235
ea0ee3ad-5857-589d-be75-43300d45d1f8,0,0.20925931224559582,0.29834244
e3e9e9e4-fdd4-5716-887d-97197f656047,0,0.01533973988883967,0.27999526
95cc3f50-5f9e-5d36-9241-442dd9869a8d,0,0.052045890019738354,0.24830556
35e4320f-76a8-54cb-84d0-1cfe0b7a70b3,0,0.9321330002371959,0.7443174
440e4b84-402a-58a4-bdf3-0e1a457f4bfd,0,0.5932493610799611,0.24966289
f7c08254-c47c-5cfd-a543-bac3d2a1b513,0,0.09604968126798567,0.1470408
4ea1f681-a9f0-5a1b-90bf-e7d4cd15c8d7,0,0.08725924452254996,0.28368035
73aa58a3-b601-5f3f-806d-7ade19c919b6,0,0.29463465610862516,0.17749003
7c1b21fc-2d83-5ee5-897c-f2565900ecd1,1,0.9884071572959786,0.7090861
da63f9f1-4969-5f92-be8f-89e7877b9c60,0,0.20670639127191787,0.29502046
ea65da4d-06e8-54bc-89e2-c32a45000113,0,0.259378568199759,0.28165713
0d94cf88-4889-553d-86c3-c23dcb1aa3ab,0,0.1545819736828108,0.19824369
b14fe154-3371-5f73-89df-4d3ba1388d74,0,0.037184137547660596,0.16334945
c7ab6174-ba29-5b7f-bc89-892de7713e1e,0,0.01563604246971701,0.18068194
3015413a-d39e-5993-9ed0-0e0774af28ce,1,0.8090672672391084,0.36353898
ece13066-19e0-5515-bd1d-08bdba04aec7,0,0.7269161759512783,0.50955033
cba8d30f-23d7-5cb1-b217-baa17303abcd,0,0.10546296055997947,0.20075929
7957e6f5-be9a-5b7e-9b0c-07eb06393509,0,0.6133328522340181,0.3717399
830e1816-96a5-5ba6-a7b3-2f3bd61914e4,0,0.1962364568310217,0.16768514
5f30ceed-53ac-5497-9525-b8a6d8164bb3,0,0.0017097563100657096,0.35243988
a5ac9ac7-036f-5c8e-8765-a502bc8cbb77,0,0.13554263049784776,0.18229601
ec5d93b6-a7b9-5bd0-80cb-181dcd3e5548,0,0.015105962832529895,0.1750994
802b5117-32c3-5124-83e7-0624988d40cf,0,0.1546929936491875,0.18413265
9c965588-7a78-5f04-9b88-a1d862d18ab6,0,0.1812349754954257,0.16208602
274480e6-a163-5630-8e34-245a301e7764,0,0.10678223222551109,0.15235232
7b54e7f4-7c0f-545f-aee7-415c4994ce39,0,0.05174812326409843,0.187783
33c38aee-6fa7-5464-8774-c17a3ce56049,0,0.007905578178223694,0.24906267
87fc2f2a-26f6-5315-b524-d96e9a4de6f5,0,0.22736334071417902,0.4016404
c39323d6-34ca-5028-914f-36741010aab3,0,0.1361330866932424,0.18229601
3770df8f-ea70-5e33-867f-9c35080662dc,0,0.39065429990472106,0.41382545
b5e626e6-4d5e-522a-acd6-022481d952df,0,3.3525339657129946e-06,0.1823403
802d243e-afd4-5c97-b6dc-d06329eacdd0,1,0.34863782654180586,0.2527572
1c27f798-ed6f-5cbc-9b2f-ec18cdb43e16,0,0.16108831037413224,0.16471319
9fce39dc-b466-57a5-bcb5-95d011d8ff33,0,0.08655808316558329,0.18723062
4b2d1d4d-6b91-5194-8739-b51d6b43a456,0,0.36116257295716847,0.3406054
312a3a5d-038e-5a44-b35c-17de2cc27c68,0,0.15149119056026927,0.35341614
b81d27e6-33c6-5e6e-b0c1-bacecc93b012,0,0.7943789159486337,0.27908632
8095ddc6-3b93-5cf8-bd62-cadde428fb00,0,0.12890784989978546,0.21113825
9e5e58a5-cbb9-5a38-8488-41a82435b04f,0,0.31500324556990544,0.34218138
980776eb-d1f4-5f2c-be83-2950980d1a7f,0,0.12412890539660511,0.18741594
df15c9c2-ddb1-5fb1-b2ce-c7369e4cad2b,0,0.06401745049470278,0.25864282
720c8a0a-bcf2-51dc-b7d8-89a082bddd30,0,0.17247329892677607,0.48107165
b72e3b37-9ed0-5ab7-9374-5e020355fe08,0,0.03699261290926571,0.14922456
3569c975-0cc7-55cb-a983-50e5d67f39fa,0,0.24142259234327526,0.2788416
1ebfacaa-2b7f-5bfd-b0fe-25ff7d6b2076,0,0.042303096992583375,0.18359001
572c83ef-4541-5422-bd95-0dfedeba81ee,0,0.14184901527723784,0.3141582
6cb2c567-87c1-5eb1-8bd0-b8fd2398a2fe,0,4.341773671567473e-06,0.29958606
a19b0a1b-31bf-5d85-8719-473aed45fa8c,0,0.34680158942536193,0.17375848
74572a1b-a000-575b-95f0-9c7fd3eeff3b,0,0.30456468035470985,0.19014928
75595916-1350-5644-b47d-bc6ccd371361,0,0.05852858046720972,0.38230208
6f1691c3-c58f-5594-9d3f-361fa7fcc373,0,0.17001518915217906,0.16223645
1358a185-0ab3-5712-8bd1-e03f2a14fc92,0,0.0025876461263383437,0.14466475
87a2e519-208a-56c3-9910-54114dc78a89,0,0.26807125105731233,0.17460671
f5a45756-df07-5208-ad26-b0e1e968a8f8,0,0.0014972999521461544,0.21387407
159a70ba-d6ba-5b56-9a9c-e3a6a53f1c3a,0,0.02038897704976819,0.1610931
70551e88-a611-5b0f-ad81-54c9754ba31a,0,0.04520072618450702,0.14835252
a30f404c-089f-5813-9ef4-6205b8443974,0,0.08849737423097452,0.526694
2ef8c3cf-0c6b-5e7a-bfc8-5c3130732387,0,0.031360081887960495,0.1410651
13359f62-8a9c-52c7-9345-b6fd00dd6fa0,0,0.16267246086637865,0.18568358
ae7670b2-ddf3-5ebe-831d-048069aa6333,0,0.16440393745893114,0.20480254
8e93dc8f-b8b9-59d5-80cd-b9863f770e09,0,0.19696478480405893,0.3513678
35e4383a-e37d-51c9-9103-1541f454acee,0,0.9238608356844767,0.6815706
7dac049b-e23b-57a8-81d6-ea10f23881ca,0,0.0028369170202666772,0.4613406
3f67b6ee-0201-55d2-a61c-3c70c38882b5,0,0.33419161663880154,0.1861915
1303ce0f-4d9c-5a49-9003-52436d5adb9f,0,0.39065429990472106,0.41382545
18da8c8a-5226-5cd2-95b5-35b2f231cb56,0,0.17402063536919793,0.14545469
ede1c924-c4e7-5537-9815-c284463afe70,0,0.26972776279367555,0.28581554
adc4d184-e8a7-5a2d-bad7-c35796a0f0be,0,0.9972447881718669,0.3906042
b5dcd2be-2910-503e-ac34-12a1c4d7ec89,0,0.03585737455250165,0.28874028
0a8fa969-3b8b-5444-ba09-15970f855b57,0,0.3260111117962892,0.26406243
b037e673-0735-5295-a7fc-f4fa05689cc2,0,0.2656947222094009,0.20515293
782a81a2-0d70-5a0b-8a1e-852e7bcd1a27,0,0.251811650499134,0.21171953
798ac25f-766a-5c98-bbc6-10b594833e87,0,0.05410647701570023,0.20660253
b3ec9fd6-ad55-57d9-9782-b063445b5f0b,0,0.3422827483230843,0.3863064
0eb07cc9-f81d-5577-bdc9-e45774c70100,0,0.03423445066044969,0.13072795
8e3b1aa7-6f7f-58c3-82aa-8c1001424ce4,0,0.14562203348299135,0.24285129
36a1186b-3c0c-5c65-99b8-92edeb4ea5bc,0,0.07669501277665991,0.16827878
bad95db5-20ac-5a38-8627-87137b48ad24,0,0.04087857050626478,0.17428616
0537cb61-2ef2-552a-8038-f703673fcc39,0,0.1088452390438327,0.30148625
31a7c921-799b-53e2-b299-6b2cdbf2692c,0,0.1804173617986785,0.21787651
e89ac09c-c588-5495-8d7c-1dd7efb43f85,0,5.603736203046753e-06,0.3137269
d1ada909-1287-5868-b625-fbc5d21f12c0,0,5.317887726686607e-06,0.19735272
d292761b-345b-5f52-b010-1e97212b7c0a,0,0.08490429270320371,0.25387463
1b994285-8ad5-58bc-a506-11724f69b669,0,0.13699673663276835,0.29356155
6ab15e02-d61e-55f2-bb0f-3395715e70ad,0,0.6167264331138231,0.3992928
0031de6b-4b09-52b2-803c-a15d0d0ffb81,0,0.10800402651910934,0.195024
46a39e1f-f288-523d-943c-60ce6b2afd4a,0,0.1665653227569906,0.17807114
3fae9eca-253c-5562-af3a-2785190494bf,0,0.16808556031991861,0.24715276
369c04ec-b28a-525f-ae7b-07489d3c0bde,0,0.10577207239292509,0.18217891
6aeff071-2e19-5b42-b7c1-542b99ab3110,0,0.0900968117572265,0.16217992
55b11a02-f843-52b3-8fc6-99b11c505c56,0,0.44951676666463597,0.25024712
ebd7412b-60ed-5536-86c0-2198311cb2e2,0,0.3699092984145583,0.24839567
3599590b-c3b3-55da-80c6-31e70aae9fe3,0,0.08906329547349576,0.16217992
5efc88e6-4666-5e11-a0bd-27850bb04c2d,0,0.2884621397402035,0.18873908
4d5739ca-b2a7-5ed6-80ee-1f22c51cb48e,0,0.22270580910299054,0.22688916
838b6cc5-526a-50ca-b3c8-801016584c91,0,0.05299211220223441,0.24376254
28d585b6-9fa7-520a-a465-63109f5c1f63,0,0.4551350497816995,0.2316214
752dfb36-5ea5-5a0f-9dfb-d884defff461,0,0.10830562717486654,0.14545469
8e36a76f-54ce-53f2-9dc1-b4e83620764c,0,0.431599541274135,0.17742568
0594da9d-259d-5558-97a0-e89527b32a39,0,0.6717230975751982,0.2844958
628617a9-61bd-5527-ac3e-8bd3e0f2581d,0,0.16650214949594752,0.17148106
b779f5be-07f0-5ef6-be05-3d6a081f21bd,0,0.04829730008270312,0.1584363
d9e948ca-64d0-5a12-a688-37aa5faa7b73,0,0.9992975494106046,0.7804393
1de2c2c1-90a3-5be8-bc2f-217f2ae214b8,0,0.2840218153131887,0.2621752
a781d040-40ed-5cf5-8635-8c2b38ad10bd,0,0.07686596164943654,0.15755402
82e6f378-62b7-5253-a42a-3fbffedf290f,0,0.018231455716451347,0.14387678
ca0a0fb7-53a8-5345-a049-cfde14f7b24f,0,0.039542710720588355,0.17993754
dab6f190-696c-5299-b0f0-bb725161c8c0,0,0.08786822007244152,0.32900712
cb7ff440-f3e2-5b6a-ba94-738434fd8b0e,0,0.2639916559877762,0.62224203
44ae5871-a6a8-530e-9d10-134494465220,0,0.17665246388702452,0.24080777
eb91a8f7-35da-5e9a-9dcb-19fc80645069,0,0.18605642397082606,0.35983467
fd1385ec-b2ec-56a3-ae29-25c0acbeac28,0,0.03189238613775308,0.14525516
8c6f2984-d910-5d3e-ae6e-b36ed89b71ee,0,0.0067634521482407865,0.1750642
731cc025-3946-5f05-a97e-fefd65a1d86f,0,1.6895439967585448e-07,0.24502282
16962996-77f2-50b0-a41f-385804260e1f,0,0.21136186572432505,0.22340834
6396b1ce-eb3a-55a5-8479-6b84c96b514e,0,0.029840968203246866,0.18381709
95244322-c8f2-5f4e-9c0f-9a5d12274acc,0,0.10796322020537732,0.17810914
7a6a9430-8de2-5038-80ee-53ea1e1d0e62,0,0.14119371385653315,0.21732013
79aabac5-9933-539b-bdd2-dd6f694bcb54,0,0.09140868347831736,0.23569289
200c649e-f4df-517e-9c1a-d23fa73fc82f,0,0.005416162556575491,0.26431203
28d3c3f9-e8eb-5ca9-9986-e7b3236fc565,0,0.09041322801081572,0.15220934
9726275a-4c7f-5bf8-8760-f50f166e3bfd,0,0.11423398506529847,0.19357426
6bef948c-dd8a-52ef-b710-55fee8ed9fd7,0,0.0018403301010617675,0.16912884
ea0ef92d-731a-5125-9e7a-6d7bed4f1066,0,0.3090597052774766,0.18873653
44a8d627-63d8-50ac-a129-7573e319fbfb,0,0.13686170449330592,0.18477161
63b0fc64-e2ac-5c2b-8d6f-c21b0d0003fb,0,0.11436591922915376,0.18058442
293e7535-d67b-57eb-b7cd-b21c51bd0300,0,0.18072038768152363,0.3078904
0739f4f5-3222-5f98-b242-f04d6fadf272,0,0.16642855923140037,0.16653596
f532ecc0-8273-537e-a1ea-179c5d50ea65,0,0.8047045375641937,0.6243473
498c044d-312d-536d-9e59-8b6f060922b7,0,0.2017898990999519,0.1584363
8e9cc30e-8c3c-58bb-8ec3-003ceb10f7de,0,0.05536747449581962,0.32310128
232d2142-ea67-523e-a566-a384e0f223e6,0,0.07510531266582811,0.17724016
aeb09336-36db-5461-998d-ad579f5ddbdc,0,0.0856519688348824,0.16461
8e341a8c-8446-536e-bc88-3027e2f25f1a,0,0.019860682894019294,0.2870241
3c3f0392-7d4c-5d34-b592-872a56b301ba,0,0.11370282408178135,0.20358647
b63d9340-2f13-5fe8-ae15-7026f611dd51,0,0.6239283589867339,0.45924336
6bee056a-349d-52e2-be3d-b58d5c5a8a35,0,0.39065429990472106,0.41382545
140c17c6-5b2d-5814-a2eb-bbf9c3682eb0,0,0.39065429990472106,0.41382545
650979a0-9503-5346-82c0-02c8e3fa9ba8,0,0.39065429990472106,0.41382545
b7265be8-0ed8-504d-9b7c-facea8d0f82f,0,0.057203390285518387,0.17633095
0a0ddaa1-3f45-5715-a468-fdcc99689259,0,0.17295669474307443,0.2063646
403e41b5-f234-55f3-b89b-c35d8c2a9b43,0,0.13540733660409607,0.20997238
012c5590-1ae0-5eb3-a483-6aa604e1b788,0,0.22226382164127492,0.3313053
c7518fa7-7431-5b97-aaf5-0f0a45b79cd1,0,0.057802476941417956,0.16001046
1f7b2cf6-2465-5e16-9566-ef4c403e0bdd,0,0.08786166324516806,0.32900712
8e0964f8-21f8-5741-bf80-d723f0811127,0,0.07759367119036291,0.16751838
e1db1c58-d48e-50ee-9161-781206e53993,0,0.04855646267521349,0.26846305
54b663e9-166f-5020-9275-37dbdef0a3f7,0,0.11413944311702569,0.22285353
6b8547ee-4d7a-50a7-a043-5756e54bcbce,0,0.17586345446834942,0.15325974
5c1d8a7c-e25b-5d36-aea6-80d24ff414db,0,0.10217783338700624,0.22200955
da6c0c1d-4747-5483-be57-83fa6575d000,0,0.13681908345370625,0.29284686
1db85821-a7a7-5802-992c-c83523baccc3,0,0.39065429990472106,0.41382545
8870d712-8413-5fa9-b3ad-3baf0e8a3252,0,0.4072950655808408,0.22501366
551e88af-6972-5f57-be5d-ced8e2138334,0,0.12989076330136257,0.1991514
e4729130-6ae7-5e50-b5a8-869ddda38d9a,0,0.39065429990472106,0.41382545
cc94b17f-4d37-5fd8-ad54-8401fa478e7a,0,0.1869570512759766,0.2036119
36815051-2de5-5e4a-a2c6-6046e1da8612,0,0.1287398183807713,0.18555965
4e353315-7547-562a-be8e-d7a5a8637a54,0,0.16664350512535842,0.19502787
6d0ae3bc-d627-5233-84b4-0da74d05225c,0,0.1215999299783427,0.220874
3f22db61-5481-52f0-a41d-1f625b67ca44,0,0.02258708010450879,0.17795965
29b464df-9a5b-5c15-afbf-35af13c79375,0,0.03529387185698237,0.4792949
55332bfe-acab-548e-b0cc-04fdd4acd8a8,0,0.08672858642886526,0.1491779
9eb2f781-af1b-5e34-8e27-f35a923780ae,0,0.39065429990472106,0.41382545
678dc465-8876-52ee-9805-52f1be567fdc,0,0.39065429990472106,0.41382545
bf051b43-50a6-5a89-a818-c207384f5f0c,0,0.8152314766400027,0.26801544
d0582c46-b192-5891-be4c-941ddd1ae249,0,1.4883124757858846e-15,0.38784865
c8293d75-a49d-5ade-ac9e-b6816023d577,0,0.8273218417184893,0.47208896
69568333-c087-528a-a7b9-3bc43ff6c776,0,0.16835983646129565,0.17807114
4b55e443-8fad-5f02-a0ae-8e63de4bdba8,0,0.15791230216450755,0.16389303
497bad4c-8201-5deb-8bb8-878f8a919b6d,0,0.07844072138545687,0.18477161
bed35a22-e482-5969-9c2b-cdbbfa0225b0,0,0.39065429990472106,0.41382545
0c07275e-6bbb-5f52-9383-1920c625b43a,0,0.39065429990472106,0.41382545
a4da92c1-f7d0-5b4e-b444-a77b34393c9c,0,0.39065429990472106,0.41382545
429040e1-37ef-57d7-abad-41378efcb9e2,0,0.16651774703828226,0.16653596
715697bc-dc67-5377-b7ca-51bab0bae5e0,0,0.4473134641606946,0.5703119
071cd234-cd50-5dc7-99e9-2db1f3161455,0,0.39065429990472106,0.41382545
b2b59123-7c40-5c46-b32a-47a9dc4ed3b0,0,0.39065429990472106,0.41382545
ff77d68a-b01f-5c00-98e5-92bb2d525143,0,0.39065429990472106,0.41382545
348a2436-436d-5042-a919-1ea6f0110ee8,0,0.018534456252559343,0.24757987
1b8428b3-96e3-5cee-8ad7-b7f797a7fb61,0,0.39065429990472106,0.41382545
65316007-eeaf-57f9-a684-a2ed839b2a33,0,0.031913988125915824,0.16290073
8076ad5d-cf24-588c-97fc-489409322c3d,0,0.39065429990472106,0.41382545
fed984b8-4d96-52d7-b0d5-feac2409a7bc,0,0.39065429990472106,0.41382545
6f98bdec-7f83-5387-a2dd-441fa6eb7274,0,0.39065429990472106,0.41382545
36c56f85-b3b4-559c-88ad-5c79b33f98ad,0,0.39065429990472106,0.41382545
0e833806-f554-54d7-a76d-46daccebe5b1,0,0.39065429990472106,0.41382545
2fa5294b-b27c-51c1-9ec6-10826f4c127e,0,0.39065429990472106,0.41382545
ee346438-feb4-5024-ab98-2a8e9ac3a7ce,0,0.39065429990472106,0.41382545
98dddf08-7012-5dc0-9f1e-36661ddae3b1,0,0.39065429990472106,0.41382545
a80ca646-7843-5ff4-be74-91aa33027eed,0,0.39065429990472106,0.41382545
4b0e6745-5c1b-5cfd-a67a-01bdb819c047,0,0.39065429990472106,0.41382545
fc4b8369-56d1-54b1-ad1d-e3a729c6a005,0,0.39065429990472106,0.41382545
6306b871-ddfb-52aa-856d-49a4f175d3f1,0,0.39065429990472106,0.41382545
a7b26715-774f-5107-8d69-2d38a4af35c0,0,0.39065429990472106,0.41382545
ec261720-499e-526b-abe8-a56dd71bf351,0,0.9999999991809871,0.6512956
b3160b8d-6dfb-5eb1-9860-aa8ef9ed5022,0,0.26292253452005776,0.5536331
2a20afd2-6300-50f2-b9f3-72a717cac757,0,0.29361988815184203,0.5756067
7904edc1-2661-5369-ab09-d2569436ce64,0,0.2713089945346116,0.2036119
bee22dee-a47f-5c1b-801b-727e5d3451b5,0,0.016859034531713682,0.14130114
25305679-b645-524c-a51c-faf0dfd272c1,0,0.07341943926371873,0.32866597
245f69d4-8cff-57ee-a073-fbff8103b46c,0,0.06052190721823766,0.17292748
ae62f74d-5cfe-569c-b971-70ae4242dfd5,0,0.20691260081887272,0.22709441
b88e2f73-4271-5a84-834a-08d222d22f23,0,0.09519764218625129,0.15091312
e08b3cbb-2a7a-5b26-8ca1-12a1316ca940,0,0.08653239407530924,0.4295996
0793a900-af5b-5318-ad8f-9d79c4726e47,0,0.20442074426796747,0.31295165
40385c24-9de3-5812-963c-199e2b337310,0,0.9790474226791471,0.67370045
f553608e-7aa1-5dc4-b3b9-598d10952657,0,0.5202590612136847,0.3335583
ed040b38-cb27-59a2-9db2-135ea9141c11,0,0.1958485651462317,0.18335725
447204b0-d39c-5c0e-996a-65f694907597,0,0.6648742327303645,0.3502514
611aa116-96de-525b-ac9f-a27bdcfeba16,0,5.799249759217637e-06,0.494749
658f695d-e700-586d-85f0-1efc30997472,0,0.30779539158717956,0.20692447
beb63886-dd43-5fa1-a475-e5fbef7d6680,0,0.05768181821923234,0.29361248
54f8403e-4d11-51b2-a078-22464b833463,0,0.052669945138383474,0.1765925
4beed62e-fe34-506d-8d54-19a1bb3beef3,0,0.121669999170368,0.20652866
8aadd6f3-808f-53b6-afc5-903079db00d8,0,0.12474217041567433,0.38733697
4bb546bc-f882-5ab2-94b7-7294a11475b1,0,0.04589256704388132,0.2513055
bee486e4-b951-5434-b38b-f884e4644af6,0,0.5289733049144082,0.18455161
e728ab46-980c-52bd-8910-3cb8d8626381,0,0.012127102658029363,0.16945958
0362b4cc-3324-5a32-9bcf-70b59f4788d4,0,0.02079622879845625,0.33208358
072c610e-7646-575e-831b-4a6f2a3613b7,0,0.09402747647075219,0.3175085
6f1ddb0c-3d9c-5e4c-8ffa-5ddfc30dd387,0,1.8490232328198042e-05,0.26333737
e9cf0128-ab8d-59c8-8266-0dde5a75f91c,0,0.05326974609922943,0.25983223
576af191-4f56-5553-b2dc-1b4d98b710e9,0,0.5995958010713466,0.44564286
ab710857-a54d-5cdf-9d58-cd9972314d75,0,0.19137123588544339,0.29862255
8d39fec8-ce43-5df3-b972-85948d9dafaa,0,0.395369596822522,0.44296765
462f6c8e-9159-5fc6-aefc-e5d425f7c0dd,0,0.12396175322268531,0.1548342
ac941282-897c-5ece-a152-136d55349e1f,0,0.01312179119793789,0.17807114
006d3a2f-64a0-58ad-8811-869647ef5109,0,0.10107907269366126,0.17406464
88038ff6-9e35-5489-bc4d-2008e18f7f64,0,0.12285849271040185,0.22521253
7091a194-3ebd-5d4a-b4da-848b2605d0cd,0,0.045855193221998894,0.26829565
e4cabd94-990e-5658-a33b-e86b09636880,0,0.18333678165877837,0.33720598
21f3da81-739a-59a8-850f-21458b8c26b5,0,0.16242622815615318,0.25362843
b23ed3eb-ffbb-5ada-b731-119177bb24da,0,0.9180344764548088,0.39642617
a27cc74f-f93b-56ba-8c9f-b19b9d5029e4,0,0.15373348908489354,0.47576034
8836accd-7bfe-5b23-8a41-153a4e626cc5,0,0.5873436432819784,0.6200267
47dbd7a3-6191-5561-989c-afd23c53a0c4,0,0.03192675381683386,0.14131574
0e995e3c-8960-516b-8ce3-d58a174fbe0d,0,0.5655298512251785,0.17885101
e9c1ad44-3b58-590c-9749-9b2cd910aa9e,0,0.3957728734364231,0.27174208
0acd5491-7825-5d07-9400-744a86d3f368,0,0.29711647473755187,0.44197133
65dfe2b1-8c7d-5e85-b76e-f59fe72e5878,0,3.77379269397903e-12,0.39303127
7ad7cc17-d65c-541b-8eae-d3e7165b857b,0,0.20556775310522488,0.21348026
8a144ea6-0e3d-5185-8b45-00a71a0eb24b,0,0.32364457314757683,0.5045774
ef8224e3-bca1-5573-92da-c583a04288d1,0,0.2758488908333786,0.28869143
f68533a9-d6cf-5db8-a675-b6d8eddf5843,0,0.9510348091483682,0.742899
5f6c29b8-f114-507a-bc37-9651c6406e01,0,0.28311549328145097,0.27236012
f3eb4492-b451-5064-b8f8-3ced8a0c1922,0,0.06567277318772154,0.14999348
d40e0ccd-cec9-5f14-8838-e231b65b645b,0,0.45865853324544287,0.51685554
00ac9f14-3030-5e00-9666-af90e62f260a,0,0.6070396463847756,0.21263403
a63cf6d4-8afc-5ce0-9a7c-38fe833cc9c4,0,0.747081784026188,0.54997677
3cce334f-ded7-519a-ba39-0279f6bb8bf0,0,0.4465509971553571,0.18990697
d563777e-bcbe-5fae-9f6d-5b03e555bca3,0,0.23154995753961885,0.20788176
fbbdc158-294a-5d3f-af05-2f36140043f6,0,0.18901211956715167,0.18265079
a9accada-9079-571d-9ad4-96be6b3cd96f,0,0.10231636778020574,0.18555965
95032610-45ea-5fd5-a68b-e82af6c78022,0,0.3442901750222045,0.2443459
05a98885-3d19-56e2-a1d3-61294fe6d67f,0,0.3964525937251182,0.54201293
86ed5d5c-0df3-556c-9fc8-c891ccfd9b3d,0,0.442191199709173,0.5888508
6632f115-b780-5885-a0de-3fc5e88779a2,0,0.3329677730256943,0.3415087
c8dc3c8c-6f32-5be1-b55e-cc69168c0cfb,0,0.0012663994789899788,0.21852945
ceab6775-012f-5448-8260-04f346192c86,0,0.16215262023610383,0.19291045
e1215534-5eb1-5a8f-b1d5-28b9c7dca872,0,0.14717710324610186,0.14161938
e3ae4d1b-076e-5976-8c33-c7023eb75d31,0,0.08679128876972055,0.21125627
7b6af12d-fc9f-5937-a23d-87993ca59f0a,0,0.18157143147453736,0.1813844
7ac39eda-7496-5ee1-878c-f9db8a845615,0,0.47630707304702047,0.558526
5f5293ec-9eaf-500c-a846-d607a82f97b4,0,3.6292120830066986e-06,0.53605497
afe57bd5-87e5-502b-8cae-213b51637de0,0,0.07661207552074102,0.14387678
a5c3eed8-c90d-50e4-8a10-ea4051c72a2a,0,0.16839821189047313,0.16233014
a5387fc3-3ba0-5908-b1b4-fbf5ef0dcd4d,0,0.021568405042283283,0.2654968
85b876f7-a354-5542-a497-8b8789d04310,0,0.07763036401299203,0.14492753
c0b85270-3bcb-5eec-a83a-9286edf294d6,0,0.08081116622829458,0.17815958
cf2f76bf-d29a-59b4-98f9-0a700362e256,0,0.25374165940368526,0.15912364
641843b2-0a3b-5798-83fb-66da8aea2b63,0,0.6360189443476091,0.19215204
4e914ca3-8a39-58a3-abec-05083679b8c7,0,0.526467545785163,0.6323266
c4a36296-729e-5fe2-854b-ccb16ba2a75a,0,0.14893161716611772,0.21486591
d133be5f-58d2-51ad-870d-8691dd8a7f98,0,0.020181314363435402,0.5161352
e33d7ee3-28c7-5478-972a-e7403405e0e1,1,0.5483579177863728,0.3149338
c624136a-ff41-5e90-ae9d-4be255d3da13,0,0.2952747443159506,0.25785
32834f75-29a2-596a-9379-9a02e8d863d7,0,0.39065429990472106,0.41382545
fb149e18-f300-5bda-a639-5105df6103ec,0,0.03477229699035878,0.16842435
871b4d69-62ed-54e2-9406-6c938da36a0e,0,0.24694510722182417,0.35360584
c0bebacc-de24-5be4-87a1-0cdd622c9f0a,0,0.13643299420782556,0.54896015
e3d8b1c4-3706-5bf3-bee0-f3df897a8bc0,0,0.20204983875042587,0.18668546
bf6159ef-043c-5262-83ca-77aaa2daaa19,0,0.028065564272492807,0.19345377
46ce2d3a-393c-5f6d-90fd-a3358db05754,0,0.11504058185310317,0.14659697
982ba231-4a54-5b72-9e6c-8f46d10f8ff9,0,0.2919805916372638,0.21374576
dce723b0-c532-5215-a84c-2dbfb0c9470d,0,0.7990752382628903,0.43602127
6fe20b80-421d-5cf9-a855-4f065aecd2d3,0,0.23264177614203502,0.38585427
b66ec454-fcbc-5d44-acc6-3a885679138e,0,0.16141861101342073,0.20709763
4b4deab5-eca8-52b4-9cdc-efe737c6a32f,1,0.1865920095372218,0.18976471
03d46625-5e3c-56d8-b586-cabcc5aa8ee5,0,0.9969974199726414,0.74859005
6c21ac42-639d-54a5-a932-dd6d3a170fe0,0,1.1215456391171144e-05,0.20173919
be7a0d1f-4bb6-5cab-bc92-c8be3edef490,0,0.38268478022336916,0.59501827
30cc9719-e6a0-5061-9ac6-6c9afdb35ffe,0,0.2246368896838989,0.3458257
dcf189b0-9a94-5056-8320-ebc077de9c20,0,0.2150142246404992,0.3281539
1c7c85f6-5c79-53dd-b491-581e699b41ed,0,0.12297471864141091,0.220874
2e30b685-8035-55e9-ae4a-a5d45a983ef3,0,0.10420182198456215,0.19615331
00497137-7163-591e-af94-ba905f694ec7,0,0.06157565225577422,0.1678309
035780f3-3266-5beb-a769-e45c369427c2,0,0.0012822598538149022,0.19533882
6ab1f91f-6a11-5c43-b506-6aac19ccf9c4,0,0.8523881371209246,0.6175267
ec667975-32ea-52b4-ac04-7e8b8f29aa09,0,0.1023590972331571,0.18266729
99d998cc-3255-5428-8e50-15949889988f,0,1.5917376369751978e-05,0.2897356
f16a1940-d196-53e1-b7e5-4789e7b2fff0,0,0.05779963709098302,0.15669692
dbed2cb6-5200-5ac1-9745-92a0e2db9394,0,0.06536548263266652,0.18067735
4631a8c9-d606-536e-aa14-b2bdda567d22,0,0.062217903344606244,0.20195778
faa22ffc-fa22-52a6-9962-6c7804267b70,0,0.03189837304085166,0.14525516
839d033c-e27a-5629-ac7c-d352dbcb15b4,0,0.03188468295991269,0.14525516
71961d1e-d5f0-534e-a586-dbc9574edafd,0,0.8743964014370709,0.6929869
5b827b51-9a0e-5a4d-bab7-f7fbb770b98f,0,0.43269717367447275,0.5402287
ed2a12d5-d1a0-5c53-b761-5ebb07d0866b,0,0.02148702247117232,0.14372408
65a0096b-0416-5af5-913a-5fda31aa307e,0,0.15300882352974085,0.14387678
322cfde1-8f84-5d2f-836e-316ef45f4443,1,0.9972276430627046,0.7916613
2b390f37-7327-587c-b9b9-cef9c185105c,0,0.1903883534145927,0.20751265
432c3654-7787-548f-9e8a-76a9f6d8d543,0,0.6915035359967258,0.19785759
2a4b704d-af5a-538a-8e3f-509c3837a16a,0,3.096748852345022e-05,0.25734702
e52c0041-7d5e-5e01-a294-795de1c445d1,0,0.7947454908182264,0.57516015
85942392-1475-50bb-bb13-53a920df6454,0,0.05712361616104405,0.17292748
bcf41ebd-e872-59b2-8b2c-4f37410998a8,0,0.29862278023018474,0.19368081
1f06b07a-0c7e-545c-a246-22aa7cbb2527,0,0.39058720039025246,0.27422267
bcbc6222-10f1-5dcd-bcc3-6f0e4bee3782,0,0.10874921632685414,0.29624474
02e41736-63e9-50d7-9a04-b9acabc810c5,0,0.16649411974019085,0.16653596
1d9964e3-d32f-5fd7-b800-946cbe0b3661,0,0.2950051590309598,0.32275027
ce7735f1-9771-58cc-a4d8-fc837b917803,0,0.39065429990472106,0.41382545
3c57ab23-d291-506e-8114-8c02ab2c7db1,0,0.16649801234051465,0.16653596
62b55e05-6bc3-5d96-9d42-e2e9063fa92b,0,0.355537644284689,0.53605026
f0ea1adf-68f1-5b7b-a6ea-3ca110d40412,0,0.39065429990472106,0.41382545
a69502ea-8b83-538e-96f6-f5c198346c70,0,0.39065429990472106,0.41382545
62ef4c36-b800-57c8-9321-431578a53238,0,0.5236812105313207,0.20204595
3b5fe75b-2f90-5e39-afec-0ebd6d3f51e4,0,0.07858622800222198,0.18363169
e8e582c1-3afc-5187-9c17-6556a465efce,0,0.39065429990472106,0.41382545
69a6df0b-bb4a-5d1e-8968-2502f9e0c5e2,0,0.39065429990472106,0.41382545
6ad00a81-2f48-5284-bfcf-4431cecd3f38,0,0.39065429990472106,0.41382545
791bb6d0-b918-5deb-829e-9e69429c51da,0,0.39065429990472106,0.41382545
afb100c5-d3c5-5005-81ea-3b838a9b17f7,0,0.39065429990472106,0.41382545
16ae40c2-83c5-5041-a4ae-342d7f93b8e9,0,0.16646714415194006,0.16653596
57642408-12d5-5cec-8e2c-8092b87362d6,0,0.12720653071932045,0.15830682
cd2693c4-ee1e-56eb-a6bb-c0fc978837f0,0,0.39065429990472106,0.41382545
54028b98-fb7f-5dc2-90a5-b13ca7eda050,0,0.25605603964625473,0.36142996
108acdad-e1d7-5710-9d8c-ba4d05d73be1,0,0.037434942015169725,0.1481122
d8d15c36-da68-5b4d-a670-176cc444919f,0,0.0319123039041539,0.14525516
ea4bf6e6-610d-5daf-ad47-dada464bdd6b,0,0.39065429990472106,0.41382545
4b313da8-ef3b-5578-8e97-10462748f601,0,0.39058720039025246,0.27422267
7ab7b49d-17ce-5efa-a851-2e52eaeb6196,0,0.7173091998119902,0.39104354
7aa31f91-7b1c-50c5-ba19-6c9dd3ee40bd,0,0.036642380478459725,0.17429088
0b249ed0-ae02-585b-9fd7-9d6b6b53d24a,0,0.027901780266368803,0.24436156
3d70e3d7-19b0-5c1f-bf80-e8ab46399e83,0,0.39065429990472106,0.41382545
1e1df6b4-0c38-57c4-be3d-46f8f103c609,0,0.005277777603620519,0.30851376
8d051e6e-2130-50c5-afc2-29c548a6aea3,0,0.040705483887010514,0.145515
34036af8-8cf8-5c82-bef6-36da77eb2406,0,0.39065429990472106,0.41382545
ac23f420-90ab-5071-b9fd-d6005ae21038,0,0.014517784643338595,0.14387678
8eb8703a-1d30-559f-b0f3-eaa04a3df059,0,0.6538514608631462,0.42884886
08bdf515-8142-5eb5-a774-07b88e54d193,0,0.1880046082040298,0.39812702
b22d041f-96e6-506e-8938-3fe241cba72c,0,0.07866282087677458,0.14387678
0f46ea27-7d73-57b2-abee-99792f1e82be,0,0.07612255081478875,0.28175834
0d64d49d-2be8-598d-b643-f14bc7bc28db,0,0.390587230332894,0.27422267
1f6b1398-8c73-5ab0-a911-7f11830c6972,0,0.7919252813706119,0.45625907
b2c6a6e9-5ef9-51e6-bbc3-537170ebfe76,0,0.05190302879271631,0.14545469
7ec6f6d8-406a-5a95-a05f-74d9b675ee17,0,0.39065429990472106,0.41382545
c8ce114b-bcaf-5714-9f5f-ab7deb05bf2e,0,0.39065429990472106,0.41382545
73656d0e-1f55-5f3d-888c-9e641726a678,0,0.04798533377728104,0.13962469
7b71b4f4-92ad-5856-9610-0715dd91a7cf,0,0.008889396429652818,0.18742251
f5379556-c287-5c65-b207-40b96c34b7a8,0,0.0754670491158085,0.20640643
323fae3e-ecf1-5bd2-add5-b61fbde44880,0,0.39065429990472106,0.41382545
2e636e2c-95dc-5b21-8631-defbe5556ce9,0,0.39058718541893206,0.27422267
310827cb-ce8a-55e1-a947-1361d367f4ea,0,0.012763802065215052,0.43439662
a9484735-bbc5-592e-9842-a6e17aa325af,0,0.03496269150694598,0.29583886
98e3cbe9-7900-57e9-afe4-4098f721c7fb,0,0.1150500774063359,0.23083475
b6a5cd06-6013-5450-a20d-25158fd640ec,0,0.3021335449390088,0.1939331
5fb0df20-270a-5dbc-851a-bce113d21fed,0,0.03373798269262451,0.14525516
49c4e6f8-08e6-55b3-9b21-7a0e8d9b45f1,0,0.013591488398198974,0.14387678
bf49a1a6-7a34-5d14-853f-759dcb37b323,1,0.9918206799990179,0.6142197
45db4f0f-0a93-5ff9-8bee-2ab12845bea9,0,0.9049333103087173,0.6218709
b480f390-83ee-5b37-aee0-278a88e1037f,0,0.3914328437513705,0.36525214
af653d42-bbcf-56cd-830b-5d3a1e7c58c6,0,0.38790733638538705,0.24834067
58ec3033-247d-588a-893b-67fb1eb32d6d,0,0.1903658681192996,0.40482697
8baac848-82a6-54a9-a4bc-45c443ba32b3,0,0.50587382531493,0.35821852
680f772d-8f10-5eaf-994a-1f0fdbded791,0,0.03475332708601625,0.25548497
15ea9764-a14e-5152-90b6-b0cd0b5bb3ed,0,0.0680269716207789,0.28056735
9d5deac4-fbc3-5062-bc10-551ce6a1c92c,0,0.38498097511094037,0.24974069
e439668a-9db3-5cd1-a4d1-cc0ddd926143,0,0.009056596579604526,0.14387678
07d55b9f-0dd7-5f8d-a4de-b1264e9fe4e1,0,0.5197783493985372,0.27421874
4547fba4-c74d-5468-8308-9b255084fc9a,0,0.12024106142033789,0.1987042
8265e036-bd1c-59d0-bad7-4c9827d2e035,0,0.21770995203389207,0.16820474
85496ac0-29de-535f-bf15-00ff7518f88e,0,6.713540430751518e-06,0.27291968
d186258f-ad54-56e6-a8a8-05352865dc23,0,0.004181870993928689,0.17713787
c7948201-9d3d-5055-91df-69153580287b,0,0.14962490795216343,0.2113227
5624252a-a685-5799-a10a-4b21a72645e9,0,0.25385876355942394,0.23490553
4f6e0e04-e3c8-5159-95ba-042385dcdeb2,0,0.6648853646364853,0.34680507
42514746-b30a-5a20-9d19-68d29cdf9eba,0,0.013811939712481474,0.16777156
1087a0cb-b6ef-5f05-8f2c-593bd65fa839,0,0.6078691344285805,0.4379938
4f3dc675-646e-59bf-b53f-9776aafee4ec,0,0.08011462730234259,0.22718993
6849708e-8775-5e06-890c-893fc0f6ca05,0,0.29726302903899926,0.21801001
8675b700-1a4d-5728-8af2-79f064ce63cc,0,0.15668001946293383,0.3300096
d79ed5a1-7836-5511-ad0b-23480d880da4,0,0.018914179063980935,0.18377128
1c3585a6-8984-56fe-9a35-36a91bf4d72a,0,0.7454613360533616,0.42168838
d17684d7-b537-51ee-a8aa-a5bfb4163409,0,0.11628965264058636,0.18857342
5579c9b3-4b3a-5b01-87eb-7cbd7dc7eb99,0,0.10134736320487292,0.4426554
65a0fac1-50f1-5b97-bfba-61bbaf6607b7,0,0.05029653979583556,0.20588899
f86e5bda-b3a6-5a65-8ad6-c59b96ac0e6a,0,0.12202279803471826,0.5212974
c37d0f59-115d-53d5-bee8-78c6a722ac50,0,0.9040802096166882,0.6941496
3ac60d89-393e-5b0a-b36e-3903a44ffbef,0,0.37309483489787115,0.2455364
e23171e3-4167-5648-ab52-4060c19268d8,0,0.3985331321686134,0.36315578
ac1b74be-94aa-5d3c-85a1-ed959ec60276,0,0.5344828680172465,0.40303898
352a4e00-f541-5283-9a61-d46c72eee27b,0,0.05506147416474991,0.16983464
cbf624bf-bedd-541c-9aae-f492e30a637d,0,0.013281544543421125,0.284732
d50262ba-31cb-5a38-a4ba-218f8312d5cd,0,0.00038875259558303744,0.40412536
0fa7e910-a23d-5e6c-bc5d-96b6d4310ae9,0,0.9260496340350197,0.43401387
94961d46-cc65-50e1-a914-a76dbf1b7b96,0,0.42300148708710406,0.26206392
cf2bb133-7555-5d00-8dbc-01bd7002a27a,1,0.061144566248944404,0.23970178
1d2af6b1-2b45-5e85-a61e-605fc055ef1e,0,0.3749492728937752,0.4127971
e22917e5-919c-5ccd-9eb8-da8b6ab8b378,0,0.21971974011772036,0.33039123
5af98fcb-3440-5082-be14-cffff2814d6b,0,0.7637462399610393,0.45466444
e899595a-5c5a-55d2-8a26-953663939c9f,0,0.03902233100746896,0.16240077
b4d6af41-7c7a-50dd-a444-4a36a664647e,0,0.2130614973184248,0.29962236
659e05b9-f1c9-5873-b442-158ba2fac212,0,0.15185224368169112,0.31077966
8082eb8f-150e-530b-acc3-79a8ecb82041,0,0.21631181312311062,0.21310146
4e0d1e0e-6e97-5761-b92a-835a72978ba2,0,0.16676797221922912,0.16233014
8fe00ca7-8c44-5537-8364-c90a8346ee37,0,0.3019507342182347,0.420736
5094c125-c6b1-5823-9a58-00165ee97170,0,0.05512526463630796,0.3423526
79c30821-eece-59f3-936b-ae93e42c1c3d,0,0.9990966286011251,0.7087208
42b8e77b-1b10-5d9c-bb39-dec4d3282170,0,0.00860223675866593,0.31387866
2848b9aa-3eec-5958-ac2c-f5fdbade9b3b,0,0.07062393161341486,0.41884953
86803b56-7ec4-5efd-9e16-92a693381288,0,0.08374472174204844,0.20619595
ba3ba1a9-eb5b-5587-ad48-3671e9534ae2,0,0.27910485671782925,0.20341317
a3e55d42-0bdf-5aa1-b657-e91a47ed8cc5,0,0.01825304692607896,0.13755988
fd79a7b0-bb6b-5873-b1b3-f82f6460c059,0,0.16654583741855408,0.16653596
08e37c84-75e1-562e-854e-3f1aee14ca07,0,0.02520644404808226,0.19695145
47d74087-18a0-5777-89f8-227b85656b1b,0,0.39922017094326306,0.22910503
7581beb3-7fb7-5547-be6f-6fda646d592e,0,0.09483481778224509,0.17493299
5427b885-30ea-5894-8ef3-3af426f17640,0,0.31493422852397573,0.4057813
5b56698f-922f-560f-a0f0-97d54c540983,0,0.11779306447512504,0.191482
63b3d89c-9e2d-5361-9158-2105639e37c3,0,0.1972441049392977,0.19060509
72056afd-0ce1-5887-a50d-a7cd8bc2087a,0,0.0035960053197990434,0.14387678
7fa56e34-b719-5846-b59f-2e8da69bb529,0,0.004379310023453219,0.16485053
0724dfb7-4a2a-59dd-8d3b-0b429269ee53,0,0.30430526845114514,0.30826968
03a74e4e-6c09-522a-89b9-5cf77dd9f78d,0,0.586064319338021,0.1890798
7cf13580-f47e-58eb-b4cf-c1e4bd5a0226,0,0.286286358730902,0.2866416
41f062a9-081e-5522-a16d-4ad38fb2e23e,0,0.053330024039068495,0.14545469
35357de4-9b99-5e8d-abda-ece86c4d0774,0,0.04758546580680223,0.2666666
1646d3b3-3832-5d5f-abbd-12d318b7469e,0,0.5561341687123611,0.27233684
6f59e9ed-b01e-5141-b589-7f14d5203eb3,0,0.7980842241269862,0.3483547
07e924e6-0229-514d-97cd-74475215875a,0,0.12991173751296045,0.26853508
0f17176e-aaaa-5195-898e-69c1461412bd,0,0.04987445193538417,0.15333395
0df063bf-a877-5740-bd23-dc5b5b9c54f7,0,0.16700985545063504,0.42590657
9e2f5ff8-5c70-5443-b22c-9d7389173018,0,0.061061950392632104,0.35380495
64582c4f-ad04-51af-a954-2773e5f5dfcc,0,0.056128419123240986,0.18737663
a688be87-82d9-5400-93a8-b7cc82d518a7,0,7.456958366689121e-06,0.19735272
84288b62-8895-58fc-8e50-682a1988d55d,0,0.5847713534719834,0.35644856
d2d0f26e-9bcf-5099-a2c7-9902aa44bcd2,0,0.02896260577897362,0.17118359
4caac835-ad98-5c47-8f27-220eb8c89add,0,0.1397881198139918,0.34069848
9fc058c4-5efe-5077-90be-8873a7dd44c9,0,0.0318842131119854,0.14525516
7932a83d-fd92-512c-be66-c036bbc317f1,0,0.6523193637306338,0.28438282
19dab1fd-e451-56e5-856a-827fe5b18f4d,0,0.28754297887527447,0.28711295
2fc89617-cc22-597f-8cc5-979ff9ca4ae5,0,0.7574014619268548,0.4367667
f8fe0002-054e-5113-8ad1-2d05aaca3b88,0,0.21871945655104866,0.14725961
8b1c7934-d8a6-515a-8e47-e175cece9a72,0,0.9459817686554651,0.5765639
1cba226c-ad4b-5d6c-b61c-6bd3aaee6069,0,0.33208662021154267,0.17292748
0ccc505d-9302-5e39-9b4a-457c49164b86,0,0.14631909728415018,0.22200039
501a9166-f791-501a-9d82-fe3192635250,0,0.8683295198527485,0.6249964
ae179c92-a5fc-5695-8997-fb09cfd77fc8,0,0.08139353017741272,0.27008072
f3ea5d19-f47a-5d53-86c9-40af73715f2d,0,0.4589926019893529,0.49195313
5cf21321-42a8-541c-befa-16f1fb8ac0d5,0,0.05045389407534681,0.18072216
d003a008-8cf0-5e47-9c5b-bfed22c0ada4,0,0.12549131391565477,0.21486436
e738ee45-ae15-5d38-a251-05462440fb14,0,0.184081369843773,0.34740138
76279af6-2276-5980-9248-a69185224aa1,0,0.09544577352415778,0.27372804
e6e221e6-9443-5793-9da5-a8495974d45f,0,0.024388872895240565,0.1444249
1d75f685-d0b6-52a3-9be8-abb8dfc41c9a,0,0.04024090568376462,0.37881753
1b2ba26f-5f65-5470-9abb-7bdbd608193f,0,0.01647282308233581,0.1835166
bbffd8bf-d848-5b6f-b5b0-9f3520da2f23,0,0.048677479521803055,0.15183654
433a65ac-0fa7-5db7-a5ae-a1377fc2912c,0,0.39065429990472106,0.41382545
d9a9ca84-42d8-5993-be24-1a0d7e332c6c,0,0.3245202677998411,0.33172202
ba426ab7-0ea1-51f9-9cd2-781e92683b9b,0,0.37146658153539336,0.22751576
27a91e4a-df0b-5380-816b-73eac5c3f28f,0,0.029696094988783842,0.213085
80d17798-08e1-5166-8648-ff0476aa94f3,1,0.6816467424630097,0.7275925
d3ce7cad-5b74-543d-ab4f-6dc985311f9f,0,0.10714373283375757,0.17774767
25b7cd8c-bf96-5915-aaca-f6f16a2cd8ca,0,0.0835518506897751,0.34991106
52a19b61-49ff-5007-a0d3-be84df134d26,0,0.24350330409560983,0.17579393
9d7be1fd-35ab-5927-a7a8-d77d06be9022,0,0.059178193691848555,0.15787077
ceaaffda-cf28-559f-9467-dff0b441c4fb,0,0.1065698061589116,0.23325326
15170ac8-5bab-57f7-96b2-d8a32d61c217,0,0.9616570402163742,0.68533885
ffa4eaad-08ef-5a1c-a931-5f226c12b780,1,0.04730031941534155,0.69314665
1cac27da-eaf3-50f8-bd3b-e239642ce5a2,0,0.39065429990472106,0.41382545
c8698365-383d-5604-a724-4506ebfc0298,0,0.024568202991215336,0.30776334
1a78ea49-0992-56d2-abb6-e72c52bc8ef3,0,0.2931262526432164,0.20438571
4ce86a04-875a-53ba-bd1e-d62fcd40bbe1,1,0.972540846585015,0.77277577
ef635448-51a6-5d99-9c29-9676e1ed445e,0,0.01604102198704413,0.15353781
e8161f9c-2850-53ee-bbf1-9a6a0f8db839,0,0.9262073720220904,0.3670543
d11c2783-1e38-5475-8860-cdf722c41cdf,0,0.3463995001167887,0.31374517
7603f242-7b13-5658-9b43-52126de3b21d,0,0.16819315538866797,0.1475529
70af7afa-5021-52eb-8aa0-183a9b05cd88,0,0.12931592703026787,0.2926395
ae88a6f0-2e3f-511f-8eaa-afef19173314,0,0.37631910101795824,0.22790131
33ebf774-0c02-5228-8c47-daf96141de16,0,0.1665482553269602,0.2786755
5d1aefbb-234e-5c27-9c7f-fe8f264949b0,0,0.009096351287635827,0.4548143
429e318c-718b-5d7c-a48c-d61e0331939a,0,0.1674649661141707,0.15620218
64b88ac9-0584-5d18-aa64-66014dd97667,0,0.05762100958249919,0.29914314
39f53365-5f81-5c90-8e40-b4c20a9ccbcc,0,0.4190795298728334,0.17325696
f83eaf1a-0c8e-5920-9ed4-d9bf4ceb6539,0,0.08580534909581584,0.29311457
9163fab0-53c5-58fb-a189-9859e944e642,0,0.14625146566547378,0.16703893
4b2cbc21-255b-5e31-b29c-f8ad7cffe2a7,0,0.018808126178762857,0.18207008
eb5b37f1-ab5a-5fe5-a2a3-3fdcf7664f52,0,0.2847301430399828,0.17823207
e2823394-29cb-5ac2-8654-7cdaab96b205,0,0.30200052459330545,0.19368081
d92ef36f-f5a9-516e-b713-11a0c0a74401,0,0.37929060062241093,0.33159664
2fa8763f-0373-5fde-ac52-e6701bc00940,0,0.09283064975747533,0.35414845
f1df8df8-7ea5-5382-84bb-9fdc1b9a83e1,0,0.6840831438468444,0.5481356
6b0938a3-f7a7-5141-aed6-7c424d1cc2aa,0,0.08181981199340664,0.15768035
85de469c-08b6-53b8-adc8-2b6024710aea,0,0.07334274656722992,0.15538329
9cea7b87-93ba-52ec-9ce8-d4f22b0de762,0,5.736303322540663e-09,0.45664236
d6947a78-0934-59bd-b973-3cb06a5ca63e,0,0.37548672426920027,0.22984387
f547898c-c7b3-5956-9465-2196020e9cec,0,0.012904235993585342,0.17600133
62a428fc-da64-56c8-a3c5-40fa4a17d773,0,0.2634477922673759,0.39368644
c046c57c-1dbd-5169-b291-a736f5fd79c9,0,0.015999504321442114,0.5424496
d9a5842f-f659-5139-a8f8-87f05cacaa04,0,0.24732379815249825,0.22444612
5573cd19-1d71-5e79-ae5c-0824bc2c652b,0,0.6949815080937154,0.5474665
367ccc1c-d112-5839-b739-c42b27d30a2e,0,0.5362258240392456,0.3038893
4c9e6e79-90d8-5ea5-9b16-f337cd6eea66,0,0.5334374074814198,0.24722105
04083416-1aa5-5844-84ee-14f9fcfcc500,0,0.7793469415355404,0.31744707
c5d303de-faaa-595b-bd11-6ab00ca53977,0,0.3143383531078103,0.5405667
9bccb682-b0a7-5cea-8eee-ac3afb8f3d39,0,0.39065429990472106,0.41382545
7c6acec3-e6f1-5dc4-bbf4-18e96a33919a,0,0.3202999385896052,0.2831362
9472d0c3-add4-593d-a683-a88045a99a91,0,0.22646271961429543,0.30339992
67af93fb-8fab-5eac-9fb8-6b99bd90c8f5,0,0.2427017928429294,0.2754022
cfc4c5d3-c640-5376-9c63-f84b17756423,0,0.054634951097526634,0.15041342
3dc921c6-1a86-54f3-9891-b55097957445,0,0.3910766594414869,0.5063165
5652587c-cb4f-5bd1-9e66-82d60973a3b9,0,0.06301811531293672,0.15370886
f3670ddb-0856-5a04-a4f3-f3b3f3fa4822,0,0.010100983499672988,0.1411351
2cd2145d-0f71-5de5-9c8a-817e8d669417,0,0.20736872297591094,0.23271085
80e6ed04-a9ff-51ec-996e-42266990b162,0,0.15463171681252305,0.46797964
ed88008b-f853-5ce3-a5f7-df6061e2bae2,0,0.9934937413216881,0.6007333
0fdd10f3-24fa-5799-b3a4-ec1acf1d1bb8,0,2.951849755274795e-05,0.4937116
5d6bea3e-9ee9-55d8-95a4-4b4f85c9db2b,0,0.009582022383452375,0.13105515
e5077a1c-2f6d-5547-b741-6a3ffced0092,0,0.2922775429226924,0.28731003
615914eb-beb5-5c6a-8f15-d15b049f8f6c,0,0.17826898044794268,0.21420825
68163e7a-ef13-5384-909e-cf7e70481eb4,0,0.15095692584299364,0.27990803
d406aeb6-2dad-5775-a03f-c4dc4a991ef9,0,0.014089715917601213,0.15108708
dbe9648a-8764-551e-9c0f-08884df0c767,0,0.0892057637004336,0.15325974
b4ecde16-660b-52a7-9989-a288fc9e3c06,0,0.04694745141479928,0.46542877
85aeaed9-c519-5c2e-9ccf-b5fab1afddbb,0,0.39065429990472106,0.41382545
48af0761-489e-5d6a-bb41-ce1d48bcc046,0,0.08662501579729676,0.29567772
63fec358-8c04-54a5-8959-433f87cc22a7,0,0.39065429990472106,0.41382545
0bb5ee8f-a4f1-54b2-992d-f665c35befa0,0,0.048413633186373366,0.5143466
78cf9d64-ca43-5da0-9fc0-8734bd4cedae,0,0.39065429990472106,0.41382545
e4cfac85-8ae5-5d30-934c-d47c188c8ce6,0,0.2752265562210865,0.49160925
494dfcb9-a794-5ba1-aa66-03b2567ce33b,0,0.031979257556647066,0.14604393
0066937f-5f56-5812-ab6b-943aee48d50d,0,0.14723837636410367,0.16895972
6a0eb36f-a959-5a05-883d-f7624e2dbfc2,0,0.16654577630408998,0.16653596
478354ce-430a-5fc5-b3fd-d1a0277c0b53,0,0.07379169189046642,0.15755402
bbb25eec-cb64-5e2f-9f81-bc8942b07c81,0,0.415527032448218,0.24861662
87acbecd-9b02-5367-bf8e-ef544e512371,0,0.15756874081665687,0.5405646
cc697b02-5379-5c32-89d6-133474f90ff0,0,0.1678610460666398,0.51831657
ab0b7d7a-ad01-5373-8242-b91e75a33850,0,0.10017583065170405,0.39980614
7c4caa36-1f15-5d22-be1a-d89ecefdf850,0,0.04037943552118247,0.20093553
274b2a43-68f5-5b3a-87e6-6ad0735643a7,0,0.5152767351264768,0.36616856
9f03e2af-d861-53af-b547-82052beadd11,0,0.06986848385377328,0.25924897
07a17d8e-4c9c-5301-babf-bb7f840868d3,0,0.15017901290189045,0.4741252
49ae19ac-6d3b-596a-8b20-08d8afdc9483,1,0.9377772932037834,0.25035423
9e5cb13a-1cd1-5646-9fd9-ab0ae5382410,0,0.029687049861895798,0.14545469
a22dca61-2de7-5637-b859-27f81d1ff1bb,0,0.38922222914382637,0.22041911
7775814e-434f-5799-85d9-d3c227af9eba,0,0.01235655814139775,0.16689508
58dc0ad3-8138-5e8e-9595-31f971792adf,0,0.22513694248220342,0.20640643
c43f1c4a-346d-53f7-a662-b88a2274e7e8,0,0.06488147252046775,0.26941237
c5947471-6be8-59b1-85e2-96beadf0e03e,0,0.39065429990472106,0.41382545
ca8ac94d-11dc-57c1-b2c4-d820058cabe1,0,0.009830370773068817,0.19006252
664104b5-9e64-5018-8b36-fae293c3a964,0,0.09262259076646726,0.14817415
d32c1c11-0dc7-5bf3-9365-d1d2dadd2319,0,0.4607500708096329,0.24913308
7e2b9287-bec2-55c6-9a21-72b7824c9734,0,0.8619380884175784,0.55747455
0f772ba6-f698-5734-900e-73d51c8122d1,0,0.003550467157330661,0.14387678
f9b39b76-e064-5d2a-b1a1-97a8d440fe22,0,0.3889476716279463,0.23941736
3b6c904d-827d-57c2-9a4d-9fd21ed9d36c,0,0.39065429990472106,0.41382545
4df99a10-5f60-5b1a-9ebe-7f4e58357a87,0,0.16646407906409177,0.16653596
ff68c429-034f-55e9-80ab-520dd990b30a,0,0.24351902260902658,0.3593985
03bf9f75-005c-57de-9ab6-3e4cb24b1064,0,0.03187328185291936,0.14525516
1d32416e-d101-56e9-be89-1377a52936af,0,0.18473872832183108,0.17832845
4e841818-56a8-5770-a678-16c8aa44dea8,0,0.04904555457082038,0.335843
599d812a-9104-5228-97cf-5cbb75c7a1e0,0,0.3899488184960876,0.23952447
0c066a57-ec80-5f7d-aaf0-c506657c57b4,0,0.3945283773219451,0.268636
207eee6e-112b-50d0-a78d-832998225c1e,0,0.39065429990472106,0.41382545
21abe435-73b7-5d1a-8df4-fedf86667fe8,0,0.39065429990472106,0.41382545
b458963f-7949-5f5f-a87d-f666ad880d7b,0,0.39065429990472106,0.41382545
dc52e537-eaba-5b5a-ad32-397f0dff8f16,0,0.15301500906914534,0.3463088
b5c87385-5f95-5138-8b8b-0d28978901e9,0,0.009880537707455833,0.33389235
bb4b2f0a-5e16-5ac8-883a-f5552f07e5dd,0,0.45882904945275743,0.4212299
e916343e-7d11-5e26-b425-54e56014f591,0,0.17008965439268262,0.22253206
f20ac815-c492-5fb3-9705-21a28f74745b,0,0.880460717355246,0.608278
3a080b3a-e14e-5153-837f-e0d691a395d2,0,0.03597147498846077,0.30202705
95ebbc9c-89ba-588a-940b-93fe11837b9a,0,0.0868210106786328,0.19947264
37184587-f2fe-5b09-bdec-94aee120951a,0,0.4152730482089396,0.52091175
753d38cb-bfa2-52b3-987b-40127146075a,0,0.1241972928743819,0.16597924
d67c592f-8f9e-59ea-9956-65f29eb0b32b,0,0.3539663391696188,0.5805186
5217f120-b255-58c1-b271-b19275787842,0,0.14846680610166116,0.32518896
2d7bdd35-32c2-5ee0-a17e-8d7f525c95d6,0,0.01952827419052703,0.66236913
2580d0e9-a0e3-522a-a1d3-521868d784c5,0,0.13095317790709363,0.1817409
6ed67bf2-94a5-5723-b986-75288b33b0db,0,0.36301061458459705,0.22984387
ba7a07c1-0318-583d-8d45-c056bb7f9447,0,0.010576078372926965,0.45122477
8309e898-c007-561e-a42f-87a145ea63cd,0,0.39065429990472106,0.41382545
f1d2785a-568a-5535-abcb-6f52ae4e0de0,0,0.12324305632299307,0.30607778
4cbf4442-70b9-5d83-83dd-3b924dfd1376,0,0.0015994207384452872,0.23547266
8659548a-41cb-53f4-a88d-2f76eadf944e,0,0.11317173039771934,0.2558014
4af40511-48f8-5453-8267-05339f0f7b80,0,0.39065429990472106,0.41382545
3c64c054-270e-509e-9834-829f874f8310,0,0.39065429990472106,0.41382545
0375bf33-c5b2-50bc-9ead-e1d0b6cfbf3c,0,0.39065429990472106,0.41382545
d4e2ed39-7439-5cbd-b8d4-fa9f132dd4be,0,0.08046656813708589,0.15137248
84dc8d81-1132-50b4-8beb-dd0c265d8c9f,0,0.2850634700132336,0.21857065
7868a3c7-6f28-5e51-b5ff-575abd1cea4a,0,0.39065429990472106,0.41382545
531a1a36-ff22-5d3f-b828-951fad8ae7ad,0,0.39065429990472106,0.41382545
c800dbfb-c93e-54fa-ae80-4ba818a25b40,0,0.4439186974303764,0.5703119
dc7fcf01-f2f7-5323-b423-92effc5afa82,0,0.39065429990472106,0.41382545
b5db7b63-cbcd-5fba-8836-85aec6473fb5,0,0.24756859987338847,0.1765576
05b4b900-80c3-5eac-89a7-874b999696f7,0,0.3934044593384512,0.26406282
9d094e31-8992-5503-9934-633300693d58,0,0.03204377000759372,0.18280895
25e322db-064f-5305-95fa-691e23f6146a,0,0.39065429990472106,0.41382545
803eff5f-51f5-508d-bf0f-11632d912303,0,0.39065429990472106,0.41382545
4b2079e6-2474-55b8-a5d9-342407f2d09b,0,0.39065429990472106,0.41382545
6eaf7f1d-487a-5d3c-81aa-b7e742a7663d,0,0.39065429990472106,0.41382545
2b8c5b60-f3d4-5417-87ff-2d8eca113ed9,0,0.39065429990472106,0.41382545
9171b1b2-a60e-500d-b074-cf06354b04c5,0,0.39065429990472106,0.41382545
bcf48715-bcbb-5444-b38f-9cb763789d01,0,0.39065429990472106,0.41382545
8573fa2e-1f21-53b9-a529-611f2054b335,0,0.4439245247809097,0.20128618
85e02ebb-7f07-5e9e-894f-9f47658d681f,0,0.39065429990472106,0.41382545
dfa38b03-f043-549e-9348-23d89cfd6552,0,0.9778174286532006,0.75444824
80e1eae6-f179-57b2-8b3b-278cd13c2a62,0,0.9498749415168255,0.39195785
749cd24a-bb9b-5345-a040-0022ac9d3cf0,0,0.07554599474334364,0.25743756
d13fde0d-5d05-5d22-bca5-e7ca8e8b2edd,0,0.09472340583384341,0.42307097
7da33985-8652-5fc6-b193-a38c38441089,0,0.1701927607803343,0.15811862
132ce8fe-5d3c-5c5f-a391-84dc51dd0af1,0,0.18074510012053038,0.4212933
a30cf0cd-1c70-570d-a83b-cff03f61d5eb,0,0.024725461890027844,0.13824958
c68cd612-945f-559f-8ad9-b7dd04380295,0,0.10449621893262515,0.20566499
94963a48-c044-5fc9-9cf8-2c6c5d7d3e3d,0,1.2600013587605548e-05,0.23440357
b87663cf-8938-5660-8e4c-dbeea69b4e8d,0,0.06260923552934748,0.17060666
15ec4c76-ca72-533b-8cce-9eae3d5b1a3f,0,0.0007486865397250624,0.23326789
2000a97a-3cc7-53fe-84cc-551278f4fa8d,0,0.012918950943081058,0.18917474
debcb15a-6f7d-561a-81b0-49e98cb995d9,0,0.08621047510153097,0.54848605
55317e51-61ca-54dc-ad16-729aa9a1bf2b,0,0.954045554131431,0.6728337
444e3755-3202-5cf4-aaa9-a652e2977fc5,0,0.11852470489810862,0.3278614
ac983d83-776e-5be7-b8d5-e7e7d4582c58,0,0.16635895531355346,0.16653596
fe1521db-8e1f-5210-b70b-c0f0522506d1,0,0.40206987249369747,0.35341614
ca59f03e-db5a-593a-8cac-7c0feb3446e6,0,0.15889403162869783,0.44461444
f95c0e41-1053-502d-b0b7-800e30760e04,0,0.30330983277289936,0.294591
53729ef3-8598-5253-a4ec-fc5ee7f75432,0,0.23648759651980134,0.47491887
58d2ae45-25aa-5339-ae78-6f286714c65d,0,0.09970415288259603,0.21032856
3e918274-5535-58ab-af1d-33a9d22b4158,0,0.3024820881805198,0.2511049
04c5aa20-b2f4-5f7b-8039-b23a1c854d46,0,0.1351050268639576,0.22459945
5d9a5cc6-1b5a-5887-8b0a-847d2f8e10f6,0,0.033440327342619515,0.16557214
06b3677f-eafb-5ed1-a371-28fb640290bb,0,0.06778177470196742,0.22550099
f982f3b2-cc50-5b15-b431-07b81b0db76f,0,0.12548445753944276,0.23427479
66e80463-4764-544a-b0ab-430feec19c66,0,0.49581884149282596,0.53960466
791cf916-7ccc-5c91-a67e-62289550adaf,0,0.16147937250263372,0.52091175
b31eb241-c9f2-5e67-a2c1-64d347ad781b,0,0.00021755577699011618,0.27814376
be333556-26be-5827-b98d-f6eefcb3d4b1,0,0.11938582501186144,0.34746456
e41b5ec3-feb4-5400-8b0d-995ad55ad961,0,0.1469280144727832,0.54629755
0ebdbaa9-9835-5328-892e-b9de03f7ca99,0,0.03519628577264714,0.24582255
179ea465-6dd4-54f2-a947-1404d42e397d,0,0.23300778482545656,0.651982
c20635cc-b7b2-56b8-9e10-942e8acdc1bd,0,0.03802643775704348,0.29918215
cd404256-2ee8-51a5-89d9-c3e156e5000d,0,0.5810997385735266,0.3347969
f788b4bc-0b9b-5067-bf88-eebf9283d576,0,0.08275902654475034,0.1945882
8557160a-a6d9-53f7-9c5d-4300f6873c2a,0,0.11104559758044862,0.23486972
0b84068c-ddf6-5628-bd41-e452371e7fbe,0,0.09364703502447505,0.17363557
d05a0dbf-6c0e-5887-bbb9-5efe8a3e48f8,0,0.42617030411451573,0.21866414
c599ba7c-1b74-54e2-b0a8-cefb04b926ac,0,0.8320044698888353,0.5500126
6e3980c4-ca2b-5f03-8811-815ee7be6387,0,0.15934070548148366,0.3681758
4c22c989-4300-509f-9f0e-46d2ffbe9f38,0,0.5491860910244819,0.16959833
15dbbcaa-41b4-5f41-bd0f-ce37dbab6a45,0,0.10706472259433335,0.18617088
21dfba15-9886-5c35-867f-2d0bb4193264,0,0.04323234143352447,0.17428616
d1676f61-a582-5187-8ec9-b43d566a44ba,0,0.32315239814931124,0.33335924
4d77305d-6fef-5bbf-89cf-70e5617c464f,0,0.21261909618900043,0.23777482
da29616b-59a8-5107-b759-cb795f11510d,0,0.052362023223149035,0.173716
443b43e5-494d-5392-80e1-48877dc15f5f,0,0.671216089502228,0.30973083
dcd06319-57a2-5ead-ac01-0846148a7b4f,0,0.2777433878115019,0.24741268
46b5ea50-a6fd-5f46-87b8-9a80f479efda,0,0.21339870681627135,0.23020844
2ca19e7c-551c-54fe-8af6-11faefa6d626,0,0.15009295299292583,0.17779182
6200bf19-2cef-5a29-8711-aa415b25e2a2,0,0.5717056478315417,0.24266171
4cddd1be-7ab6-56c2-b49b-f927c7eac511,0,0.16278932188074663,0.31295165
77c33c8d-f98d-51e0-80d7-4cf19b5bc43a,0,0.06585760773534827,0.25589374
e20f2d84-f2b9-56a8-8e67-0202f8e614cc,0,0.0547637801218369,0.21844341
a9d2262b-a230-5897-b7d6-fce3d5209335,0,0.066219510530984,0.24705918
b07a3d9e-5a1c-5eab-a025-9880c109b078,0,0.10217464110824392,0.42514068
5e13200e-58e3-55c0-8d32-9aed67fd6160,0,0.3117997142700952,0.22548065
69555703-dabb-51dd-a428-106d0bb9e0cd,0,0.08936771547019774,0.19263572
f5bc981d-ad01-543c-8c8c-29e6c763b1a2,0,0.16450992628983702,0.30157298
366d4578-b7a8-57b1-b34c-8ac113d3d17c,1,0.4199619488284943,0.33346668
bdfe68b9-5c81-5da0-acba-496773db018a,0,0.012110626152085092,0.36729193
9c59b3e8-fb52-5208-8353-0ecc312e9677,0,0.3046599216295142,0.20965344
d59e4fb7-bbad-55f1-bb87-ef351174ec83,0,0.017659001297248633,0.18148448
30e696c2-3758-5e6c-a828-9d0ea7f3239f,1,0.40399713157478945,0.7293373
897060b5-1f09-5ad6-97c2-fcc4ac991bdf,0,2.9118361040953013e-08,0.47130877
7410c117-3816-52cd-9f3a-1317d64ba74c,0,0.22167883695505355,0.47103423
de265512-b8ca-5f45-9b30-cefe2695bbe3,0,0.04281182482654685,0.18359001
f2be9307-b8da-5374-8692-339f2dad4ae7,0,0.28505233603629376,0.21963179
5beb9c67-392c-5a46-9256-59ea8d0a62ad,0,0.13562064962078405,0.19515373
78e7ebd1-dc44-5aaa-8f02-2d70b8aad2fd,0,0.10615622424131615,0.15073626
477aefc1-db8f-5977-b80f-ee959e494ba4,0,0.15457829998300704,0.21278375
cd1f319e-0b3d-57f6-8272-2afab7c1704f,0,0.29372301003580475,0.22207397
70403069-308b-5542-9ae5-73c061256c34,0,0.07257893034472421,0.26971948
35200964-fe77-525d-89a6-f5d07cb1d87c,1,0.9943580990110542,0.7233908
96705980-9fb0-5e12-99c8-544c4d00687f,0,0.3195996960426394,0.18207008
b61651b9-5704-51bb-99bb-40ff260ae055,0,0.1035231300127196,0.34344596
0ccec7ce-46ff-5d15-8f69-95d5b1b6a8dc,0,0.39065429990472106,0.41382545
66b50eb3-5858-5b78-bd39-27c52d74bbd1,0,0.1052899368066676,0.21353035
71561b54-76d9-52b7-8d80-c62bc31931f8,0,0.022066489881478465,0.22017728
6e1cb6d4-c22b-59ef-a57e-4b18814560ab,0,0.44399254093003043,0.21516377
1cc1c571-268a-5a63-958b-1e3603fc422d,0,0.36011544851059124,0.24753484
0d762600-48c3-5c70-8bb6-e802e6ce0a92,0,0.2077054174351856,0.16475162
2660b702-f148-5f81-8c95-8d1faac5f78b,0,0.08186976142492171,0.26046944
af8c8483-a459-5e1d-a956-2715616cccdc,0,0.18790874793418338,0.22318777
a6ee2edc-ed40-5c00-a77a-c139e554e979,0,0.3008378689797846,0.25027934
86a2fc61-1fb6-5c8b-afbf-c76c7da8c9dd,0,0.22148694631074287,0.22953078
b9d111aa-1e9b-5429-b5ba-107ef0100c13,0,0.039801699411424925,0.18023287
b776877f-2abd-572d-8563-af4027a2c145,0,0.2849460832319829,0.22017168
734b441c-cfa9-58d4-8f52-943653c1e8bd,0,0.1790090863440109,0.19663915
206618b6-5d2d-5ced-9313-2ba499ed60dc,1,0.1391396825452061,0.33252344
0fc442f6-396d-5c27-9a15-61925261415b,0,0.30182316112860913,0.20296864
7560c218-09ed-55b3-975c-81735faaab9f,0,0.13349876331033006,0.2191988
86fd348d-1e71-5d64-9427-6c6a3c1653ce,0,0.39065429990472106,0.41382545
7f7a19ec-9545-5251-b05e-5aecd782e14d,0,0.04049777657629126,0.4900513
dd9f5682-8871-5cca-9e5f-b9f111d0589f,0,0.07869824796830999,0.20080096
3823e5b7-b2df-5cbf-885f-9a21c0c24d39,0,0.30309656549460984,0.2775569
ed2ad374-9eda-5484-80cf-b5471dc2571f,0,0.4656798354723125,0.57615113
bef165a0-12b6-5c9b-905c-a9a2eda4c024,0,0.11899898883925264,0.26092637
bbc85242-137a-53aa-bc58-187a4203886c,0,0.5274883184416237,0.45848197
4d3b474a-349c-5a70-b76e-6752b931fda7,1,0.9999450551118684,0.7110415
f316a44b-243f-53a3-b1d8-edb565cca457,0,0.24298574186405447,0.16684546
553c79f2-d749-549f-9728-eb464afb1a1e,0,0.22474620734376793,0.30553743
7f702515-2e30-5571-bc1b-9941d79a6486,0,0.14384839386314108,0.41777343
6a3599d1-0820-592e-a2a1-1c95e54bb61c,0,0.5240082599004273,0.5175303
53515aa2-5cf8-579e-ab19-26e6400dfa19,0,0.5534261984758116,0.2488207
9e8dda8e-c290-592e-ad13-527831a1213e,0,0.06388014880138586,0.26154134
94e64f5d-fe4a-5e5a-9bae-f6dbd84374f3,0,0.13726026191462148,0.17885101
187576bb-ad81-549a-b81d-8c3ae57dc294,0,0.17797736696922445,0.3103554
4428a158-d72f-5720-9b5a-cda8409ba1ff,0,0.37171376334766426,0.25478417
0f093f4e-0d85-5b7f-b05d-af788c97812a,0,0.2923231209014847,0.1929844
a513a383-a119-5d93-94e5-e07fd302fff5,0,0.07746749102384234,0.625486
adbd6d6b-76e2-517c-9206-fd881f939fcc,0,0.10669478946582228,0.19656907
3243f4e7-f85a-507a-b1cb-13f29d4182f9,0,0.773056941527531,0.21479665
21ca6deb-dd60-53d3-adcc-fefa0f0c5a70,0,0.046193008327561146,0.26333737
cbaaa2c4-0558-58a2-9cda-d7754e7a90d6,0,0.3268446904341741,0.50409347
e978331d-a609-58f8-93b1-cb8402577f0e,1,0.920254091825903,0.79128635
05dd5657-6eb6-5a33-890f-f0fa45f95e5c,0,0.05178181572742088,0.4317776
79158aec-2a81-59a7-b942-cf9d15db8a43,0,0.04363540713467382,0.23191708
3892fc05-9d12-572d-904d-f2215b898dcb,0,0.31761223404666494,0.32271832
ef1b9892-0c22-5296-b535-4d9f977211cc,0,0.0056877319071210256,0.26207867
85fca807-3665-59f9-8842-ae3d3c9a38f9,0,0.2991591633119076,0.22422838
ac790150-7ba6-52ef-9b81-dc4b234d860e,0,0.11008834377747624,0.26524085
d311ab98-f5e0-522c-b5c2-b3e7e5a95b5a,0,0.39065429990472106,0.41382545
3f86d8dc-b5fa-5b6c-ba59-323e715363df,0,0.405370289157709,0.23438497
4179462f-4285-5384-a94a-d7a41a3ef748,0,0.006890271974888875,0.18102871
5ba95303-ea80-57de-b85e-fd3e958845b2,0,0.10493985467084317,0.30353087
f64705f5-38f0-56af-b5a1-70b09125adc9,0,0.44700692730619923,0.22718039
0f605390-294a-5656-9166-31714a8e94d6,0,0.3345943747364322,0.48151857
0a896dbb-7aeb-5301-a881-b2f176ed0dd3,0,0.39065429990472106,0.41382545
d58355a5-0718-5f34-9ed0-6c23bcf70ad7,0,0.0634121397838192,0.16324645
46b0328f-a56c-599b-83cc-42b353590684,0,0.3263926021527944,0.17991754
bec65bf3-361a-5c03-94ab-c79e380399ae,0,0.02880689295962607,0.2154437
253e664b-ea14-5335-8ad7-7c5a1fac2970,0,0.011732968009885622,0.16008534
e3a45aa5-75e1-5d6a-923a-ddbaeec810e0,0,0.16638211222968244,0.20198168
084bd9b3-5384-5b37-9b36-f73558ec4a68,0,0.12021085302622554,0.220874
83c86ac8-8451-5edd-a48d-25c6081814e1,0,0.3187376061808715,0.19250245
8d865132-c612-5ca8-b382-457f1de52dee,1,0.9999452633549837,0.776392
c458e475-4e87-5fa9-8075-ba491fce188c,0,0.39065429990472106,0.41382545
c93d8510-5727-577d-817e-1725fa04a940,0,0.5299311335392908,0.3249258
517fe590-59c7-50ce-847d-5df2cc58d8bf,0,0.6527189313323507,0.45625293
1881a9ea-9236-53d2-8c69-fc529e8f2163,0,0.7749359247744,0.46072322
45acf8fa-1807-544b-a9f2-35bc73d19edc,0,0.20251594260067654,0.3743503
36bf47cf-5d68-50cf-a9b2-92eff4ffe499,0,0.04333533045153652,0.23452283
66e794d2-d9eb-5b8f-810b-d91ee9ea36bc,0,0.09809477614128023,0.38678923
e4e9bb2d-2841-5bf3-bab4-8a46155a9259,0,0.07824409295661154,0.17383906
5fa1770a-3c47-5bd0-b02d-4afe36ac8dbc,0,7.672184919014312e-05,0.17056745
ffd85c69-71c8-59d4-b450-09a9e53e7002,0,0.07891569883269241,0.30655363
39d74869-37ba-5be9-a7d4-7b5d5f9d8898,0,0.0959580167174815,0.17147543
871a1114-e375-552f-9806-b561dcb394dc,0,0.39065429990472106,0.41382545
79716e6f-ff80-58b1-8270-1bf2f93868c7,0,0.02204870391085171,0.18826997
86247200-ccb7-56ba-b2e3-1e2046266a9b,0,0.000540475541840179,0.18514557
61bc9dbb-69fe-5af3-9f58-9c0481e154c7,0,0.9818766041714672,0.37891
7972d06f-8f78-5488-90f1-ff89242fd5bf,0,0.4090723640765461,0.47643623
8c06acbc-1a7e-5103-b4df-f306da1ee57d,0,0.03828569509707015,0.2906625
4da322a3-395c-525a-b039-b1b020295ac1,0,0.04805280352875973,0.14387678
cf55ef31-856a-5fdc-91a7-348b2b08ac19,1,0.0007069156580424178,0.5164372
128f59b1-c1b6-5fd0-af1e-304099036073,0,0.16639814639632297,0.16653596
29c26319-bd37-5155-abd6-f06125eb936d,0,0.9174727569329647,0.3425095
ccc14989-b6ca-56c2-9b94-2ad03f19bce2,0,0.05933395100872301,0.16008534
c861947e-36ed-5c42-9c11-14a02b549d7f,0,0.9849372732570918,0.43055633
51fa93e9-61a5-5eac-bc37-59b76be2cf34,0,1.7794778053003067e-05,0.46129724
0eea3b17-c911-5a6c-a95c-01f86dfe65d4,0,0.018165596713281145,0.15665844
e28aa3b6-7d97-5783-96c1-b7fbfe701ed1,0,5.404789073401182e-06,0.17329296
8fe7bd6f-31cd-51a2-89ee-fb51c505a35b,0,0.5686442535537402,0.43261984
53c236ff-0749-559d-9cb3-6307854e9853,0,0.04877143061589161,0.40972868
084ca20f-51ea-5c80-b9ac-7eee7a7f8a44,0,0.5466144561822803,0.33975285
973a2806-1f5e-5e07-bda0-e5c50b3e4b5f,0,0.09927581400720888,0.53687537
5c7e2444-0f30-50ec-bc61-495bbef6b2c8,0,0.29637907878826664,0.19368081
c487e1da-b5c5-5c38-a3fc-ba9be403ae48,0,0.1323505732234101,0.24920766
cfdc7bb0-b6e8-5ace-990a-bbde0acd3234,0,0.06168201677613124,0.4222058
b0ffa7b1-4544-5358-b2da-b3a49135db4c,0,0.0027862516376919604,0.49496305
cea73d81-be3c-59e2-8bd8-772c03299da8,0,0.27499087683112955,0.48779064
f0347d84-8b1f-5f0f-858f-4c6352bce705,0,0.18225276122790415,0.40777123
d5469d51-b2e0-539d-8ba9-5c010086bf8b,0,0.11499842644763619,0.27285177
18b06ba4-a5fe-520e-ac66-185b0c4ce051,0,0.1539968822681651,0.20436212
08f2e9b6-b700-577f-bc4b-2d1251ba7a8e,0,0.10313901848688983,0.2383811
e9639070-c6d1-5a0b-9028-1d53f884d9fb,0,0.019620380510956072,0.31911555
2c7019ea-a085-57eb-894c-d71e6094797d,0,0.04862469336287866,0.23640923
e9ebd177-8342-515f-9967-0e67a414a428,0,0.47716599130481885,0.501978
8131934c-cc76-50cd-bc3e-bb56fae2795f,0,0.020719297988787057,0.27615988
36ce18eb-0647-5da7-b943-d615024fc9b4,0,0.003761433848202849,0.18368028
c4e04a85-6067-53fa-8e5b-b24c0d2677b1,0,0.37692989696116697,0.16827878
2d1ff788-fbcd-5a4a-be6d-ac1825cde9f4,0,0.1361063405434192,0.30166754
320e6c9f-30cc-5895-b6fe-0822bc4df24d,0,0.39065429990472106,0.41382545
b73f3c06-b1c8-5f95-ad24-da72659ed55d,0,0.0012013074635623226,0.22925915
047730cc-c61b-5429-b1ad-6f18b1804bb5,0,0.0023537376905659046,0.4731166
6797b6e4-af4d-53fa-bdb2-a8ad9e79bd54,0,0.22264478999241125,0.22993237
a2e4b139-428a-5832-9880-107e397c0da1,0,0.44841245546463193,0.18969318
953923c7-5d92-5329-a4ec-1b3e9bceee58,0,0.1126039626966415,0.28098235
60e591f2-e91b-59b8-99ab-c0b7df08e243,0,0.14918080044342039,0.28371805
724378de-39af-5cf1-8e77-7fc7ee11cfc5,0,0.21861080566920418,0.17526104
3df58f6c-d3a1-5570-a1e9-ee1c8be80f2c,0,0.26019110891042285,0.31744707
712d376f-c027-5c6e-8bc6-9caaffe424dc,0,0.32734628481370764,0.25414145
f685a78c-7da4-5895-be25-d48a0a9f031c,0,0.4172730532165594,0.17320096
5cd689b8-7795-5f48-9c01-d8317350a038,0,0.9872269096588251,0.58945274
63b49add-a217-59f1-ac0b-c3b57841395a,0,0.016715022575125516,0.1475529
f0e1ba43-da79-5251-92eb-3eebfdb96e00,0,0.15103056819217278,0.24095775
dc36c6b0-ba41-5e1c-9118-72061e8183d6,0,0.12083128587457093,0.173716
00a7c626-3fcf-5b89-b35e-39407a6b12bb,0,0.3508454615812956,0.2540279
010d963a-cf3c-532b-a094-222da35a4bd4,0,0.0227327501622314,0.16184445
6915acb4-4059-5684-bdc2-d8d11940bc4d,0,0.13594234918264822,0.16768514
0f681f6f-3c13-55e6-a15a-ddd77048c333,0,0.6887052161477959,0.25143382
d317e058-5ca5-593f-9869-80be302f362b,0,0.36587270726422616,0.6364236
3856ec01-bf11-557e-886d-b9cba488140b,0,0.39065429990472106,0.41382545
bd8930ea-e727-55f0-af71-4ada96c96fc9,0,0.09139219533197741,0.3671389
8647d941-a0a0-52d6-8f3c-e38601ed4737,0,0.21616488552342128,0.19911774
3758579a-1b44-5593-874e-4743bfa35a38,0,0.2977311772944273,0.2998886
05e413bc-bd7c-5502-a415-09c3cba4ae90,1,0.8792344409982024,0.6559514
3b99703f-4ca5-5c91-992e-ccff60a97c0e,0,0.39065429990472106,0.41382545
d27b4b4f-712f-596a-a132-4b00e9568cdc,0,0.1313064423213997,0.14818119
b8ba855a-76b3-544f-a62b-208b4b0eca3d,0,0.11264111935389037,0.18772377
40dccca4-f0ed-5871-9f30-ee62a0d4ea57,0,0.39065429990472106,0.41382545
dd814dfd-34f0-5b10-9952-5163721d78c0,0,0.14591905473503225,0.2687469
f5699882-2825-5523-a55b-cf5090b35f1d,0,0.39065429990472106,0.41382545
b7f27be7-8713-5899-9445-7a29232be954,0,0.39065429990472106,0.41382545
eeac58c9-9aca-5f13-8704-05a6ed6c3c99,0,0.39065429990472106,0.41382545
c37b6c4b-b0cc-55a7-8422-4c99c355d648,0,0.12156567969848256,0.220874
5a928f1d-dfd4-5b03-9fc0-26697be95cff,0,0.040475325677984494,0.15620218
d0dc3e82-f952-538e-b8be-fb6c20bb711c,0,0.39065429990472106,0.41382545
36f34f12-c91e-534e-90c6-f51ea485699c,0,0.4172438871007897,0.35364273
c6ce30c5-cd22-546f-a14c-c748e17a6ff1,0,0.8107636096966642,0.39173132
98fd9f50-1780-5ba6-be23-271cf852aa24,0,0.5385078970314926,0.20697771
2d673de6-099b-56e9-ac96-a404164f5abb,0,0.02860414003796788,0.441632
1d2cab2a-82a7-53fc-94a8-2554deba6cba,0,0.16907356342367413,0.14372286
2f75adc6-2ba3-5153-bd04-bb8e62ede436,0,0.1384958994113085,0.29356155
f8558e08-7974-5592-a45b-bf7b83a8c194,0,0.09091456196290189,0.53705716
4fd5edd2-0e2e-5bd0-9a62-dd01871751c9,0,0.2646935513871489,0.23269267
e6b3289a-19a2-5e16-8810-3a07580a2bc0,0,0.4010946411341677,0.25727054
03703793-a771-5ba4-bdf6-42807613f64d,0,0.44684040150324955,0.3509939
8f2dfb2c-bb4f-57cb-afdb-c0e28742bc91,0,0.2000276340531735,0.31411463
25bdae27-5f58-54ac-9660-6456046965a2,0,0.09373205585103447,0.18667641
f03aa2ea-6a60-5e31-b055-e5211d3cecbb,0,0.6742688291036696,0.5300796
854dd915-26aa-5c11-98fd-6274f849d89f,0,0.6969666943838574,0.30707964
7dfe1062-9a19-50c6-b075-10b0a044ef1c,0,0.8315276660042271,0.67765856
5c1efea1-19e7-58db-9bdf-b83da0dc1c1e,0,0.2526388167094444,0.5529552
8e7adfae-eb10-5325-8627-4e54d216d764,0,0.2232584020119653,0.26892233
c3a39d8b-844f-5d61-a109-26055b6217bb,0,0.3829895174383947,0.59762543
90528b53-618b-5fea-840b-0ad7df801d5e,0,0.21638286442394702,0.43619856
cbcc4623-ff3d-5032-8cb7-ecf4cfbb1a03,0,0.3775891879265489,0.5637465
65231707-21fc-5be0-b7f2-c283cc000c54,0,0.5848791612790338,0.3594885
e0cc93ff-cb1d-52ad-9f44-e5227e33f67a,0,0.31929892045749275,0.16702083
e74aeeb4-240d-5e22-8267-1feca6797bd8,0,0.005888002841046844,0.29793677
829211f3-6cf1-5ed6-8fff-2509c4b18b02,0,0.05660351038607617,0.17079338
dc8dc7a9-d2e6-5ea8-ac06-3ed6953b390e,0,0.1152360752989905,0.18772377
98157052-760b-51d4-8d5f-c3f459172a3a,0,0.011061793378097554,0.14017941
2034b261-13b3-50cd-947a-b132f9bb3366,0,0.7797189047275301,0.47698385
b23cfecc-d9da-5337-be4b-b230b566cb3b,0,0.000293151202859221,0.30056754
05c4125a-fa75-5138-b9b3-02144b12ecdc,0,0.32521341341008214,0.5249584
379fd7c0-6d46-5c17-9144-3b2858bf2d64,0,0.4277500631994385,0.28224063
a223a341-d1aa-5df1-a2c9-41cef62c5a6a,0,0.810521585460559,0.4635591
7b00bea2-5aa6-5031-a933-f546e404ee30,0,0.19620669794086296,0.42879537
59bcb6c8-4260-5f2f-8a29-5ecc021e7634,0,0.2778925731559155,0.20259222
3a2bbd02-f053-5c46-baea-3c8607538ab3,0,0.3446095765400253,0.3497423
665c72c7-254b-583a-a62c-59d690c180c2,0,0.3354586088024251,0.47649026
17952b0f-a5e5-579c-b9c2-2be8be0952bb,0,0.3673284829020242,0.26823363
48eaadba-e013-5b23-a8f7-0418e2192c4b,0,0.49397562750955826,0.5504758
f94a3f5b-66a1-55fd-8350-dd3cb73565f6,0,0.23404791361491153,0.3767356
86c4de5e-2838-5f4b-9095-be52e5d3ee33,0,0.22219272441743218,0.4580135
699355be-2d3d-5703-ab8a-4e743f414c52,0,0.13246900834523478,0.3446026
e2f0a66a-6d48-501a-aa50-917325a47add,0,0.006502261900428791,0.22613312
d2506cd3-c21b-5b3d-91c1-8a83ca0b7048,0,0.07492312453463858,0.2871769
93a5c95e-7764-5052-af2e-23fcc2cea0bb,0,0.331882337199942,0.32417008
5cd26f6e-6324-5d8f-bb17-0a989e8de8ce,0,0.6662426876939853,0.30365145
b0b050ec-de27-5e56-a436-57da2eb63fac,0,0.12058685664684721,0.29726544
d8e7ca2d-d40d-58d8-a871-048c5625df88,0,0.3503815677084735,0.5274124
b9e15bcf-33b1-5050-9c20-d575dc449ebd,0,0.15474972753673646,0.3398554
290dd4a8-cfac-5a86-8063-cdd67cbbfd8b,0,0.8914012588886273,0.41005185
b1d0e258-549a-5f43-aaa7-b2549fd4d368,0,0.48432194417607616,0.19656907
99023990-8fe3-5b85-8059-0f4a032f3cdc,0,0.12168526198754175,0.27668718
040494be-22dc-5753-a66e-e6d9f8e0c70a,0,0.2022269035840265,0.32771805
5b0e3211-7775-5dc1-8950-8a321cdb2e6d,0,0.28183716081294796,0.3131736
5f9c04b1-b1df-5734-b0ea-d62de6f7707e,0,0.10441867709028,0.21278375
b7cb45da-f79d-5f39-9fbd-f9bef762fd50,0,0.2085050655268431,0.23503985
2a03f7c1-2fc8-560b-bea3-b2cdde3be4e1,0,0.1517631768841651,0.17244531
e02ab9f2-e1f3-5a41-91ca-b8e3f3c37c59,0,0.9740331859124194,0.53637654
1d6d5a16-599c-56c7-a37c-7a78a4050eb9,0,0.13282351214916033,0.5076191
d337dca1-d785-5693-8ef2-75da412449cc,0,0.02529053012549026,0.19656907
77406360-2a94-5345-b136-6cf810827cc2,0,0.16828188469274985,0.16653596
fad11fdb-9cc8-52e4-9b0d-d9121cc68b71,0,0.35610663432946144,0.24696274
8fae647a-3d7a-5124-9def-374f0e790ca2,0,0.027732633413970163,0.3553462
632c2efd-f8e0-54b2-898f-4daa6468d314,0,0.5485629565978617,0.4397544
bcdc55ff-af77-5c2f-ae54-72ee7b409216,0,0.1228368904639247,0.49478135
df860677-c06c-5c36-80e3-407a423881dc,0,0.7698933959090448,0.49282673
5f62369e-ca13-5827-9816-f8071c1baa70,0,0.2385917361669526,0.23518272
98c0bc29-b367-5818-8006-d9851ff1dcca,0,0.713722195399419,0.28281695
0f4c25e4-8e34-5977-95e2-53baeeebf16e,0,0.11901444140160018,0.273305
cff02fbd-d0f3-597c-8720-7fa99601014a,0,0.6121184649975796,0.2196609
79606b3c-e1ae-5e62-a912-691c2930af7b,0,0.5957883604479821,0.17882398
3ba19716-4bec-5adc-819d-3e0676a038e2,0,0.6008422782980192,0.1904717
a21e5690-0101-5b19-89bf-f1fab4d05087,0,1.5623596084022022e-06,0.33733654
dad3cc6c-3c67-5d7a-ba1c-2f0f29b69827,0,0.14002596579304546,0.18229601
ce410350-c71c-5009-a036-62ca24830cfa,0,0.9997403951013316,0.40804583
b4697ed3-5fd5-56b7-9996-d15a0bf19ad0,0,0.05238445498868475,0.14387678
2cd441bf-b085-5ffd-980e-0af4550e718a,0,0.003149732121031872,0.301307
b9e0fc53-7ce1-55d6-ba49-3d8c6c4f74da,0,0.059724939630674025,0.1877215
1dc9dc84-477b-5e0f-b0a9-4b5076fe1a19,0,0.25433767933937035,0.22375555
d5ae25dd-036e-5a38-8044-6af2a0f90536,0,0.1623204567409971,0.2570476
516dbb0a-a4a1-500b-a9aa-4bac82be1ae0,0,0.014333856687941269,0.18332565
3d064db7-4426-533d-8146-9d063e204a05,0,0.10353029828945944,0.29356155
bd1c33ad-5fc0-55d1-9422-1809665fbd62,0,0.7621659455529012,0.6537712
8a73868f-f239-503f-948b-7d9fa87c9737,0,0.2873747269579727,0.1939331
66e92b2c-5243-5e64-95c4-e71b28fbc425,0,0.3154507112326369,0.39120555
734d50ce-7104-5109-bb9b-7eb5021ba52b,0,0.14775431773142453,0.22662829
e3e7f3d2-9991-5d09-a8c8-9f4524191a7a,0,0.7045127177812612,0.29454002
81b498d6-bd98-5642-b07f-780b12f4b955,0,0.6198300248235898,0.33013597
a52519b0-05f1-522c-b4b2-d629e222239f,0,0.17773226886024673,0.4504299
35aac01f-c49e-5bc8-97c2-e9403d66ab60,0,0.6970970616345722,0.18530215
ce2afd0e-3d8a-5993-946e-f1fddc16c7a9,0,0.5672875770885222,0.25240138
89e4be99-c6b5-5f35-99be-4db52116178e,0,0.2293107462052832,0.41103554
ec835216-a81b-5042-9f50-55ab174bba63,0,0.9255392486026259,0.7284344
9ee29624-50d4-5b3e-8791-957ca1cdadd4,0,0.2648015944363802,0.18523431
f00e37e4-6e64-5a5f-89cc-ff476d21ae1a,0,9.318174040756248e-08,0.23383065
5f63aae6-bf40-5e41-a917-ca9aa26d83a7,0,0.42395829130649076,0.17823207
b4af4249-4601-5ca2-9695-76ea3913d18d,0,0.14290395450923465,0.17356445
0e9e939b-21e5-5081-bff8-eb8fe4b1fa0d,0,4.860285541993051e-05,0.4092876
ab9e3cbe-27d0-52d0-a7e7-d98c18f64fb0,0,0.16844578315468964,0.16233014
735226a0-a0d9-5526-aae2-cd6f8b0a89cf,0,0.22289944459826322,0.23652054
6a9038c4-baed-51a9-86ba-b4b792f50762,0,0.39065429990472106,0.41382545
ccbcfe27-7298-5667-8d9c-4262c95110d0,0,0.013787241316918438,0.18346116
c74a0b08-8e48-58b1-a4d4-3d4cde9d2672,0,0.24423395799614717,0.19201182
2242492c-d09a-5478-bdc0-9ab6cf51e02d,0,0.20653437082218445,0.20767185
1d8f7c17-bb44-5c65-b86f-8e36c6460142,0,0.706222233622952,0.44217098
066c06de-67c1-5633-be68-23463577a404,0,0.39065429990472106,0.41382545
eeaf36ac-cb1f-57c9-9323-6f6d57997bc8,0,0.02897397661221638,0.27093968
9ded6dc9-d14e-5cc7-8797-25b9c2387a2f,0,0.11762044126567832,0.18857342
47adc68e-a544-5aac-a2d0-9919b63788c3,0,0.2925229398291596,0.25785
3114eb31-4b64-5e45-a400-2bfc7a8b7759,0,0.07011448109957327,0.47767198
8d12f606-7e74-5bee-9e4c-4a151fb32f47,0,0.09633554261483762,0.1999074
84abfad5-abe9-5315-a158-c57c191a982a,0,0.20304220758473432,0.23686072
bec89d80-74a8-543e-b89a-acde61861c82,0,0.03393331212096722,0.3639519
7c473697-cfa0-525d-ad69-01cfcf103188,0,0.1708422258003892,0.39881873
1b77b78d-0089-5b4f-bc71-91c929dd4157,0,0.32324711877635776,0.20701277
79fb92e5-3658-5662-aa21-dd1964657779,0,1.5913721994495204e-06,0.30800202
b84527a5-d527-5e95-aa26-1b28bc102c90,0,0.9999674244100297,0.6292266
966db92b-9496-5300-833d-5d7928681c71,0,0.12714229944055183,0.220874
4b7259ff-3f77-53d5-a357-a993c4cdcb34,0,0.8164309744499033,0.36067402
8b93f2ad-8cc8-5b1b-8203-d30876797d87,0,0.19768253977974168,0.19105162
d08d9b16-f0b0-5c3c-a2f6-fd6ed3350447,0,0.39065429990472106,0.41382545
22f98710-86ab-50c7-93b5-acccfb0ddc8d,0,0.1511161844332212,0.2853527
6346afe1-7011-5001-a5b3-68431a41427e,0,0.06334324673296597,0.43021548
3a4f4135-3f24-5a20-983a-0789cece3d61,0,0.13863249438880168,0.22749794
e5998360-fd66-5445-a4ea-5697147efe04,0,0.2112208833114594,0.19585417
cb77e375-5d34-5d3d-85d3-beb96a87e305,0,0.2518791790458189,0.26377842
722a5a90-fdbb-5946-ac87-213ce71ef01a,0,0.16020247036553595,0.23368773
44fe0806-bf81-5ac1-913b-1f9de3c029bf,0,0.12158275715114578,0.220874
9c6156e6-66eb-5093-8e5d-f84b2c1d68e9,0,0.39065429990472106,0.41382545
a9e230a8-b162-5bbf-bc5b-53f4089822ac,0,0.23662942800421394,0.20538741
f48da603-c514-5b74-8a86-58e32b5a7c09,0,0.34159492644318207,0.21329053
94823a67-8107-5229-9b22-9e6c750fe068,0,0.5962243371346474,0.17823207
1f84ee10-b1c9-5716-8d76-48da898032bb,0,0.48381520529578637,0.28013226
98878b64-c62d-50bc-a680-778486b1d760,0,0.032700064777782895,0.1655751
4651db33-2d1f-57df-83cf-fda48ad9b34e,0,0.19410854499695493,0.21345101
822d721b-d917-523d-bc45-7489087a1581,0,0.05508153400692286,0.16424662
cb6ccea6-6a81-588b-bea0-d9eeed5ad954,0,0.39065429990472106,0.41382545
35020e54-cb6e-506f-aa99-1ba9215d5773,0,0.7839477725125746,0.40168005
accc409c-3433-5d4f-8cfd-40dc415edce4,0,0.08213700432938012,0.2787057
b009c302-5a25-568e-b94b-ddda657c5112,0,0.29067121905675886,0.19208142
56b11f94-41c7-5959-a4b7-7602bc451886,0,0.020004134007325435,0.14066827
5487e74d-4858-547b-87c8-822480fc4a01,0,0.020061173911812568,0.367678
2a01ac7c-672a-5d24-8462-2a299021123d,0,0.39065429990472106,0.41382545
64556dd1-40a4-56d0-9754-f66768c66ab6,0,0.39065429990472106,0.41382545
7bc18ae7-f8db-50bd-be79-7cad904eb85c,1,0.4281341769717006,0.5703119
019bbea0-e6ab-5ef6-b2de-8608ccbce82e,0,0.7441914516634144,0.39717442
4f1bfc3b-aeb8-523b-ae96-20d92335b2c6,0,0.18026448085239513,0.18044533
2f657075-c7d5-58b8-b8ce-2d22be128610,0,0.38544675304140924,0.52453995
8ebe947c-77f6-537d-999e-af82f586f69b,0,0.1163459032288428,0.18853328
34b315e2-27dc-5ecd-8bf1-21ea166c185c,0,0.15038974541337932,0.1349079
ab2871c9-a29f-5cf2-81d5-e51b92700847,0,0.39065429990472106,0.41382545
0d23507d-b22e-5324-9a8e-12cedc2dcd06,0,0.39065429990472106,0.41382545
6b4df9ea-d573-5c49-a1d7-5e5da8d126c8,0,0.39065429990472106,0.41382545
d165f7dc-3683-54c9-a730-4d5ff025a753,0,0.125494969232582,0.25214657
e43cfccd-ec24-553f-b010-a7daa4b491ac,0,0.008043829887948006,0.16502036
ded6e899-7632-5911-8ef4-2892b4253ae3,0,0.39065429990472106,0.41382545
479475de-8d9e-5505-9c47-784a4a4951e2,0,0.39065429990472106,0.41382545
81280d21-a6c2-5026-89a7-c4c3e8a973a3,0,0.6789711737266411,0.286505
75a4469e-481b-57ab-a6e5-830c5c956a16,0,0.5196869348789731,0.21328573
324de4e8-5288-5bef-9902-0433c4fc60d5,0,0.16830707735293318,0.24826935
52c2ac7c-159e-516c-9e6e-c9b52459ea42,0,0.4234778780290866,0.3592099
799ffce0-326c-590c-93cb-d8979fef55d9,0,0.39065429990472106,0.41382545
435d9049-1343-5398-b035-e7c27812d1b7,0,0.13741167741061172,0.17823207
bd79e3e9-5159-5cbb-afd1-34f9fab4017b,0,0.39065429990472106,0.41382545
62e5f73a-405b-5cc1-ac93-edccca3ce6ab,0,0.39065429990472106,0.41382545
fae5318f-f64c-5b51-b0bc-63fe813afd91,0,0.39065429990472106,0.41382545
d356c113-2f1f-589e-9fcb-8a6db065651d,0,0.3693010844197963,0.28275362
3c9de890-806b-5e14-a0a3-76a3c3352f03,0,0.4107795730367028,0.43018934
e3b73a87-2244-50b1-8233-a23d8254edef,0,0.28225606493363975,0.19519289
08698fdf-3130-5602-82f8-877427a98806,0,0.05048282692313103,0.15333395
116262b9-8ed1-51f5-903f-62d59a365842,0,0.13686980098142978,0.14545469
fc0c5518-31ca-5482-921d-a6ce5e23a2c2,0,0.4572517847425214,0.4212933
943a7ae1-a91c-5f21-b39c-3bd3614a0c8f,0,0.16775595245341196,0.2006525
7778ad1e-de8c-509f-ae02-f6b67b2842bc,0,0.9306073303944242,0.24515305
76700eee-6276-5644-8a75-d51bf99ead26,0,0.6286020061844683,0.41028285
c332b20a-898e-5199-b078-0bf3e0e6103c,0,0.17135018056676402,0.5022525
31d80089-30c1-558c-960f-95be5bfbfbf5,0,0.5635756980023992,0.61595905
b03fd44f-c47f-5554-8f37-9060d6e1168f,0,0.5156067112034628,0.21337713
9b48d302-ca33-513f-8a75-e284a56b9cc2,0,0.1697549849098876,0.32760864
0a1abaec-2424-5442-92ea-05d5df29c41d,1,0.9997021935433302,0.60683554
33eb7e23-80b0-5d97-8250-8131b2c29047,0,0.4808891231756763,0.24054992
f49fb5b6-8707-509c-9e07-0f95284e62a7,0,0.018327887490186556,0.25166503
14e9e04d-dac3-5a6e-b695-a3fada2cbf4e,0,0.0002291740361532058,0.27646068
e88d5e3a-7c3f-514a-afa9-f1e40882d89e,0,0.961419965121095,0.42021817
faf5e01c-a5b3-58fc-994e-37e5d4e09afd,0,1.7993747052149046e-05,0.55681586
cdb2e6ac-c8c5-545c-a7ec-372a6cf467eb,0,0.04334610029600169,0.3266231
3d76ab5a-ce48-555b-b11a-5aafb920c131,0,5.040170172633703e-06,0.21002784
80fd13ef-71b7-53e6-8503-a85642ecbb9c,0,0.32804219737270357,0.35281944
a0b24b09-90f2-5a62-ac75-cbafd3eea8b9,0,0.2173477991166925,0.28920445
2f1478a3-f339-5038-8dd8-8b41f33c3864,0,0.08805849092906352,0.16217992
b0f19698-de95-5263-a51f-c379c054b514,0,0.3064623079007938,0.4126788
bf5fa13a-de78-56b5-97d5-2b01d7b0c2fd,0,0.029426474170008165,0.17724016
2db22da0-acb4-5e7e-af06-e50ef414159d,0,0.22676491631333154,0.20640643
b02c2b48-9f11-58e1-989d-4b52526de483,0,0.19134202127628305,0.21249893
a161d307-03cc-5089-acaf-0b584a914974,0,0.26445403172693244,0.17885101
34bf8d13-95dd-5c36-ad8f-0c1a1cd7e7ed,0,0.0486168082408759,0.16595396
949cdd11-cde1-58cf-b36c-f497a22a4847,0,0.3507629827070916,0.19656907
b0a8828f-e053-5f08-b6a8-d15ae9e9e108,0,0.575581200326387,0.3903975
45d15a24-0e1b-5104-a2d6-0d1cf113b6e8,0,0.12341087239631177,0.3575893
8b25c1ef-f19d-5829-a7f6-0cb455323eb2,0,0.5115068090028357,0.28518504
68b13fcd-557f-5ead-9a2e-cf857eb3c8e9,0,0.7990197223694796,0.61641955
8e38f77b-308a-5c71-83a2-b995c5cc4478,0,0.010128466692635252,0.16949177
3f918a02-02a9-51f3-937e-69435f03cbc2,0,0.03106061213938872,0.17774767
3022f306-de0c-59de-be5c-1615d42a1b20,0,0.34317816255705147,0.33672678
481b0653-597b-590c-8efc-15324d59b5ee,0,0.422004868067798,0.42180142
6b9e76b6-6928-556c-bbb5-9495c75a067f,0,0.2849463042758682,0.17744145
e4cc8c0d-f9c5-544c-bb17-9f54024e86ff,0,0.020266933160828258,0.20775318
1a2ae01e-418f-5377-aad5-5d2610c4cb61,0,0.43935850135348437,0.26048222
549a0d6f-5926-5c93-8c3e-62851ac70195,0,0.0012659167845861144,0.18358874
631dc8ea-f1d6-5cdd-a419-521f4caf974f,0,0.20492276310247445,0.6189158
619ffaec-1ab3-5daa-a288-3d6a7e1bd6aa,0,0.023852550874978114,0.23710006
329d3613-d1ea-53db-bf9a-447468f67f29,0,0.9740173190719903,0.24937904
7bc6753c-27fc-5d2b-996e-0a55711aeb7e,1,0.9629926939551486,0.7959692
405e8d89-b446-5208-8c1d-f6485ea4caeb,0,0.021446272171750127,0.33874816
caa85550-9ac2-5f14-a1cd-2f572729ae98,0,0.4494589961443348,0.196838
445c6c8b-a462-587c-b0b9-971b2d0ec739,0,0.15467862853276607,0.21245226
02272ee5-1c37-5f12-9d2c-6d3dd8ecad86,0,0.9742991029482911,0.67014045
66924446-41f7-5a31-a2d9-6ad097c34800,0,0.04315003335809609,0.27682447
ae83078a-e084-5f90-b967-065b553d7a3e,0,0.18827128944240976,0.1665144
c55b5a58-24a9-586e-94e1-20b30001a802,0,0.1631488120983366,0.16681376
b14082e0-9687-5e7d-9c17-50de02c091dd,0,0.9889017093169068,0.68154305
d31c4595-390a-500d-8c6b-9b0c2eee520c,0,0.02163050793001579,0.3062868
369a14ec-1176-5ec7-ae12-24a49491fc24,0,0.17842928662966048,0.143659
0754560d-9ff3-5031-8879-f9341133a655,0,0.01943900391965596,0.15073626
e02f9836-465a-5f3c-baa7-dabe9ea34c47,0,0.09462329961545231,0.2268606
ad20cf46-4979-530d-a05c-3dda7ae14b84,0,0.2430265898652236,0.19656907
b2359cd1-bf1c-5c92-b1ee-3b4ba889c0fc,0,0.4898205065190513,0.17885101
0405febc-6727-53fb-8b4b-7e3538f33d0b,0,0.39065429990472106,0.41382545
2b29fb8b-5e29-5f55-86e9-d92f32fbd69d,0,0.23276975925039645,0.3879324
199653c3-297e-5e41-8ae2-1c78680c8afc,0,0.07154520616659496,0.1695541
4217e458-902f-539e-8461-4e72d758aad7,0,8.433561248061158e-06,0.339062
1c3272ce-3fb5-5c99-bfe5-5ebe330841b8,0,0.39065429990472106,0.41382545
b9c0f9cb-5e04-549d-8330-135f2e091b34,0,0.0035159999373769743,0.2672254
a2172afb-216b-5f2b-a053-203628127e27,0,0.05697533757204191,0.3054733
2bfd8eae-8d40-5931-a4a3-45b9aee61855,0,0.10794380673374945,0.2896711
5b1c68b1-8a97-5e6d-8786-f15b426cd292,0,0.4145688072346858,0.19656907
96dc2ce9-d48f-5297-bcdd-260dc69699a5,0,0.47247873213936487,0.6256994
0c48b027-9117-57d7-8fdd-827e340aa96b,0,0.07387164385173592,0.16811234
c143edc5-800a-5a5b-8b3b-2803edc4f0c5,0,0.025977143050875867,0.3474127
4041824b-cd5b-595b-8cad-b57942cef91d,0,0.39065429990472106,0.41382545
70a80728-a381-543d-8b88-996edd9277c6,0,0.10935545522013597,0.21516377
f6902209-7e5f-5a84-af71-171cf3330119,0,0.04056045161578134,0.25344503
45ad09b9-26f1-51d6-8183-0b6f71ad69b0,0,0.05394617645877332,0.20411506
5d16c784-c56a-5fc0-8955-d75ab831e67a,1,0.04118930323282793,0.19242555
f107bb0c-8ff5-5daa-8273-e85885078d36,0,0.28508856025800755,0.19070658
f1b61ab6-23e9-52cf-bfbd-8269723996a7,0,0.01550219243062764,0.6342567
8cf93995-c1a6-53a1-b451-74b853b53a5a,0,0.08497859358412596,0.36934772
dc35a393-18fd-53ea-80ee-254591ed4da0,0,0.585215693210676,0.3238657
3f2e4ffc-36e2-5ec3-bb69-143d0dd6f92e,0,0.8181073782434302,0.5751993
2cbd88b1-3644-5e0e-9259-cab2493b30a5,0,0.4826400491262421,0.5266785
b6c55f82-d7a6-5464-b6c3-7e49f3f14fcc,0,0.20640594482099775,0.311208
14aa18ef-c763-5ccb-8ddd-deb83fe421d1,0,0.13328083970232601,0.30837542
ea3e0b9d-1c70-5533-8dce-95077841bea0,0,7.145130523370138e-05,0.45501682
76723745-7b8e-5199-96c5-d1343f6f755e,0,0.5162592225670021,0.25210717
ef4c6af9-eef2-5a17-97fe-55f6eef6df0b,0,0.11761078707480382,0.18857342
a5dc84a5-b769-5dab-ae83-b7f33aad7380,0,0.21925025038633014,0.29344046
e6f784b9-c646-5904-b3c6-de39eade0c1d,0,0.39065429990472106,0.41382545
513d217d-abdc-507c-8e5d-62700e4709a7,0,0.36994597893663794,0.47732767
d9f2ab9d-778a-50af-a39c-40f80c1881c3,0,0.9885537908961101,0.7050255
c3026600-d49d-50ad-9c20-74efdb38b0d8,0,0.9946729878452171,0.5921769
326fc5d5-d451-57a5-b0cc-26a4632dddd1,0,0.005229537354668376,0.26288885
b156b9c7-5f02-509f-88b5-7b7e0c6ac031,0,0.006671894634539845,0.27738744
f7d2fa44-4bd7-5db5-9005-98c9929e58bd,0,0.3920554003557776,0.3048573
98b463c7-1543-596f-a574-c7f07ea75d76,0,0.6183189852761043,0.24966289
bfe719cf-7f33-535d-8a7d-088550dff1ec,0,0.24098921552136013,0.21516377
f823bc66-7418-5c7b-bb61-94eaa69875ae,0,0.02964792679329412,0.21230489
58e6d73f-ead5-59b2-bb2e-97d6d6c5902c,0,0.00896869474082524,0.37948325
01fd74c1-ee38-59e2-8059-747489d4217b,0,0.03269565822968716,0.18076721
ca636ca6-e0c5-5213-98d2-659944eec797,0,0.026465040555600713,0.15784477
f0fd0147-aec8-5170-8f5b-038eedd8ae39,0,0.027937353177180838,0.18724926
4312f5a4-164f-55a2-a6ac-005a82d087b2,0,0.020460838460157654,0.1985934
a63a40a9-5629-5963-b04f-34d9009dd546,0,0.1756690557073919,0.3683195
2776b04d-9269-54fa-85d2-1dea74e6e95b,0,0.3510700711312648,0.31297582
e0f84345-f578-5101-b1c0-1ba376317070,0,0.24010356095404803,0.28264478
29a87f20-80c2-5798-a113-0428086860e7,0,0.6979458104840204,0.36371857
78e749b7-d7d8-52c1-9add-1557510aaffa,0,0.2527384076582633,0.31411463
bfc0d128-4c3b-59fb-a9d3-468aeb178179,0,0.7503457152382192,0.43108353
5ca76c8c-bba4-5b4c-a2c4-c870976c471b,0,0.028101521883901165,0.44031894
81cf8960-5158-559d-9691-36f6f6f7c699,0,0.18025610661636507,0.18224722
3531b0c0-762b-57e5-9ee0-0526178ab2c5,0,0.16939473382533637,0.4595216
f7db3e70-c020-5326-aabb-2cf94d0d029d,0,0.0002439185230109334,0.2707131
83489353-37ba-5db2-9292-24f65fb60e2b,0,0.2993639324576935,0.17695424
e4d6258d-6aab-5ba4-ade6-dacd6d5681e7,0,0.04072923144225918,0.13227111
5838d776-6092-54f2-b1e9-35bea8d643cd,0,0.7548499796461364,0.5775533
ad98cb95-9418-5c0e-8af4-140c25413a0f,0,0.18960422313427724,0.19368081
d2617d0e-3239-5471-8764-1c2bb7628e73,0,0.16734755710409727,0.2527401
99cd4513-e8c0-5250-a42c-657c7063f3cc,0,0.043341755911205544,0.18359001
cd247d3f-58f1-5e5d-a2f3-8f7fc34685b3,0,0.27290363293192954,0.21394402
0a32c53b-aa3c-5170-9aa5-b49c70b7b5c1,0,0.1292088000029465,0.22972946
f799377f-0a99-5913-85d1-5a88062e05da,0,0.35616749117465873,0.23982188
a0ac89c8-2d04-512d-822f-a395a61512ff,0,0.35132395868464883,0.21355046
66c12d65-a5be-5c79-8aff-8d39b4549d0d,0,0.2632539751265049,0.29276124
5829c9f7-db3c-5c3b-8c70-9b347ebf7165,0,0.3904495961712425,0.21967696
35500e62-0a30-5520-847d-6b48a2c5df97,0,0.42098127685772657,0.29794797
0c02ae56-0de5-5969-9794-4ac9978c215f,0,0.18181331566829834,0.45806038
2d8121ed-12df-5da1-8b9a-f0000bad573d,0,0.2747038032690827,0.27945268
fd7734b7-73e7-59f0-9da5-ad5101274bcb,0,0.02321261973352009,0.24077652
4b08c035-f237-5e1c-bb19-e8c8115323a3,0,0.6901250699928347,0.48858866
74f38d39-57d4-5c6a-ad1c-7b74350e4e08,0,0.04860498853924635,0.2429538
74f92327-2f9b-5de9-9393-cf1040c72b6d,0,0.18905261069858562,0.2240278
897f0a70-1d6a-584c-b241-516ecf1cae6d,0,0.22265255865239597,0.27368563
d643c2ee-e919-5a77-aa7f-7914b640af4a,0,0.3932707712539273,0.19585417
2ae0d4a3-16b4-5dd1-a90d-3f66eab0d4d7,0,0.047994079365474736,0.20011075
f2224945-a0c9-5f3f-b02d-d26254111184,0,0.07366411672803998,0.17557368
13605435-645c-5322-af9c-be7264453f94,0,0.04283871153205583,0.18359001
ebcdfd8c-7b12-5232-bb8c-ee06900c1b41,0,0.04988241693858929,0.17779092
a14320c5-9cf8-5107-a4f3-e43c74159e7a,0,0.6670343625984928,0.23777482
0af810d2-b74f-585e-8304-19096f3aad30,0,0.39555913487994715,0.23904328
b1d843f0-86df-5d1e-81b2-93e541d54f62,0,0.6620382714220905,0.4659023
dc89b22f-a82f-50e8-8585-f2dbb80bf3c5,0,0.1640462510345953,0.20552887
44746206-4e3a-54a7-8879-89bdb854b743,0,0.27145708172207383,0.17724016
84b0ebdf-4506-54ae-b96d-f4db80b9c186,0,0.035095552629263525,0.18075845
b5203acc-f4e7-58af-afd1-919ba5af30d3,0,0.17428451682255436,0.1475529
73f50e53-8c18-5bd4-bfc3-f5e0f544e0f5,0,0.4373367217182093,0.30459812
19e55aa1-2351-5742-8667-445a8c874071,0,0.12157621055105552,0.22923271
f073077a-7a57-559d-8d63-f212e00c3524,0,0.10930430500779155,0.1584363
23b3c3ca-f121-5033-88e6-34e334225c70,0,0.998493653934495,0.7741439
4cf5f59a-70f6-54c8-9495-ac1a30b3deb3,0,0.12214699894916894,0.47067356
71cb3861-e255-5cac-850c-ed66b614fadd,1,0.17791620785220438,0.5030185
66ecfe40-d29f-5ad1-8547-709b5a975b9e,0,0.05239963650290232,0.2693096
2047dd36-1235-5038-b05e-7263978ddd4b,0,0.32279113268061876,0.27319223
719ae87a-b077-5894-be56-84ad64141326,0,0.10565142487277843,0.19201182
fcc2b847-a54e-5bdc-bae7-5d607bde5ab9,0,0.3669965373903617,0.24941558
522399d7-69de-5eb3-a42f-c98b66a43568,0,0.2267488854114309,0.3313053
7960bacb-8d9c-5964-8f28-26be74c4e039,0,0.2583639571049392,0.36078897
50d96830-edd6-5206-809e-cede42951345,0,0.7505867001242252,0.2863726
48fe2caf-a135-59fb-8822-a53f6c15ff2e,0,0.282204069860914,0.18740493
9f79ca42-55d3-520b-b49c-08bed0213539,0,0.39065429990472106,0.41382545
56db27f0-dd0a-5c57-8481-cce69207c662,0,0.11779000930728704,0.191482
1bc104a0-3063-5b7a-98d5-d3544ee3a7d5,0,0.11755159291798417,0.18857342
c81e3683-a470-59ea-a4ef-4aaf550db522,0,0.06309159134627117,0.22781199
97efadac-2b72-5b92-8e11-666be6f0263f,0,0.09844773762747505,0.1725471
5c3bfc43-b712-5b7d-afa3-9e1fb96d4fd2,0,0.28472673953480965,0.17823207
a0c1d6ee-8826-5dd1-ba97-f85203f57e7e,0,0.8183477906012078,0.41052562
6bfeb4a9-11d1-515b-8079-a76f0fba9034,0,0.10136030085190817,0.17617919
cfbdd3f0-9861-54f1-9f4c-15220b6b0a6e,0,0.604454168954536,0.45308164
2b702c7e-d0b3-55f5-9499-bb4bde5ed833,0,0.1160670526479348,0.16827878
19698159-f1de-5130-bc26-d7c4f5011f39,0,0.5238870629271339,0.33037385
e8555ef8-6e11-51d0-947e-fd75c360138c,0,0.16856881160922546,0.15620218
d4511b70-490c-5bb5-8773-efa01222b127,0,0.03283601787205621,0.16775332
c58a7c2a-ef5a-5fab-a5ec-605119d81b49,0,0.39065429990472106,0.41382545
ae6553e6-822b-502d-a183-3929b7daaa0c,0,0.5291214664160558,0.23012695
3ba54c7d-2c57-58ff-aa4a-729ddb49786d,0,0.39065429990472106,0.41382545
5dcf2375-be11-53f2-bc1a-2bd06cd62ec9,0,0.39065429990472106,0.41382545
eb1d9efe-8ca5-5a52-901d-9a9fde994ed9,0,0.24924062086926604,0.2563976
4dac7db7-8363-5a81-870b-9e8ca4974fc4,0,0.8865623883523943,0.59156823
f3493e07-33ac-52d1-a9fd-bf9d11206d59,0,0.11762577672206515,0.18857342
af3db9a9-366b-5e67-a6de-9318b145c28a,0,0.5515749510754687,0.17027101
c571904f-7b9b-5329-b88a-e6f687c670f6,0,0.02260222101575916,0.18826997
f9e8d42e-cc86-5b07-b0f8-1736cb35fa88,0,0.25038551952384036,0.32139644
78716b95-6a29-5365-856c-669788654006,0,0.04743989349685236,0.4779118
acf0e389-1ad9-505a-b6d1-4c2f75837281,0,0.20486673273180614,0.1813844
68d28aa8-40d2-5a0b-991c-de8bba4533ab,0,0.4773992837734304,0.2338626
c0e73336-1928-54bd-bbf5-1ed5307100ac,0,0.39065429990472106,0.41382545
ae9b7879-634f-5267-8cbf-ceb5107ecc32,0,0.015524773532623463,0.6048257
d1ee5d29-291f-5d95-bbcf-6603e41a633b,0,0.39065429990472106,0.41382545
447890c0-b842-5bc4-9f0c-2e1d14db48e8,0,0.528442285215324,0.24367066
d0f8d47c-d408-53e9-a15a-8f652740746c,0,0.39065429990472106,0.41382545
591d4a8e-a1b9-51c0-966b-06750269ca84,0,0.39065429990472106,0.41382545
a3ad98ef-e588-55b5-b89e-677c70b41014,0,0.22472528081772744,0.38061568
0ea3d546-2134-5b3f-837d-a3a9bf87fee9,0,0.08631753381445667,0.24210109
3e0c0d58-0cfe-5049-bff5-4d2138c0dfdf,0,0.10957724150375452,0.17652516
29662b6d-9008-501d-879d-2560ee0bd685,0,0.4944456156406279,0.2537916
dff43aaf-4a2e-5179-af6e-d415cad8956b,0,0.2577377991803818,0.5119131
46405075-4f6d-5fcf-9e52-6ab5b74d021c,0,0.00018120446472311141,0.22471495
fd98a97a-2573-5fe4-8ff0-71e7d1746100,0,0.3898995274313346,0.21998566
79f26ec7-ccfc-5ad3-b431-3af9dbb95c2a,0,0.3727698538222984,0.27419582
5415a860-8a79-5a63-b687-b7b4b8fac00a,0,0.01748803815772316,0.13942523
73c4ba51-0a4d-5d0b-b86a-5b4626641fef,0,0.03126802858094739,0.19825244
4a856518-4b74-5920-ae6e-6028867f93e9,0,0.2641642562283054,0.41557807
2a0061a3-b88e-5dcc-8bce-c4a586991589,0,0.1664233352244273,0.16653596
fb7418b7-5511-574b-925b-2a59b0cb1f8c,0,0.07058535980267187,0.2978914
ee1c27e3-45e5-5463-be3a-29ece577393e,0,0.2867614261308532,0.26157618
3284b430-66bd-5d24-ad13-514dc28566f5,0,0.060544721092790445,0.2573321
833e3a23-be7c-58cd-aa25-c6615abca528,0,1.9146545191596508e-05,0.5214697
cc909e69-ad02-5e60-93a5-a76c2d2625db,0,0.07193714447844173,0.16458997
059c9a3a-f6fe-588f-8749-ebe4e5e5aceb,0,0.010410846621285632,0.21750966
cd416228-7d83-5efb-ae33-c7804d5ad359,0,0.17239697135789653,0.16424662
d4d75cd6-2bfa-5e84-b03a-baba9c5863e5,0,0.3630674949738177,0.47192326
f37fa1a9-9d29-5f23-b7e1-9973469e6732,0,0.0166685632537505,0.18999623
8656dff1-8a15-5517-a9de-a705890b9aad,0,0.010605310745177673,0.17854814
f389b0dd-b1f5-5f5f-ae15-6d77d04a9d05,0,0.0431195232793648,0.2789986
f685dd43-b9f5-5bc8-adb8-1dbc92013168,0,0.07090536074840521,0.16319089
c690b4ea-b38e-56e5-8ad7-373357b6133b,0,0.030177996191204284,0.26884744
4f9cdf0c-d3e5-5deb-8e2a-989bd03b9002,0,0.3493855380279708,0.292457
b0eeed39-dc07-578c-ad95-2048287f150c,0,0.011299966958790366,0.14162627
129162fb-7df4-569b-a319-4d4fda8579a3,0,0.012702673978368871,0.35785615
62b19703-4767-53be-81a6-271de25b1f63,0,0.07837761814843008,0.22458673
bbdc74cb-5c30-5695-99cf-e4e4b2a89660,0,0.2042190689684623,0.23990776
8c4dfedd-8cb3-5185-a104-4b45b1f8d230,0,0.08133164794209749,0.18761557
5e4e9fd6-217a-5b1a-9272-971a95fe6b2a,0,0.06296812243786577,0.34715453
aff9f92e-f3a3-5c59-83e4-f733fe1c4ebf,0,0.0202111421693472,0.15166056
66d3f7c6-7e17-5db3-8ec6-41e9ffed257e,0,0.901468259850382,0.5344332
81819b48-72bc-543a-b97e-fee7da5a2888,0,0.06478892510548764,0.2904006
6bb64e6d-23e2-5c77-b5bd-7001af27bfe5,0,0.038048652564855824,0.2970064
9a860b2c-dfd6-5338-b9ce-c957a5bc8693,0,0.005631036057815617,0.13582297
d453b3d3-2ce7-5b65-9b59-8e6ecf18d19e,0,0.011439884836001016,0.21914288
300ced9f-3bd4-585c-ba08-e9c288d04d24,0,0.07817704218348996,0.14492753
84347010-925c-5469-9bf2-63079eb36c1d,0,0.5795848521780075,0.48088753
b1581a2e-28cb-579e-a036-2163b8742ccc,0,0.17133483709498662,0.28827456
d581dd75-3156-51d6-a861-3b85e21de91c,0,0.009086809619882487,0.13313162
dbedc2c3-52c5-5a28-ac4a-eee22f18200f,0,0.02043479178196954,0.17749016
dfc517a6-6c56-58fb-ae96-5b24f2cf521c,0,6.059844329265614e-11,0.56615233
2bf7e0e4-1b8f-52cd-89d0-5c68ec0bb384,0,0.016601835291745196,0.1961363
2eaf7395-28cc-5807-83cd-b6db3c99fcea,0,0.0213296930867534,0.33696473
955ac03a-1a32-53ed-8767-29a60e8182b1,0,0.3335606277019884,0.42064285
719ddf7e-6bfb-5690-ac6e-9f977c8ed9ed,0,0.26400322190105097,0.4953506
f13394e2-4fef-58b1-9bcf-5a96839bb49c,1,0.7073334077807262,0.76934785
170b3493-963c-563b-a450-e761b1f88afa,0,0.3399134917970158,0.24093454
bf80e1f7-6622-5f67-9518-327b74d1b22a,0,0.4977624489024776,0.50414175
543d9241-29f1-5a85-8741-19fde0e6f93c,0,0.018471366156082754,0.15643942
0ceff71e-6df7-582a-867a-d1df3fad159b,0,0.07717966308291652,0.26363447
24074b70-7b3b-51df-a55f-f0080d6e28dc,0,0.17259928277071532,0.2507853
48f5b4be-e803-54b1-83a7-446ac30c2f4a,0,0.3747014649528759,0.21847786
e7ede85f-f026-5cdd-a89d-c38bd4c5018f,0,0.37623001329918115,0.28491437
48cc3152-d585-5a14-996e-8f871c3f72f9,0,0.010420736768317578,0.21219748
4512c2d0-80b4-5809-b379-25568425fe81,0,0.16979079514897716,0.26538062
98761569-0354-527f-aa28-115741501362,0,0.01851126692425241,0.17037486
6d74db6c-4b33-56bd-802b-d97f82240776,0,0.014744955848034239,0.33490208
8373dfd2-be15-50b6-b70c-0c9246790a8a,0,0.04873197506751902,0.26664576
f749dc08-1e4f-59bb-bfd5-7a2fa65c5249,0,0.05297894366769379,0.3140589
777498fc-a547-5722-b053-83d4f6af9d46,0,0.014163302280464658,0.18232481
a6675fd8-8bc5-5923-8f02-7ade95efbaaf,0,0.7268694144617601,0.39143598
89977cd9-e624-5a17-b84b-e8ba9fbc8d3d,0,0.07272223644787003,0.26251075
1c3c882a-de86-5e7f-9695-d519dc6b4f69,0,0.22534122372599727,0.20619595
a68af52d-4b18-5cd0-a6fa-da6465e5703b,0,0.2162963657584284,0.19622633
2aae342c-8542-5f91-a944-eedaac7ec00c,0,0.3097475748174995,0.19508511
bb421b08-1ef9-55eb-8be0-34c5bd29bfa9,0,0.0043771360536693045,0.20953216
317e65ac-bab0-59e1-9db0-ddab7915137b,0,0.00011633731647514932,0.22519647
06703747-e2a9-5fa6-b9b5-ef9cb369c6ac,0,0.1513933763468942,0.2587532
2825e10a-afd5-53dc-ab9f-0e34b7a78205,0,0.000434601566148211,0.2628197
4325a861-17e8-5813-bdb7-db32f229b85b,0,0.026794900309769738,0.19347118
ef122567-b028-539f-858a-167e51247a3b,0,0.040111999120150434,0.17400068
5f7c569a-49a8-52e4-abf7-c4246a44e610,0,0.17197505329205076,0.13694155
92562d07-499e-5315-a54a-1ff2042bda80,0,0.051052818260321334,0.14545469
20148cc0-80da-515e-a600-7920b5da88cc,0,0.210574591528455,0.36089256
0848842a-b5f5-5907-b461-0618ae1001f1,0,0.024037665952930932,0.17457418
aa6cf2d6-d798-5660-a7a9-67edf914b70e,0,0.2007427686681842,0.6287033
44f78280-49d0-502f-934e-ff06bb334a30,0,0.9781470926798064,0.66775334
478edb70-3fa1-5d50-ba63-b059c26da904,0,0.8270528701191955,0.44426844
018709b6-c38e-54ab-b070-9be57cb6ad28,0,0.14591746161784358,0.38735443
92bd7993-a6d9-54cc-b8bd-6f372f3a1b81,0,0.007560155350595455,0.21332787
06051242-cd4f-59be-9734-b0d3068b0a84,0,0.446565898631155,0.49293244
567dec18-6844-50e9-8de6-103f32265629,0,0.13040375209503569,0.34576327
7a7bb84a-9be7-5e9b-bdf2-a1481d2b7304,0,0.037530322276002524,0.32972774
c710aea1-31e0-5fbd-8b6b-7cc62f2e1dbf,0,0.011426391374503853,0.18668982
baf93260-18a1-559b-b82f-3b1475ab6538,0,0.020747316902679343,0.13150695
751a78e7-af39-5cd1-b071-70c25cba2c02,0,0.07208904200943116,0.18267874
036e8bfb-8400-5aa1-80e3-1abd284b786e,0,0.23236354585144936,0.28165713
e3cbbe4b-47e1-543d-ba0b-c06e94670bb4,0,0.21599750716905475,0.3313053
7bce39b5-16d8-5da4-8943-4bec5247a8e5,0,0.07940864317161708,0.18293001
9cb02abc-153d-5013-9a60-05b8ddcd6308,0,0.12946796389332973,0.16488522
a5ea5490-5951-5b29-b539-7937c7195737,0,0.6501969133135579,0.34665868
c5b7e60c-23c7-594f-b79d-6e5399afad63,0,0.32839422405183594,0.6231609
d966e978-4a05-5ae6-a9ea-37dd0354c4e8,0,0.03946484812604548,0.13024601
d36bcaba-b6dd-5dfe-b09d-b6be6755ee37,0,0.13337864892960294,0.21388628
ab19620e-f1b4-5490-a0ee-2e41840686cb,0,0.02818249623221634,0.19144256
069a0da4-78c0-5c0d-b14c-20b2056c1964,0,0.011310949649860902,0.19949643
ebb2d51d-9cd2-538f-9bec-4fa36e37769d,0,0.04816002287760732,0.29971734
e4f66c1c-c2b5-5dd0-8065-0eb93bcb871c,0,0.0322915086187622,0.14525516
bbcca6fc-63b3-5995-8b82-d3502ab27a81,0,0.40063297769480316,0.4061487
b02d0b44-c223-5321-b004-2e462f605c97,0,0.6117352973330353,0.55783147
584f1f6f-0760-5ed9-b679-ac861a0f41db,0,0.22498857444097486,0.2845689
0d4a0316-b83b-581e-9791-7758e1db0e1e,0,0.29143461395978704,0.42050478
0b8457c3-a4f5-5ec1-9144-3f5ae7dde25a,0,0.07466223278457539,0.4128258
6bae7750-f505-5881-b77b-3cf4cc34681d,0,1.8387315636092995e-05,0.25496408
baa0b4a9-e3ac-594a-99eb-f3dd6c5fa8b6,0,1.1418315184250347e-05,0.2960369
03dbdbe3-1955-55c3-897b-5595906571db,0,0.5698354082385779,0.15724994
4c3dba95-c5b6-5a91-b23f-709a8da0c03a,0,0.022327488425267723,0.18826997
be44e613-3ca9-5d6d-8cf6-a97b4f79648f,0,0.24047749281806566,0.15811862
106a255d-05fe-5b10-9515-2f8443058fe9,0,0.0947841842886005,0.22453058
534c4382-7e5f-50eb-a635-1c2ffeb501ab,0,0.731536971932713,0.5631037
eeafcbf2-7caf-501d-ad0d-a9205c828e23,0,0.3826098204677226,0.41892946
8e2f9666-abb4-5cd2-8684-864b70ac1340,0,0.013656641411615173,0.18280895
08096a82-5d15-506f-ae31-7e0270cad49d,0,0.008170096965054484,0.50702405
7ff66714-40ff-506c-93c4-b8c0d18e728c,0,0.03250030762577517,0.14534082
c5995d36-a8a0-531c-98b0-fe9a7d29bbf5,0,0.7835854651978716,0.23083773
d4042a65-b84c-5cdd-8135-cd3f50b1c4e9,0,0.003332210378229725,0.13032316
91b7d227-c4b1-5f44-8a68-6ac869357f7c,0,0.08224154592008476,0.39086923
52e5b7bf-31ec-5ed8-b179-748c42144b72,0,0.017131072451305303,0.24226774
3b972dcf-98af-52b5-a1fc-c3812c665dc3,0,0.15403982104733793,0.19773763
bf5d3b45-6cc0-58d8-b239-cd37eabc71d5,0,0.07419801548068854,0.14387678
931438f1-11e3-51c7-8105-cddd8da0eb4c,0,0.3863537763936073,0.4892628
4e171b0d-4a5e-582e-91bb-2e60b158e51e,0,0.7310337705414811,0.50227773
b1cb5984-a442-5853-9583-96ba024502ca,0,0.0053059408752840894,0.16000201
5bf7c179-2f1c-5d4f-8838-7e812ea237e4,0,0.03145674590259953,0.15168476
eeb54a4d-5fdc-5dc6-bbba-1f24358bef7e,0,0.009268661967439265,0.27323404
44451c8a-9e1f-583b-9331-48d1c50ceafc,0,0.16002939181334266,0.20110072
8886bf76-523a-5e55-928e-4007f57b0cb5,0,0.039239395783754294,0.16309881
0de3a227-de41-5533-8b84-9667318e70ee,0,0.11831353775791949,0.38818437
95fb308b-33ae-5ccd-b248-47fe952c73f9,0,0.049820934539050975,0.26287535
502cb497-a735-5ddd-9fbe-681dc1f52d78,0,0.12299046258502874,0.31146538
400034aa-7413-511d-8661-c18241b9b375,0,0.008580055566307643,0.1397563
a670cabe-2d44-5844-9991-650196f200a0,0,0.035291078901512084,0.23705065
4b57f2aa-7adb-5cba-bedc-35390171e577,0,0.025907177459691986,0.25697616
e452abe6-d6f5-5e49-a55f-4d22f941e9d7,0,0.5193212957210706,0.18969318
752417c0-9d35-5538-9dcd-67c8d7448911,0,0.06629504778153689,0.2192328
cc0c8d48-0a42-5feb-837a-3f2a4fb2b678,0,0.6644793229742257,0.15603985
e9494ec0-f893-5be6-9665-1d2d2fa7c44a,0,0.5496305993124017,0.17535853
f1e2a812-1e71-5a6b-86bd-f95e51f59646,0,0.227322855189817,0.32662585
ac2821c5-9aa1-5385-8f84-b831fc29cae3,0,0.07417308886017457,0.21516377
28cbff41-6074-5586-b6a2-06ef6cff6877,0,0.17496973166841995,0.16574565
507c5789-5e54-5428-b85c-1e9e3d8d01f0,0,0.8475560883985611,0.64500517
aaf29c7b-4e06-5ef8-9264-3106c6d40707,0,0.3425448364264856,0.17168666
83b7cb3a-08f6-5b8e-9a67-eaa44ce06726,0,0.1971615233295937,0.19612406
8040eec4-c5f8-5e83-8998-8d04355f8910,0,0.1602422874419185,0.44029558
b40330a3-8af7-5a58-93d9-68fab5c0b277,0,0.1682412914156972,0.16653596
2f6e8be7-41f4-5ddb-a601-d72b56abc8d6,0,0.008424136184067036,0.13760574
683c781b-389f-527e-ae57-cc6e7cc478aa,0,0.021553153316951994,0.15982841
86060c03-456a-5318-91bc-9cc631a76407,0,0.17269638681080574,0.143659
3abfdb03-cd39-5af8-94a8-387a6eafbea1,0,0.28731996209695665,0.17823207
6a01dc50-5506-5214-acb2-f52476908a83,0,0.25039735233438365,0.55749047
a40229c3-6d4e-5ba6-b91e-978597f21825,0,0.4424527027169003,0.18732747
f2a5a358-1cc3-5071-bbe0-c291f4c9c9f7,0,0.08849194265688158,0.25906336
a132a03f-84e5-56c5-9f89-37b3fd3ee198,0,0.1860070960366942,0.18337616
5c5c40bd-74c8-5552-b622-4e6b7b2da7c8,0,0.0006315743072541091,0.19238137
fbdcb686-6695-50e4-b7d4-18390a6ebdaf,0,0.03506174588636245,0.13146466
f9000242-7d28-5d08-af11-aa4e744dce3f,0,0.0173930431303064,0.14517103
a6ac2b4e-a5a8-5384-bfa4-326c86b7ec07,0,0.13543552017258417,0.32572946
e2a0161b-1c1c-5349-be09-afda7e97ee63,0,0.05554699469011383,0.20488515
dc90ef8a-5d75-588f-b4f0-c614a5cafaf7,0,0.021345049280971293,0.23287752
ffc2fc43-d83e-536d-ab8e-236968e0c2fe,0,0.012307009337452643,0.13313162
3552df12-bad2-554b-9771-f440488ccc91,0,0.2533742963230455,0.31212658
a7d6fe3e-d042-5350-b826-c5fae7ab9d20,0,0.013649815544043016,0.24117967
ada7cb19-8b7e-50af-adda-cce696034984,0,0.047986939893948075,0.2592014
a6a18741-8ec4-5441-a21f-51ecfc155a5d,0,0.05029293926505184,0.27281103
5b4cf262-103b-57c1-95e5-0927b0a2dead,0,0.18807027768019496,0.20997238
6faaa9c4-7a13-5b07-8570-5c9f9af4ec19,0,0.04252381987446071,0.21229589
bd0e6d5d-73bf-52a4-83e9-8cf025aa8b27,0,0.014338505668233444,0.22255014
66987d6c-3c83-522c-9768-def03cdb2783,0,0.5186348061541164,0.1740385
97f29693-fb61-52a9-8634-c97c94462bbd,0,0.21120968466710147,0.15889911
133305c2-2f08-5b94-81ab-4ec99ca7525f,0,0.31362017550529786,0.7074428
97c14d7b-7d6a-5dfc-9242-43319938ab3b,0,0.2520717170783325,0.18423164
bff12956-bf4e-550b-8d08-f12c510212d6,1,0.9999182604622013,0.1962059
74760a8b-249a-560f-99e7-2b872f9edb35,0,6.501623938381898e-05,0.20263426
0066e97c-6268-521c-87a6-8bc246348485,0,1.1520119845973854e-06,0.28191033
9a2fd9ef-8c14-5000-bca2-3c9ad51a1d95,0,9.102806753485082e-05,0.22170942
3b1e5460-e4ca-5f42-936b-ce1726bc5530,0,0.0014996030939926665,0.15327804
30018cae-6c5c-5a15-8811-853868463ffb,0,0.00196615635901404,0.1379342
1a394dd5-107c-5b48-9abf-7569e302d584,0,0.8205617806584332,0.36071953
e0858837-6936-55f2-bc76-2e86806a32a2,0,0.07427844011270514,0.18555965
51e58cb1-299d-5e9c-a421-6f98116c1edf,0,0.003234037799434655,0.14162627
956a1a89-fb14-53d3-921e-b6ab889837a6,0,0.0007012111597290895,0.27656838
36973cd4-2c59-577e-9dd6-faae463d18e8,0,0.6440430448286659,0.6578555
886db71e-a428-5c98-8db2-8d42d237805b,0,0.11267890042291857,0.22863244
6f16a2ff-9ac9-5c2d-b3e9-7dd89e9457b0,0,0.2009902219032528,0.18482488
5baed2ca-9b2a-5c7c-a28d-29492698ac46,0,0.29230362078840083,0.1929844
0ff039c2-942d-5931-871c-20f5767985e4,0,0.20632881950153598,0.34681606
70fce1ef-8a45-5dab-a7a2-ec5eca3b78bb,0,0.329022818449869,0.20042086
3f506716-806c-51dc-b630-13e3961cb540,0,0.21972527388417556,0.28264478
cc33fe56-287d-58d6-a9bc-aaffe5b3bb0d,0,0.0010557921716099834,0.26581722
83a13c5a-1a19-511e-8a05-3248b9894758,0,0.00709252038117282,0.2645687
a9b63411-a6a6-547a-b1a4-30ebf23b935a,0,0.33113457003605334,0.18743569
c1ef8503-c1ad-5417-826a-681d0fe388de,0,0.08682727702017694,0.15216868
2d0fc8b5-c420-5db8-973c-51779ead21d5,0,0.0368189328312993,0.24687217
b0fedc3e-424a-55bb-b259-6cc58b8a9a5a,1,0.7172050316118818,0.7083019
931616e4-2d2d-5559-bc8f-24d38ce937fc,0,0.03338784869218345,0.14839703
5d566125-9553-5327-8f78-f318783eff99,0,0.010771377045791066,0.24107687
e1fcb40c-b0e9-52ae-95c6-a2d4860a47a2,1,1.6263935492670003e-13,0.57297933
b2880198-5574-5167-8ae2-81968eeed815,0,0.04990894822158913,0.34689444
f0cfbd8a-3d51-50e2-9f92-9561a65e04bf,0,0.4199374918462248,0.5046912
d849094a-7fe4-5bae-8869-6432532ec1b5,0,0.015933917359641274,0.16983464
f3789ac3-0ccf-5c44-9d62-cafe5d931828,0,0.00249118019143638,0.18346363
356f94d0-f22f-57c1-8694-b565672a08e1,0,0.43031026137083517,0.48973775
c5359b66-a20f-5564-a172-fe1ed1c2d66e,0,0.013999876418488984,0.2575208
eab01b00-1faa-541e-a6c6-0f3f011be0e2,0,0.04377087722771721,0.18853982
3728ebd6-d7b1-5c77-aa14-febd695dab4a,1,0.0011691300057573774,0.46329847
7483fd69-4646-5402-9543-3696fccc7666,0,0.1162511684276545,0.18857342
110dca96-d951-5bfe-b828-cd808c89adc0,0,0.004435223711523938,0.13001257
c68da0b2-4412-58f4-b64f-6bc46b04c0fd,0,0.4858726791774773,0.20291322
9b226058-605e-572f-95c0-9b0432a01798,0,0.18840844951034594,0.44463754
47124a20-9bab-59c3-b292-3631758da762,0,0.04710706763953371,0.22602245
61108167-bd59-5326-aa91-d380e8de2d15,0,0.12769382168268908,0.31549653
b78762bc-da97-5850-8b1a-b6dd995e379c,0,0.08660928306393327,0.31395096
6b2c60d1-6b26-5087-a5b2-57a79f50fceb,0,2.379327244834802e-07,0.18916199
bb2591a4-3e77-5fc4-a885-cb6924b3416e,0,0.2652809605758552,0.2447438
42816a22-85d8-51f7-b4ff-5eac0a0867fe,0,0.2849095778307006,0.23939343
970616f9-0aab-5d22-850c-aaf62b2ddb94,0,0.2511498362270968,0.36542803
6ad60463-8934-5c0f-8be2-aab64a065305,0,0.008102771590922068,0.14416893
cd24d225-0ef3-5639-b95d-6612f5386521,0,0.28246064801562765,0.19631538
75180f46-586a-5f5d-a5f6-58901895468b,0,0.006518126300985277,0.18702951
2d33cabb-60dc-584b-9d2a-5c9b71fce93a,0,0.21634791963663433,0.190182
2236b606-5bc5-56f5-9625-bb21f8bc6c2a,0,0.30709322203959094,0.26889655
26288cd6-4a8c-5307-b930-dabdb0ccd443,0,0.19840303002957263,0.3082405
dd77e710-9b62-58e8-a48c-4a6fdc9a9c88,0,0.26846918884930293,0.45131993
2b9d33e6-49e8-5e06-9e52-46db35eb93d5,0,0.5374441054603055,0.3456872
ded2927d-e4d4-54c7-94cb-13cfbf3b9a1c,0,0.10923430504969803,0.24830556
24bd7d14-9d6b-5b84-860e-468509a6ffdd,0,0.2108245679348283,0.4347155
dd31f0ba-bac9-5794-af6d-e1509f41df6f,0,0.5981797458019392,0.25267506
8912b1b9-5148-54ea-94b0-a8960f71d187,0,0.03566859593024884,0.55860233
97207fab-e5cd-570f-aa62-1c86bd1f5f6b,0,0.019931457757871134,0.18982549
bd9d5508-33e8-5058-a580-73082900e266,0,0.1086792910524889,0.21323867
ee15e826-d6f5-5e60-8d8a-81518c166537,0,0.013147324325652018,0.35421968
26adef38-eccc-51f7-96bf-12c813df9591,0,0.1571714375507485,0.41248903
590f7c1d-99e5-556f-b44f-0f8cd8c8adf6,0,0.11562316031108669,0.1871756
e62ebd2f-b6ac-5a09-9fc8-1bd87c04777e,0,0.03142924580090076,0.18452866
ea4d3153-7a2b-56b7-b840-7c5ece64e785,0,0.00014742529122509435,0.37669417
69a5cf9b-7b72-51f2-978b-1f80b7fbfaf7,0,0.0011596046111613876,0.30195633
6049868b-bbde-5c52-93f6-1b221f7d8232,0,0.023821791046644933,0.49393123
99fb0a89-cd52-5944-bbc3-361ba85fa4a8,0,0.9853938533116803,0.6593881
54a672f8-70d1-5dd2-9e70-965279b0f070,0,0.058506336118595265,0.20407593
da9b2309-83e9-5323-8e72-26bd299d0fea,0,0.003050917456267677,0.15282838
b2a00cc3-00c6-57ef-8eb2-4780705f722b,0,0.8240516316911369,0.6478665
a043099f-a257-5c41-a915-994124be4acf,0,0.004287675252083564,0.20367973
a64eb572-9022-531c-b585-716690f6f69d,0,0.13280750558909576,0.25299564
e1dddc9c-6855-52ba-a631-231dc4dca816,0,0.010308267264966503,0.13264218
94dea31c-50c7-5ec3-96fa-c21fb46350e1,0,0.1341757856584683,0.49768588
70eab669-44fc-5203-9dc1-470f338ed55e,0,0.027443969652132097,0.2456293
b56c583f-935f-5efb-acf7-1dfe57e0ab0a,0,0.16832470192043186,0.18142894
f202c3ab-323b-54db-bf64-3d1761ec7d6b,0,0.05197929790163491,0.27612185
121fd036-178e-5846-b1d0-d3207196e331,0,0.269255124018753,0.16534503
57765c49-83df-5324-8cfe-b844faa63799,0,0.019509009826984475,0.1914964
0a8ee401-0175-5d80-8d4d-6b298d8589e5,0,0.009203210946785155,0.13313162
950692bf-274e-5648-a40b-fe6a434d7830,0,0.1355806695432365,0.23784582
147ffabb-07bd-5780-8194-3e19466d960f,0,0.005263502087681099,0.18378618
fae528b0-2fb0-5044-a510-06e1dd7c0c45,0,0.27097483656427157,0.21493211
d1b9cc36-b04d-508e-9768-802f25f68082,0,0.028406364689637604,0.2700534
bbe8dbc2-c56a-5c85-b435-08d91f9ccae0,0,0.0013792161071159736,0.16759147
854c98ec-094c-544a-90f3-b29d83b54f5e,0,0.00450387579071506,0.30016765
797de2b8-429f-5bf0-902d-462236b56cd2,0,0.1231570472823959,0.44612196
b8f77250-5154-5567-b4c3-c7ae19fa9a7b,0,0.792257924432052,0.6087812
f0fb2c75-d0c0-5e20-b7ec-9ed5050be725,0,0.9838706377177363,0.65926063
be614a90-25a4-50cd-83de-c0414b3ed076,0,0.0042923979820815375,0.23219873
36a311fd-7250-5f50-a14c-e510d050249d,0,0.04283610423339772,0.18359001
dc32b078-83c5-5f8f-9db6-2441955d300e,0,0.9999990931799064,0.64135087
108481ee-08e9-54dc-8ccc-1c0c08698ab5,0,0.08873423996879859,0.27835396
625ee513-acaa-5e62-b30a-08d7aa67fa5d,0,0.0011169898385318578,0.15053676
9efe50ca-7047-52ab-9c65-5dd147d42dd1,0,0.05706240314977221,0.31474173
ed34b28b-7446-5b9e-b98d-b8fa14d665da,0,0.011593830890519925,0.16983464
ed8a80c1-60da-5325-be81-614e64d7fb67,0,5.6753560774397646e-14,0.72254187
40af6298-4068-5fdc-8c29-f683c94763c3,0,0.008956063173058013,0.21595848
ca9cf6fe-33af-502f-b517-77d30517e372,0,0.6360825863139778,0.4389284
bd32ae04-919a-57f7-a3d2-f5d148cbdd50,0,0.5094559729739523,0.4843429
c54b9162-4e9d-57bb-9589-4f413f86354a,0,0.003684289311002256,0.21568005
820f37f1-3429-5583-ab8b-d3e984940bd5,0,0.08685199437252944,0.15216868
25271a03-170d-52aa-a1a6-28412d5c4268,0,0.20716527165413873,0.21919274
477e1d43-fcba-5ce2-97ba-53f3460f3ba9,0,0.01371157767015429,0.13367875
a0b3bbc8-cb40-5bcb-97b2-6a3e27763c5d,0,0.00675311484645688,0.18197235
c1b7251f-0921-58d2-a2da-5f4a917be3cb,0,0.001960240049165614,0.13221969
a750eb23-c2db-51c1-b860-20d732866338,0,0.39065429990472106,0.41382545
9294a586-dcbe-59d1-ab0c-a147a31b495d,0,0.7100994567741205,0.59142226
e4a9e702-2df8-5e25-bc18-fecc0aac5793,0,0.6557890705586152,0.48339507
dfd8d8a2-abf4-5b80-99c2-03b50510df10,0,0.0899877959649527,0.17720495
4732a7ef-3488-5832-90ee-38e2a09d2394,0,0.1602568085848369,0.27450126
ff2d86e6-b3ad-54f1-b620-f0b6122411d4,0,0.026680177853098615,0.1522329
197e9531-4907-58dd-a524-cad934115dee,0,0.7845178483154734,0.31000224
8fe52c3a-8634-5c26-8bdd-8451cd9684cc,0,0.29897094488108916,0.22266375
8493f328-d8fe-510b-b324-3b84882677e6,0,0.0007476122090461678,0.1390662
ab890ffe-8b7d-544d-b92c-12c179a9fb57,0,2.7648934865466924e-05,0.2230863
7ef102bf-74a9-5f4a-93dc-eba760530662,0,0.24878791583089613,0.3288213
16e193a9-c6ec-54af-abb0-9b380df27843,0,0.008467768915493012,0.16758956
7ac9db66-6230-5320-a50b-d712062d9446,1,0.6818517398687896,0.64620394
4fe584e3-caa1-5c66-a91b-9617b60a9d16,0,0.29212610206647915,0.15042956
d4f889d9-efd6-56ae-a3f7-ad589854b276,0,0.4439448146010131,0.6259476
a31b574d-45a5-53df-b466-9d6b56d32b55,0,0.3421806243424074,0.23589353
6b397c8b-7758-517d-8cfd-c8ab13944aa9,1,7.751454591581611e-06,0.22656973
703d6511-72bc-5b1a-a153-9b5037e9041d,0,0.39065429990472106,0.41382545
504c0ef8-ec0d-5221-855f-72a1e0143b97,0,0.08973705958547841,0.21272095
49712d9f-768a-5ec0-a32a-cb52958f7f61,0,0.6699951276311691,0.32022956
c401344b-55fb-5bcd-882c-e85ebd073e2f,0,0.18354837775376381,0.2524111
eb0309ae-6e7f-562b-aebb-40534a30bffa,0,0.0003921279226422297,0.22024508
cacb0919-c102-510e-8421-accfa1abed6e,0,0.00527145504674969,0.3827938
f4051484-c094-56f1-8dbb-8bc638ab3a4c,0,0.012005645394602473,0.23103675
91e94459-e280-5d88-a689-6b70b8547081,1,0.32420588862588295,0.26152766
516a2c6a-4978-5c52-b173-d796feeeb253,0,0.004000000416389761,0.18860805
890f763c-7131-5785-95be-f1e1caa91ed9,0,0.08682599637676362,0.17048655
c87eb276-5e14-5cea-aa2c-354781020460,0,0.004630081496217168,0.24512905
7e9435e7-3e68-584b-84fc-478d0d6c4e99,0,0.08770645913310754,0.24201539
632b6d8e-4607-5084-883f-196bd5feb7b2,0,0.06366275370242962,0.25066477
41b6f99b-314b-5c03-9bc2-a574733ac882,0,0.21138976695278902,0.31840014
5a009c56-b946-5f7f-9649-ae9986e7f482,0,0.04648342610204852,0.16346817
611f7cb4-c4b9-5417-a940-3030030d4aae,0,0.11105775625288508,0.28306276
68fe0918-3484-5b8e-9850-9ea333ef5927,0,0.12299394482909333,0.3225546
71b2e644-c3ff-52f0-a5ea-93f6bcdec260,0,0.39065429990472106,0.41382545
1a8d8105-fedc-58d2-b95b-cc38621c1cf2,0,0.03157656703687089,0.15700084
b2cdfac8-8fb4-5412-a45f-510ba3e57088,0,0.08467677417286114,0.1738314
14342724-9aab-5d09-ae1f-9761a113443a,0,0.042278441623992274,0.17694868
c8f2d025-fb1d-57ff-9382-a88cfe5a7662,0,0.2871591049258569,0.30585396
ee095b73-0790-58b7-8160-6fa3b7ee7615,0,0.39065429990472106,0.41382545
bcb22003-170f-5cfb-9898-8019d8358b1c,0,0.39065429990472106,0.41382545
ab7ab8ca-a8d5-59c6-b6f4-f665e1ecf899,0,0.390587230332894,0.27422267
7b05884c-d062-5c46-a462-5da630bf9593,0,0.39065429990472106,0.41382545
2c6a4fd6-a86e-527b-9a14-d9e63f4761b8,0,0.39065429990472106,0.41382545
20af36e9-c79c-50e1-9bd7-bded4d3088ad,0,0.39065429990472106,0.41382545
5adf20eb-52d7-5446-8358-9df0944a9eb2,0,0.39065429990472106,0.41382545
9c91c604-c270-576a-9923-5297dbc71cea,0,0.39065429990472106,0.41382545
7c1e8dc4-bb17-5000-b342-56c85b12c71f,0,0.39065429990472106,0.41382545
933c09f2-b978-573e-826a-df032ad7cc6d,0,0.39065429990472106,0.41382545
f0b48735-4b70-5d9d-9a56-9d04120330ef,0,0.39065429990472106,0.41382545
d077ce1a-b6a1-59a4-ad80-a5b59fc000c3,0,0.39065429990472106,0.41382545
3578e683-0b90-5fd0-9de8-90ab6920d0fc,0,0.39065429990472106,0.41382545
2c563b64-d52d-587a-9324-0e42bfc002b2,0,0.39065429990472106,0.41382545
8fc8c047-fc89-5533-876a-0a8afa942eb6,0,0.39065429990472106,0.41382545
a97a5b81-f11e-5225-9507-420e16e0fcd5,0,0.32705495048315736,0.286505
13e37242-5ac7-5c67-8e32-5fee2a74777a,0,0.0835391702252756,0.15945974
62525ef0-1b50-5d48-a2f0-fef7098ad044,0,0.07634364404956849,0.20775318
efb914e2-c2ea-5bd7-9108-5fed96ac9f3f,0,0.2950353540254671,0.20965344
c71a4578-470e-58c1-8374-4de87ea8cdad,0,5.153901395497765e-06,0.56472903
5b90b6a1-3c54-56a4-a172-7b6fcc26c7ed,1,0.9962096276180777,0.34518656
67c751db-9204-5358-bf4e-b02ae43a90d8,0,6.813491452223553e-08,0.2149835
4de65f4a-1e69-5a1c-b64d-5a4e19972c64,0,0.009502304753612958,0.21307927
2170cdec-6811-5011-b9df-3e67d056d46c,0,0.07713328595071323,0.32015392
cfcec284-b8e2-5532-b8ae-023bb763469a,0,0.12162300710456514,0.3225546
cf438143-c315-5762-be12-94d1d741ffcd,0,0.2022777830008429,0.48206303
480edab9-137c-5f20-9efb-baf58807cf4a,0,0.12340442922273137,0.19642994
b84f2c24-5671-5f1b-8fbf-4ee2cf10cf41,0,6.12249264854699e-15,0.39213288
cbabc3b2-07a5-5411-88c0-f24fb31cafc6,0,0.15044848364100294,0.22107871
1810c910-471a-5431-bfaf-8d550482d26c,0,0.649992038866634,0.23646894
349b6d78-7edd-5c73-aaa9-f214efae3a7a,0,0.37013430079655724,0.2409409
2a747416-8708-5e41-988e-54723167076f,0,0.033048724204275,0.2001324
a069c26e-540b-5c7f-8d36-5f28ce4df538,0,0.0728781278023556,0.30989552
d92ec9a8-fbd2-5b6e-9fb4-fd573b796e0c,0,0.031873812253967806,0.14525516
14140600-f01e-5431-9d50-178320409315,0,0.04669477677529754,0.22526737
28c30585-a852-57b3-8a71-2d1566cc079e,0,0.9996944080036082,0.63880616
62c7b396-82f0-52c8-8013-8b5877aa72f2,0,0.06638099767153023,0.16587846
0b87922a-c09f-5f1e-9a0e-fd564ebf76b7,0,4.563969008230384e-06,0.19538537
dc71a42b-a7e8-5cab-9ce0-217887a2640e,0,0.0958913877758274,0.18583488
a544c6eb-b16b-598d-b6ac-4599bb69bb19,0,0.06883741469123923,0.5083873
7fe4e0ad-45e5-5eed-af5d-8bc8417866f0,0,0.04852137713898532,0.29893464
09238577-c3f9-5730-9167-390ac170113a,0,0.4240711163907453,0.2013943
321ad047-3117-5d8f-a0e4-4693a92ca458,0,0.07134556866320164,0.15345062
afccddb0-7a9e-5fcd-8373-b6a9f553ce70,0,0.7734439825019724,0.1966615
7d5b4ae6-f3a3-559d-90bb-de6efb690bd6,0,0.11757860131210619,0.18857342
51fdf44b-0955-58a9-adfe-dafddfc312bc,0,0.08165317083828251,0.19097269
d0b0197f-39ec-5f2e-aaaf-580d01c314ea,0,0.2408874431605859,0.2686629
b472026f-1934-507e-9d7f-66429c01e890,0,0.31636940693724186,0.34154737
d19af769-83a8-55cf-95e4-b08e3e2310b2,0,0.9142419594146969,0.39936084
6f8b929b-531e-569e-91d3-207926c83865,0,0.02085359323265487,0.20738137
607e38e1-45b5-56e6-b482-a81981b2c3cb,0,0.36244710489867427,0.18598619
1552b8c5-8261-5b56-a27d-92e1f00e8bb5,0,0.01858175090877019,0.33370647
a21d2dda-74c2-5693-8bad-53ddb9fc6879,0,3.6695551059703487e-13,0.61024654
0cc6e18e-fad5-55ef-b451-733a2b75e81f,0,0.36462491552701265,0.24570973
94b3aab9-b2a1-5f39-b764-ff971f373b0b,0,0.1066926958393741,0.24830556
ea71450c-7993-53db-a82e-6cd2f0f6f9ad,0,0.46147443992563963,0.44934598
56abd847-a177-5362-b294-f9ed28ba101c,0,0.5256721110155851,0.3499208
be178385-645f-50c3-a3d2-acd2c8cdc1e3,0,0.2470652637659768,0.45794275
a2916eb0-b467-5988-9a99-9d1bfee9a562,0,0.0018176036129121755,0.15895022
a99afdf8-4b2b-582c-88d9-dc16852c78fc,0,0.7051594958535485,0.46298823
7b9ae19d-fda7-5dee-8121-d876a5f10918,0,6.382852512532359e-08,0.19493131
70d72705-53d9-52dc-a74b-d96da31e7afc,0,0.06619269453259152,0.5028517
40acf11a-35c8-5199-b378-60ec0355e7ec,0,0.7201471469789253,0.35710382
19fbb359-6f8d-53b7-91f9-a44360363c72,0,0.0764295999817344,0.2456483
f75309e7-20c1-545e-afb7-07a9dcc050d5,0,0.446987074182803,0.46898797
94748eca-fce6-5701-835b-13f7ee61c563,0,0.624572154977199,0.25683966
262e3646-2ec0-5085-87ce-6223929b0c0c,0,0.16617062620815004,0.1889042
45ac68fb-9a92-5a43-98b6-b10e9e429d76,0,0.4462197151051589,0.4771693
780316ac-f82d-52ff-8995-04e47e778eee,0,0.39065429990472106,0.41382545
75b04f4e-eb8f-5d37-bdd4-d0ddbdfe4298,0,0.08962517336147728,0.24861388
7640ebcf-4fdc-51db-9d15-a20d2aec24b6,0,0.135461865723658,0.30166754
b3d5fcf5-3c6c-5650-a88c-d1ff41f39ab7,0,0.13644850640365763,0.3239305
86632385-8f73-5de0-a4e2-e256721b7c33,0,0.21639099212843987,0.190182
b47b19e9-dbc7-5a63-b0a9-b83d2e772f1f,0,0.20426226711958292,0.32142693
45dffab5-7230-5af6-927c-20e2d6476d45,0,0.7236586202967723,0.51398385
999e6a22-365d-51f2-bb92-df68091b9e93,0,0.09028225213451915,0.15822084
f813ddb2-98b1-5815-ac41-a913effccf38,0,0.3641984167702859,0.20971943
1938b178-55ed-5a3e-bf22-62202fe70b6b,0,0.11774859774022708,0.2016337
18672fa5-94af-54b0-85b8-d10c96dd0553,0,0.15441814470157555,0.15235418
071d8894-3e30-5939-b12d-cb8e0aa36861,0,0.18810003472720147,0.29127294
188386d9-5265-5365-8a17-df1be8554da6,0,0.10039241515249243,0.40329775
da011d01-be9c-523f-8fda-e441c527f1ff,0,0.2150186557809234,0.3107363
5ae2ce2d-f676-52d3-878c-f2f263b8c1f9,0,0.40701189548902017,0.38816583
4bb1204f-78e9-5694-8233-9a8a591b48af,0,0.27154080339151027,0.20252734
52c73708-05c0-59e6-9c7d-9eed2dcc3ec5,0,0.16640223753917763,0.16653596
03adde0a-b7f4-5d87-9519-9016bfb5f2ec,0,0.5451169815739803,0.28369015
d0af8b7d-b584-5a8e-b78e-1eeda03080fe,0,0.12029819580173293,0.16954
1dd1369c-5703-5bfd-a730-00d4b98559fe,0,0.17777256761756974,0.22795744
cc37f669-cd04-5837-91d3-a4e525c0e809,0,0.24366764401938587,0.526099
eb3daffd-6498-5a8d-9a5f-5f9bbb4abf87,0,0.12300415591470017,0.21427283
774590b3-1770-54c9-b52c-32204fe8fc14,0,0.13498041234697977,0.21278375
74b11df9-70b3-5b26-9baf-9f5aed2c713d,0,0.05867348262529462,0.16983464
9d1532db-900d-5677-8208-4bec8767ee82,0,0.1701111599460092,0.17353584
b04c82a3-c2fb-5429-9508-bfa4ba5349e4,0,0.05552565155792665,0.24055944
dfc5ff36-0d16-5660-a707-7535995b10db,0,0.031753804876204675,0.40527558
8e6dc6a9-28aa-5616-a8cf-df8cdb520870,0,0.993861483580358,0.68807393
209b1185-bde4-506e-884f-c7f287a5ba71,0,0.08413427701948954,0.51219475
f45a0d84-6cf6-569e-a38e-3dc750e4b4ae,0,0.22795350921829133,0.38533553
7a6ea25f-6981-5a16-a54d-447b96598cad,0,0.5171850744129554,0.18168835
c8c16b7c-81c9-5f53-a251-51a34023cb9e,0,0.006678579042735173,0.21325906
e67cb197-731f-5084-8872-a114b80dba64,0,0.006568745023781406,0.22383207
41ee1b09-05be-592b-b7ce-33f6ec74e6d0,0,0.4641761790412579,0.46441597
5fd0c2b5-99a5-5bb4-b633-c0f85a4f5812,0,0.8419006702729546,0.4015813
ddf311f9-25d1-5f54-a520-188e056392ae,0,0.4258139116289712,0.23953195
8bcb61ff-1e07-5c8f-9a7c-299a063d969f,1,0.988364536512942,0.8022263
59a17061-bd72-58d2-bc1e-5fad5bfab6bb,0,4.3899438520306653e-07,0.17340517
a2ad919f-e9d2-55f7-9e50-3da0180005d3,0,0.201667092345013,0.29370326
2113edbe-029b-5204-89db-a8bada1dcd70,0,8.723375767414521e-07,0.390082
c1f10839-4e0c-5060-9d53-4ba5f2f58e17,0,0.18674668342778653,0.16667072
95b9eace-2bf5-51b7-87e9-69c3ab963256,0,0.22842732723167658,0.16201617
430414cc-83cc-51f9-bdeb-d9eeacd2275c,1,0.4468759019189111,0.29049766
ecf7387e-4847-5e4f-866f-9ed8a265a72d,0,0.25330880353022656,0.38519213
aaa9326d-8da5-58fe-973f-80d16d007d00,0,3.8416625271572255e-06,0.29862255
db2db216-561d-5127-a9b5-3a264eaf0e40,0,0.03409397067291687,0.21545635
c5474ab2-6f21-5128-a8b5-f878a21964f0,0,0.378381564397191,0.29145926
5814ccbb-8f35-5e6d-a468-c8cd36beb882,0,0.1021932228486193,0.21710974
200cab83-36bf-5ec4-9b53-9b81a3103916,0,0.49582551381568646,0.17009111
d38165bf-058b-5e14-bfa9-4a1e883970c6,0,0.12301495845287054,0.2726158
5ad9a653-262d-5035-8c9b-1d86d4142b4f,0,0.07900167650823459,0.33472374
24c6b794-ea99-5b6e-b3f7-08ec52e0589e,0,0.2184292615425598,0.24649748
0a93017a-2347-5ef1-a5cd-4024bdcd5129,0,0.2002024747530372,0.2997013
ac810a13-c167-51f6-895c-b86b117edf1f,0,0.14130451396904686,0.3106901
10f874cf-f2e1-50cc-a40d-c3d5d2c7f33e,0,0.06269986376018966,0.19376387
c29fd318-5d20-5f29-aa0c-a6b554d4defc,1,0.9187955525727898,0.71958244
4c887805-d2d8-5eed-bdb1-e6dd0693e081,0,0.09907781295976066,0.1754571
9bf6891e-59d7-5bcb-bc4c-875f040337d4,0,0.2044650303034984,0.20767185
11a2e65b-3787-50c3-86d9-e77d484898bc,0,0.07364188937399366,0.26218486
4aebb3de-4169-57ad-914f-c25d2535c036,0,0.07959627561676978,0.22817025
2323a484-314e-574e-a427-ffb9983a41f9,0,0.44181891465918216,0.44710055
afc25510-98c8-5447-8bd3-cd092aa8e2cf,0,0.7106482195492484,0.29852036
537a941e-e7fa-522f-a4c8-c56d78017a80,0,0.08249562739553355,0.27394024
4515076a-09d0-5ee5-b633-fb5418fb2b1e,0,0.3853352106345194,0.24022728
b74fff38-8f74-514f-8923-da9f94e34978,0,0.5095486760031098,0.32893297
1e423cab-159e-5e73-a3d5-8fa5b98a5eab,0,0.17011539337768397,0.17353584
4bc1e6da-db13-5d40-8a4f-989f072b837b,0,0.0737993615441328,0.26147896
c83d1265-ddcb-5bc9-8fe5-a9968577c799,0,0.2723102532787845,0.45734403
a182e7a8-4ebd-5450-9723-621f622bc188,0,0.03178296674590022,0.47780415
0be33b15-f3ee-5890-af11-3247a8d981d0,0,0.06490294204074613,0.26205415
1aedb09b-7db0-51f8-a08c-80fd5901f19b,0,0.19027137516959755,0.18156792
fdedfc2d-ff45-56ab-83ef-ca6a8a1f131d,0,0.299499036029286,0.1939331
d22f59e6-acd3-5325-aae9-5fe5012348d7,0,0.2694644234727047,0.31197444
45584c29-70b6-56eb-b381-7c2d2d840b24,0,0.1504168261122479,0.16461
7c676387-5872-5653-b332-64c1f45174a3,0,0.04027838113761905,0.1411351
99d525ac-3569-56b4-bed4-56fe3a4aab3b,0,0.7298914764978044,0.40616575
8b3b7d69-bd53-5fbc-8c54-ff9c0419b9d8,0,0.04198149839903548,0.14545469
b1943477-6668-5dc5-a9ac-8df8b08eaf53,0,0.21343464411890561,0.22340834
b8427872-b146-50f7-a3ad-1c5cae83528e,0,0.5436975432192048,0.4346911
178b9fe0-b8c6-53dc-a887-572881a9ee28,0,0.2853188508889957,0.3313053
cf970944-2967-56d8-9330-e9d9715c4322,0,0.4127661452356516,0.2014196
b6d0cae2-58b5-5acd-9be6-f6395ae0bc0d,0,0.060384679991943864,0.18052055
f88ebd97-fbc6-5a4c-bea6-6e42c685e9c5,0,0.26882889849689046,0.49210247
752cb518-3460-591a-ae76-0722eccedb6d,1,0.12931876035481105,0.38754332
bb7ef05a-8b14-57cb-ac07-44bf3e3e5fc5,0,0.07452579148487444,0.17694868
a22ea0c3-2aa2-5955-abc6-4258381ffabc,0,0.39065429990472106,0.41382545
461dc80f-d48c-5e53-9f49-75ddc57a3690,0,0.3282488300444653,0.4545775
54807ed3-806d-5b8a-a513-a3d8be3217be,0,0.46530100844490546,0.58806515
8de765b6-d619-5414-bf32-a7780a0d7cb2,0,0.22613176818370084,0.17628479
75478379-67c7-57da-b7cb-b74f078c0810,0,0.12301668479182933,0.2726158
5d309916-6db8-511e-b02c-73d1c350e492,0,0.579804330553593,0.39532533
1e0490d9-af22-5591-8659-12188ced28d5,0,0.5847574220434485,0.35726956
d3bf5e48-0fd7-53cd-8f52-42b063d5fc36,0,0.0694890657031989,0.17913078
d221fa24-0686-56c1-abb6-07a2f75c3e2a,0,0.0729129744752458,0.1411351
d2c49877-a938-53ec-b4f7-bf135f40e1aa,0,0.39065429990472106,0.41382545
4121e7e7-f9d6-5af2-b34a-12a2fd4232e3,0,0.5242992734899516,0.4664348
3e361cd1-2845-5019-8daf-92bab26884f1,0,0.0631645159348226,0.14999114
d51b86f0-e283-50c2-90c5-98080ec4477e,0,0.20642296235275623,0.3604622
3cd57161-4b3b-5dab-98a8-b80e94ae43b2,0,0.013660645174579308,0.22153656
036be6b8-7589-588a-9ce7-b04305f030ef,0,0.39065429990472106,0.41382545
e4ff197b-4252-56eb-9d1d-22abcacac6db,0,0.39065429990472106,0.41382545
ed73f9fa-0ea3-5230-8c65-6b6e5a835838,0,0.39065429990472106,0.41382545
bcb16b2b-c9a0-565e-aeff-b6caed88ffcf,0,0.39065429990472106,0.41382545
01ff676d-d537-5101-a08a-bb9492000c2d,0,0.39065429990472106,0.41382545
bc561b92-bca5-53ac-894f-eb05a28fe969,0,0.11171231215199684,0.44637844
5f936a1d-38a9-541f-9326-ea9dd91c40f6,0,0.6192377922374469,0.24615139
34530f16-6970-5023-9638-c441318dd2a9,0,0.027684091747857097,0.18826997
94d3824a-2636-5415-a690-2d08b6c71c73,0,0.15000132152417445,0.17269737
5b171724-1052-518c-83bf-12e9f6725036,0,0.02377927098001183,0.17972632
8054f9c2-0aeb-5b65-9094-91c5c1c7874e,0,0.3098672029806015,0.20930146
66e5610e-2b10-5231-8f85-3cc0ee072256,0,0.0925856700324537,0.19149178
6e7c9feb-a245-5cac-9680-0b92bd5db894,0,0.2542396618570198,0.2586434
846b2eb4-9699-5fa2-9a5d-e98ad9833c99,0,0.5803060705966241,0.40681237
95ffbd68-aa58-5bd9-a372-b02f1daa51b9,0,0.07550795035829674,0.14162627
d726d5a1-a997-52b8-aac6-ccd456a118d7,0,0.14132926449564726,0.22629014
5b3e240c-b4c3-54cc-a3cd-81364a0c61c3,0,0.03622776639859072,0.19623166
dd4b99f1-c9a9-544c-a862-74570fd98333,0,0.2671563890315869,0.23564634
018950bb-3938-575f-bfcd-532d456e7aab,0,0.21965669229706558,0.1906421
392e592d-d170-54fe-a878-8aba31c126f2,0,0.1538194794393572,0.21287473
16fb9428-403c-5df0-bcd3-e477228da3c2,0,0.45927330784454895,0.5682133
141a0214-69d3-5636-8c09-47f1e6d34142,0,0.11982315207899964,0.15042402
523dc2dd-103b-506a-bd21-10069888f2fc,0,0.1911360356524984,0.4193332
62909ba9-c659-5633-b6f8-f6752b7f84a9,0,0.13745494782972162,0.32569668
3baa117a-c6a8-5b9d-b0e4-afeb63711a78,0,0.08643852153892376,0.1584363
fbe0c2cd-05dc-5357-93a6-d8641464c479,0,0.4923221784572536,0.27089563
0d1fd4aa-7bdc-521e-b23f-6371c07b1b6a,0,0.5108099775085521,0.41877678
69356300-11ea-501a-94f3-6ea41010a699,0,0.272575269287132,0.26716408
ecd93ca5-33af-5fbd-ba41-035127b79584,0,0.9972327719175859,0.34493282
3eefb9b8-ca74-5648-a6fe-2e6915cebd4f,0,0.5952494835146974,0.6734559
261163e8-f43a-5267-91a9-b723d8f9d27e,0,0.15302976258316509,0.4208054
c60ab3b2-e602-5a4f-b152-7d9def8c88d5,0,0.5004681066461808,0.38861617
e6c2ca3b-b7ea-5742-892d-d890afcd67a4,0,0.08870988556372908,0.2104934
8fe0177a-41be-59b7-aa74-c2de1b7838dc,0,0.33334843992425617,0.40534115
a5458163-6be7-5721-8b13-9e8d21996f50,0,0.1238980319498146,0.1913292
8ff266df-b013-5c0f-85ea-0f8593c80448,0,0.24103407614286648,0.22327149
6c69eff7-e1b1-55ea-803d-92364c15b930,0,0.4265844801281346,0.34800977
1f030aee-b5fa-56f3-acc3-d401b82a023c,0,0.0007644640840478093,0.37020898
0a1ea89f-9de4-5424-8972-c0b3f4c1a49d,0,0.39065429990472106,0.41382545
af4624a3-f60c-58ee-83ae-5cf988aefa04,0,0.19804780934643426,0.23412271
cdb2d9da-f35a-5a0a-8bf2-109fa5611894,0,0.10535259206176538,0.20971943
13594325-58dc-5550-8201-3ea5598bf9fa,0,0.12025691087382101,0.220874
738dc565-654c-5a43-bf57-80a3619fc633,0,0.16231762729898833,0.2399427
1872db2a-3b81-539b-87dc-8423ae8c852c,0,0.4466445460724684,0.23842373
b2ada384-f7d6-50ad-be23-b091406d2ddf,0,0.7130270222447045,0.23338449
7268e0c5-e173-545d-a938-e60385f0f9d4,0,0.9896907731837672,0.61418456
817870dd-2496-5096-9f1e-f0b16c217afd,0,0.055833173498338606,0.3355367
46a2b01a-573f-56c7-b52f-010674383923,0,0.015671144731623694,0.3010174
1f65fcf6-798a-5507-b27a-a0523daccd34,0,0.07092860521437153,0.32130396
b8f00f59-a18f-5280-8a18-b287a8a42a13,1,0.9771764660260522,0.5486092
3139add9-9534-5e2b-9ce2-95ed86cd1528,0,0.28218119298652716,0.21396153
a4d652a5-d81a-5be4-b725-d6894fdbbe3f,0,0.5647338913903287,0.6553528
0e98f9ac-355f-5484-9e7a-a3a73ee22bd0,0,0.051349484677205716,0.14545469
f1829aee-4067-56fa-b8ce-e2bd5629b173,0,0.21343202479360562,0.30993646
5e8a1d62-cb17-5401-9702-b27873f50852,0,0.06482187888676663,0.17428616
027107ad-3548-5bfe-aaef-964b56dd7caf,0,0.17338201253461827,0.21310146
a3e37459-3cd4-5465-a85b-e8df30b18c21,0,0.10695934893886219,0.17841993
173c35e5-7fdc-5460-9cf1-2fb2f6de0b5c,0,0.042371580260683175,0.24302278
e48243ed-6b07-53e8-a9a5-213868730d24,0,0.5787955815910816,0.21746095
4f8842bc-b1cb-5b84-8bed-1c4697fe04cc,0,0.2242595334218584,0.41832405
d55cdd87-4a46-5482-9090-5e3c1934a7ee,0,3.136480699744552e-05,0.1927524
a31d7598-6a5e-5218-ac8b-64b4de20331f,0,0.06804740265488463,0.19347599
be414c22-6043-5713-80a7-317e46990adf,0,0.2006430971795688,0.17800957
8ad1740f-f88c-5843-8341-3b8e332da6d2,0,0.22239581794686347,0.4760677
16b7c617-fed9-5824-9e81-53942c422f88,0,0.2300867616334896,0.5682112
314b3d49-7db8-584f-b13e-a067b012aa1e,0,0.02570810755949349,0.24593948
7f810dfe-98bf-560f-b35c-d52f4d37a0f0,0,0.20653704046989385,0.19231999
607b07cb-f4fd-5b16-980e-352d78add0a6,0,0.4426327934507938,0.4545775
ef840379-b566-51f2-ba40-b73169bed33b,0,0.010256282516571699,0.17229356
38067934-d8dc-51d0-aebc-5bea1625f120,0,0.36155710021961546,0.20102637
4b1395c7-f691-56b9-8f74-816e6a521c53,0,0.21952767728660252,0.16630436
8d539d72-9333-5eaf-b869-d76767c725cf,0,0.2139570176236871,0.19567919
0a2491ed-c9fe-5279-b993-aa52c3be6bd2,0,0.06851921156558922,0.19920151
6d271661-c1da-53b4-8c34-79d22aaa9e4d,0,0.05580930449371513,0.23160887
1c165a50-9808-5107-9b60-5fc1b9145602,0,0.1972895920009023,0.22455868
e68a591a-da7c-5406-aeb9-7710d5273e46,0,0.4074124100786646,0.23438497
a4e6325d-8769-5c9c-9814-be7c00214253,0,0.01953144204212669,0.15350118
189b2ba0-0dbf-5b15-ab6e-739bda1cdf51,0,0.4789216345698441,0.2671956
51c74e8e-6e63-51a7-959e-24d361d53352,0,0.07795816994278958,0.18986742
a2d28b23-1b69-5768-9313-13f07ed6f39b,0,0.16290153890302814,0.46107247
33e345bd-bf1d-563b-b0c9-a2f14adcc6c5,0,0.7711986317068218,0.51695395
fcb7510a-192e-5860-baff-e004e5e82a60,0,0.18208341567041134,0.21079646
ae4161f2-dbaa-56e3-9b4f-3a528951bb57,0,0.7233129815526563,0.29390347
cf8a4549-8fb2-5796-ad6f-47a2f6f6bf89,0,5.61170190722129e-06,0.18208805
16919d70-d744-5379-8800-2a2cd452cddd,0,0.32848833535378896,0.462256
09e4d023-8f01-5ad9-ae1d-a12f01e6c8cb,0,0.2007875961511362,0.29424384
a4c8b200-2e4b-51b4-b3fe-0f761fb66794,0,0.12257102183721318,0.16428454
41e9b2d0-acd8-5064-a518-8ef5c016a0a0,0,0.5373687157935954,0.3456872
d8331f20-f942-5e92-bd48-9573ac70ff30,0,0.39065429990472106,0.41382545
53072c5b-aa8d-53c4-bae2-b82a73499083,0,0.21275350221538514,0.31577522
8ff16fbc-55b1-5373-8319-edea1b95e5af,0,0.1517588315862623,0.23430116
e95b5365-cb6d-5d7e-a853-f4073a265f01,0,0.18779114087773058,0.26542994
04c42fae-f840-5808-b24c-39b423f6e44b,0,0.4468714162064585,0.6109779
4763ee97-f1e1-5b89-8039-8466e43cebb3,0,0.21338743254214265,0.18067735
b7388b4f-f65e-5032-aaac-586448114e12,0,0.11073335638312204,0.21964592
02404270-8267-517c-9840-ca9aa48b95fd,0,0.007423764496204857,0.14387678
237dda00-1983-5a1b-88fa-7f725124f71d,0,0.3731264880982327,0.37993443
45a3fda9-ce9d-5963-84a6-103efdd0080b,0,0.1175965635097469,0.18857342
87400683-45fc-5e46-8738-d72826fa10af,0,0.39065429990472106,0.41382545
f93e291f-c8af-504c-8b0c-6b44579abce2,0,0.038464466665114126,0.1687626
8a9530a8-9f2a-5781-bf22-ade0bb992f2a,0,0.2530142438682862,0.19656907
c50bcdcd-33bd-5dfd-bf94-7b071ae30beb,0,0.20857670624119362,0.20619595
4f6e1532-c5f2-5bab-82d7-e37c53abf287,0,0.016783558165315227,0.18935458
6c6aee28-a09f-5a02-b715-4ceb944f4298,0,0.18326660422224655,0.30537978
035b2c8c-415a-57c4-8745-c2a69c51c67e,0,0.10085116395375786,0.27920607
b1e7dade-509f-5cb7-98ac-d3f708e98afb,0,0.39765585139062964,0.31665337
57db2ad6-a0b9-56b3-acfb-b7f6d9cf1953,0,0.8525922214088903,0.6041217
cb11a809-674f-54de-aaa3-9fc16e74148d,0,0.39065429990472106,0.41382545
74e837a8-ae90-5116-be0e-bcf997274f40,0,0.04074035150967605,0.24057561
20d95174-69ed-5d5e-b50f-d8b30bfdbc68,0,0.39065429990472106,0.41382545
d03a1157-bdd8-530b-b002-091dc183c717,0,0.30541047582017605,0.34612292
c5334943-a708-520d-a9fd-9f9b525594bb,0,0.0986504608980561,0.19065021
b2edbf46-f1db-59fd-bfe6-c4b64113c89e,0,0.006206191204289056,0.24409483
a321e517-a3d1-5bdc-8ddf-cde3f7c6d362,0,0.03735095396774013,0.2381795
7b1b8007-6af0-530a-af7a-52e92027faa9,0,0.6708373467122701,0.42762777
035960d3-2ab1-5ef9-9951-26aa98ef5aa4,0,0.515105369012893,0.22993237
84f8f230-48e6-52bf-97ba-fe70d0073972,0,0.18897611707800252,0.25504264
b086dfe9-f34b-5171-abc0-d218f7952d5c,0,0.26717880696795204,0.3127832
50799fcb-2fbc-51e6-bd8a-2534205bda4d,1,0.733903347093878,0.56928897
196fc751-ce42-591a-9b49-5be070a8b5c2,0,0.37973883608617487,0.5759874
4ba0bc78-5c64-5e29-915c-3321e43dc530,0,0.1244785530176153,0.5894448
916d9b23-9063-5f80-b742-3e595cd4a603,0,0.10522814092957866,0.19651999
7d59a06a-5c81-5205-a976-d33e127b4047,0,1.3110433239940558e-06,0.2287861
56516411-bcca-5eb1-8218-36a301f0a1b9,1,0.03771107659095451,0.31144065
b3d57f4d-039e-5625-976f-d2c4f60e3f36,0,0.23048785261936486,0.56843245
93318128-5a2a-5602-ae25-4fbb716be8ff,0,0.3825380932394716,0.47649026
86312289-899a-5fa2-a70d-69ddc16f949d,0,0.091300903360077,0.42467633
09c1cf68-7a44-5217-bc19-ca617ca1bfaf,0,0.03878897875190297,0.1929831
2d8d4f51-4c3b-5fb9-8415-ec33f3ec9da0,0,0.18524617371418434,0.16653596
531d60c4-9198-55cb-b9ea-820b868ea57e,0,3.752116751290919e-06,0.2840433
4224e994-0739-5055-b9c6-fa655121f17e,0,0.4540469614286048,0.45520046
e59d253f-4081-5eed-8156-3ecc4850d09e,0,0.00014781030951649586,0.32406902
54089446-8df6-5609-8105-684d23d5ca91,0,0.5877977006119854,0.44763088
95b08527-99db-55f8-b650-ecb2f3164d20,0,0.8197932059991823,0.19542187
860605fe-815e-5036-986a-8487b47576b5,0,0.39065429990472106,0.41382545
f538f58b-8aa7-5f61-b398-7b3f9df9ccb5,0,0.7523274906154588,0.46830857
486530bd-7857-5b5c-a6be-568f1730cf6c,0,0.576155540709328,0.20125586
56a1e247-57b3-5972-8377-1d27701d271c,0,0.3073056859168625,0.2689449
feccaabb-7138-5bfa-819e-857a4d15a4a3,0,0.002481535718824437,0.22396885
48f2d533-45ba-5c43-a07c-d513b421750d,0,0.31000754870058844,0.39640766
f122e8e1-17eb-50b7-9ec3-10293ddc74ee,0,0.17479767106801838,0.23597066
328dc939-47b1-59b0-8094-406dff60bf55,0,0.71835997890359,0.1999367
8c1432bc-c752-5298-ade8-15f7bb6a3d4e,0,0.020002232702227472,0.17745031
225531f5-f5bd-5552-b74d-c5c095112f08,0,0.14777819747223864,0.22662829
d483587d-00c4-5788-89de-8a83948bf3d2,0,0.03674501726046207,0.26396692
d5d05467-de29-50a4-9ff0-74b529fe32dc,0,0.3634310615574998,0.32142693
14a75cd9-5baf-5c3e-af21-64cfe90ae8b5,0,0.0206372483816754,0.57075363
f6ac9eb8-50c0-5c41-bb1e-d84c69b64976,0,0.30731857160308984,0.24354948
8fefaaab-00b0-5a6f-9a59-d95c553812ea,0,0.055840227664487284,0.35134187
6468d8d3-0b10-508d-9a75-b8d96c6e3510,0,0.09914500994770342,0.3261443
461db66a-3548-5a26-920d-f043eec306af,1,0.9996620614449314,0.7501716
772d68bb-a512-58e4-af2a-204a3e109428,0,0.2949850956532114,0.20965344
fac69e2c-0936-5f6b-a75a-3df2dd7f2a2b,0,0.19261845030853814,0.20566499
b6fc5ed7-a401-5801-891d-50368d4e7aa1,0,0.24466847960937144,0.31609544
a0dbbefe-7ecf-5436-a8b8-e8d58d376cce,0,0.08082757113934018,0.24962357
b330737d-c95f-5d76-80de-42fafa2b550f,0,0.014006590777832714,0.1411351
39caf354-97eb-500a-be16-a16426e5c64e,0,0.2900571532525454,0.30022925
a8a9d31b-9a2e-571a-9abf-819624690913,0,0.13707082360034853,0.18229601
1cd432be-aac3-5717-abdc-539323ffc3a3,0,0.37604321655478856,0.5013824
7016884b-ae13-5b74-b90f-013a1923ba6e,0,0.4560788844269248,0.3622322
a432c0f9-180b-5224-bf5d-6ca24bc888ff,0,0.39065429990472106,0.41382545
1c79be10-db5e-5c7f-8103-79c3e447ca4c,0,0.022304209830636062,0.14053217
cbe4a132-1be6-50c9-875b-ba2bb4f9fda1,0,0.16786810538260755,0.23777482
a2f6edc9-371c-5e94-9527-3451c27e244c,0,0.20464990850837783,0.18482488
1ef03c24-18c1-5dab-a907-06dafea22047,0,0.2840470902985692,0.44282913
409920b5-12ad-5ad0-92c0-9fd3a30961f1,0,0.389345211574601,0.3233496
55b2c29b-8b0a-58f9-a389-155bbfec1765,0,0.3401755760211231,0.20323485
0bd43853-86f0-5437-ae4c-b1a508157264,0,0.3108902648772716,0.19519289
e7761f70-de9e-5f03-b00a-7b291c430608,0,0.17155097701979719,0.17728163
54a0d682-1c42-575c-9f9d-391e0e4de01c,0,0.3284783273937833,0.42612383
ea655ca3-bd6a-5df2-8623-165099d30f9d,0,0.021588980204344053,0.20775318
b0c55647-43bb-561e-8016-5e9e79f503ff,0,0.29680077515630654,0.1939331
cba11232-7a35-5a91-a650-fbdbeecdc7f8,0,0.2680031216923365,0.18486808
aa1216e3-b4cc-5407-b3c6-87bd577ebdc9,0,0.2185047202988425,0.6427022
02788d68-878d-5098-be85-a505817703e0,0,0.3427118017966763,0.1714045
df055301-45dc-59a2-8075-613ee7dccc61,0,0.7606503740569781,0.5166706
c679d07f-058a-59b7-936b-749bb50f61d8,0,0.11626759364566376,0.18857342
8eb147ea-9f00-51bf-aef0-63ff1a5245fd,0,0.2748223452322431,0.43913445
c828a6a2-0df5-5356-822e-47a57c09b6c7,0,0.6521217831445194,0.21597035
6a024c78-ff7c-56a5-a2ba-1f3ed642fbf1,0,0.2113607113649962,0.20122369
c6dacd57-e65b-55df-8538-78a392156afc,0,0.12727251860543878,0.20365123
74350524-2abb-5259-be06-7136e98e331a,0,0.9999009792059333,0.6303145
cf5fcf42-adb6-531f-b2a8-a0f87f03b3e8,0,0.018719707400189113,0.17695042
f1229032-3be6-5e25-ad4b-a8090ffec5b8,0,0.3912457833230377,0.578188
16a7a4e2-fe13-5660-ab4f-1ff8796c0379,0,0.31049012886222543,0.15721877
6c131d5f-ffca-598c-a8fd-80c3c1959f29,0,0.19541407154180687,0.24474978
25269855-e6e8-5916-b0ad-8b218d368b6b,0,0.31310016916204597,0.26022246
b1619545-6f73-5e74-843b-93e6de586fad,0,0.15808810120415598,0.24567674
6465899c-24ac-584b-8d4d-b385f21c8722,0,0.7304534254382538,0.47459215
c23fdc65-8205-5607-8139-1fbdd360f128,0,0.2818233680229401,0.2455664
270fffbc-3f02-5a7e-87b6-39be0b394374,0,0.09500327037202881,0.18642662
50fcd666-cc60-5125-8361-f20acf82dcf6,0,0.014319302139412333,0.15333395
45071ed9-5fc8-5f93-9fef-f171ce24439c,0,0.06658983511750324,0.13655931
2d35c934-05b7-555d-a9c6-fdd721074b85,0,0.12300372737299355,0.21427283
0ae6c5c1-2625-54c8-a6ca-af47611f71ab,0,0.05546132928110491,0.17866963
425980dc-4b31-5957-9310-a47a647e636c,0,0.35617973036393474,0.39759234
3cc3e862-e0fa-5fef-a202-643058c2d6de,0,0.39065429990472106,0.41382545
6ee448e6-668e-5529-8cee-933affbd6ec8,0,0.39065429990472106,0.41382545
3f9ca80d-7842-56fa-9f1e-9655bdf75760,0,0.11967709986821837,0.33789274
3fafa9c2-08fb-5abe-b3a2-39f4077f3eb7,1,0.8628920199732377,0.63043964
a5436c60-eaeb-5e1e-90a0-045ca629b099,0,0.39065429990472106,0.41382545
bae21302-62e9-5112-bff9-ccded070e5d7,0,0.04832257859567977,0.16223578
675c815d-6775-5c10-951d-962d753fabde,0,0.39065429990472106,0.41382545
f68e0962-3e31-595f-bad8-646a89633de7,0,0.39065429990472106,0.41382545
34be52bb-a6b9-5512-9d26-f58d1e4de6ec,0,0.39065429990472106,0.41382545
f2326806-ca45-5b79-a403-31c0a7a5c402,0,0.39065429990472106,0.41382545
79db756f-0f6d-5284-b598-a3468d814bc6,0,0.27496114956045636,0.2238843
56528698-6bfe-57a3-a752-790fdd86e587,0,0.39065429990472106,0.41382545
05dc17ea-15f5-5d41-a265-0f2ef4b17cdb,0,0.20804455676311806,0.18169154
11a000d9-d192-52e6-b3e2-1757a1b022fb,0,0.28918155568678167,0.269526
ea634985-8597-5d82-91b1-f5ba91166494,0,0.845064658031225,0.18030593
809f17a5-f4e1-5a1c-8c10-c1ec837b25e3,0,0.1144302912711701,0.35016483
4e3b6690-a301-59b0-8870-cc16f9049aba,0,0.1590737883580212,0.21263403
56ed1f05-0905-58c5-90e7-09c802f11fc3,0,0.0002471838781762227,0.58083206
de43cc20-f6b9-5683-a005-18bddb3294b1,0,0.10984597655129426,0.18368028
d3e1c00c-02a3-5fe9-83ae-121181eed886,0,0.36717683088626896,0.37849805
2423f811-ce01-55e7-a298-fe0fdb3fc4a2,0,0.1555799033822667,0.23090585
2d8ecc53-56e8-5efa-b52c-1d10c71c4322,0,0.12298211305675898,0.220874
9e2bc770-8515-5fc9-ace4-f5d2f2a4b191,0,0.07753188607976863,0.16827878
e6b47032-2451-5ff6-8bf0-f1e861243236,0,0.5542215957856187,0.50924575
1793fd5f-c302-5406-862a-9d4dc52f8914,0,0.003724126582666887,0.18072537
e983d7e2-988f-5edc-ae59-d78913ffc420,0,0.4672316683310026,0.20491137
b0052426-419c-56be-9a13-8cd628086365,0,0.018721569278127796,0.16758956
98070046-6799-57fc-9561-5c3f6ac87def,0,0.07265211205756207,0.22769764
bd46c332-0214-57f9-968b-4d0684d65bdd,0,0.39065429990472106,0.41382545
74cc1b54-ca5f-53ff-86bf-b658fc5ea7e3,0,0.17011988043154433,0.1475529
2a014844-f8c9-588e-a6b7-b5718ea3494c,0,0.12413308458930787,0.2549236
7373469f-878d-5d2e-806d-648eec88aad4,0,0.07819329158053684,0.2152874
079c0d63-ad5f-5785-8d57-63f7ab7f3b00,0,0.3198906779077678,0.2621003
00e0665a-ae77-5d77-8c61-26a1c20da690,0,0.5417164099608377,0.4794926
2222e539-dbb9-5e6f-b3f0-d03e234f31b1,0,0.4227954465208017,0.23253961
56c035d5-ab02-5be3-94a3-fe98cf93a47b,0,0.3130153029768742,0.3140607
cd7967c8-6d3c-5cfa-8669-78c397f8ac75,0,1.0506764307144229e-05,0.52338874
d7b10564-a43f-55c9-8c3e-2c99ba64a5ec,0,0.1362119275606068,0.22800484
0cc276a2-15fd-5829-bf15-f7aa9dfff454,0,0.4666859957129687,0.15383013
4799f91a-bd3a-5896-8bb5-6e4a2177992f,0,0.5405346664754271,0.46298823
a8eb7320-6e84-55d9-9575-6ef4095e5862,0,0.09799364887416327,0.20675962
e92abb22-7a2d-5202-a5fd-a49704f8be58,0,0.4430378689785205,0.38191894
34f393b2-191e-52a8-8769-9c8a1f258f23,0,0.06339363506781637,0.25589636
fc988272-af8b-5122-9383-551228e66c24,0,0.28978333905938347,0.23777482
b70ae774-2791-5a4c-ab7a-df93f11ce037,0,0.20834322908042224,0.16345818
0b8b2216-f89b-5952-95e8-c36c5c6f3234,0,0.8698031676964174,0.5990598
416e2bfe-9ade-5c85-9eb0-12c1448946c1,0,0.09826252601860386,0.19906563
084e2544-1bd4-5480-9648-cd079a6c24ff,0,0.21814931097230125,0.28402844
01515ae2-0cb2-5f4f-be43-d0996779bcd7,0,0.1397329658528037,0.16777156
9e975bf1-a4ef-5edf-9295-48a29d236e78,0,0.40579073178798514,0.41279146
524c874b-8e4c-5e42-89f7-2cc7f0de51f4,1,0.14123300164938693,0.6346668
41c77a5d-a948-5bfc-b474-f562e42651c3,0,0.2800104931230935,0.36944148
0700953b-5894-5977-b407-9bd3dbfef86b,0,0.1709329445850724,0.19646707
5a8fac3b-987b-5958-97c3-f2ed4ec9d543,0,0.0639352753792189,0.18417597
94dcaf5b-d218-516e-9ab9-ce102c54c50f,0,0.12360161585696702,0.17628479
bd8ca868-1ce5-54d6-8de0-7ef4e6fef789,0,0.5725390437981303,0.36077538
6d5d464f-6f1b-5e60-96d0-d1261b64e587,0,0.20826567325996648,0.19731799
a203a549-c43f-5fd0-9013-607ce0c82ab3,0,0.11936732166678572,0.16231821
c167a0e5-0e7b-533a-854f-1631317c8ed1,1,0.24525829438812163,0.24354275
f1c01bdf-a7ba-56a4-9ad5-ef276d0f3b37,0,0.36656389943513423,0.18744342
e4f3bb89-a594-59d0-86eb-cf9498ef0ae8,0,0.15741373585980428,0.34492564
f1909f1c-349c-53e1-9be1-a436f55923b2,0,0.2895629648273482,0.27788424
29dea73e-f748-5602-8cc1-228442d5c748,0,0.12168871699658658,0.17986989
0b104bea-4b3c-5b49-b77a-1847ecee832a,0,0.30860183649918094,0.25408345
204f032a-d594-55dc-8cf3-3552c87a5eb8,0,0.053070756788177895,0.29842126
57fe2e13-c770-5092-af5f-ac1a4ea90792,0,0.020104224599363875,0.18856215
8b9ca6d4-519b-5b65-8928-a1372c82694a,0,2.097795789854547e-08,0.4105799
b77c7a62-feed-5b17-a729-2dad2da1348d,0,0.5118397494083254,0.50599
c77ac68b-630c-5328-bbdf-14b9da527ef1,0,0.26474477621220843,0.20833035
a1d6c340-3e48-568a-be31-308edf886105,0,0.41777648781512966,0.21918558
cbde9ce0-6097-5431-a443-c360f3e8507b,0,2.0865124006445264e-05,0.2788982
452b46a5-9082-5e3c-aa34-f84b5695cd9b,0,0.514029677241432,0.4972307
34b1c7ec-44c1-5546-a173-1988b97754d8,0,0.9998540702429121,0.38301146
2a088330-bcd3-5789-99bf-0ce8ffa393b7,0,0.053566778235768914,0.34540996
b50ad25d-b164-55a5-9c18-afecb5d2d6fb,0,0.7645006076385312,0.2971401
aef25ab4-0c27-56cf-aa8a-af0442eaead4,0,0.15409919401234956,0.19596328
531720f0-804b-5a4d-95f3-db4de5c5ae45,0,9.03488177434325e-05,0.5576002
f26f3c92-fb25-5070-a1c1-4e79f66f4227,0,0.3040224400873981,0.20110378
bf7d3379-3122-51ad-a12f-ee828b163315,0,0.8966501335075336,0.49079165
fcbd8a76-215e-5d4d-a822-b152e99a42fe,0,0.29306313721430627,0.19417569
98e6a28f-5279-548a-b437-d52abd2a7c6d,0,0.037424319138598734,0.15959357
27ea9f6c-2129-574d-b0e3-2190b6aae763,0,0.2857009576429955,0.45734403
aa9f9e2f-bc79-5c8e-893d-3e29aeec23e2,0,0.08262205126673848,0.22536205
e819da75-abe0-57bd-afe9-b96c955ebe5b,0,0.06391276931939693,0.24100082
71b31789-0b9b-5fe4-8f5a-ce72621cbf92,0,0.30424358218742475,0.55215895
8b5ac78d-aa3a-5e62-85d8-d134b79c1ef7,0,0.166397014459006,0.2653081
6d5ea545-d738-591d-aaa9-2d91857f476e,0,0.1380490368702533,0.2794684
4cf954ec-de42-595f-b644-226a37eddf15,0,0.01583022078474628,0.15798993
e015e139-3025-5fda-ab8e-e49ee1ebad2e,0,0.6713589421953888,0.5728629
fc279782-f6c2-503b-af4e-3e68ad1906f0,0,0.21062190881034162,0.2003873
3c7ef2d4-1fe5-56ea-8c74-f797d71a76e0,0,0.11568866555596116,0.1461087
fdfff5ee-ebce-54a9-ae57-f5c372a29930,0,0.2039304890679577,0.21563902
ed2e4a5f-ab95-5a2a-9583-235ea3571328,0,0.36177769674996013,0.18742765
c21db82a-b600-5b9d-8b96-b410c695b00f,0,0.6710512061227963,0.46875528
f1fd4185-3d2a-567f-8f74-8bf478ae3c5a,0,0.13342766922753352,0.22724108
30667378-f1be-5753-93e4-860d01efd6b9,0,0.9999742266345528,0.70788294
4a2067de-6294-5ec3-a1cc-4fba38d35694,0,0.29329837744613596,0.22790131
4b60c17d-13f7-5737-9e50-4d6133509a3e,0,0.38675824086776295,0.2197575
688314e3-5cc0-5be7-85cd-88bf00fdbf86,0,0.14390236298234158,0.30380645
e90c05f6-b25d-5abe-85de-66733b87d709,0,0.5612764289727059,0.40379545
1743fd66-81ba-5a82-bfe3-90a268dcd2af,0,0.08431575837248675,0.16669461
f6cd3257-a06e-5ac8-a683-b579a4b44c1d,0,0.20984548472803335,0.18830828
05a10f5d-8d55-5c4e-be88-7c28d1b6563d,0,0.4748187955883655,0.47410822
6748e6dd-5f8a-5fb6-9493-fe52eef30520,0,0.13359172884641624,0.20132199
4042b78c-0f8e-573b-ad63-6b59076b8284,0,0.05586878575107249,0.22674203
6891015c-5552-5816-8f53-438ff5a7e40a,0,0.13699042921445717,0.29356155
5b8111bb-cc39-5217-af6d-a9a2b294702a,0,0.006256616934151655,0.5093099
12a90262-74b4-51b0-aba2-4beb975ea956,0,0.4229720358897804,0.30471098
4a7b315a-f64e-5c03-a7e0-fc727b459b5f,0,0.014876681255319034,0.13329883
49c5af0d-33d4-50ee-8463-2f8d6862368b,0,0.1711938235120371,0.22702524
ebf5cd44-1030-5039-bd0c-1be97c0d5206,0,0.18080252594552843,0.22504795
a095dc16-cc16-597d-8fee-74ee97a21f72,0,0.3563099038672041,0.19184306
99d9c85b-d475-523d-aab5-9248fdae2ce1,0,0.37816224066292903,0.46657035
4a9df8f4-e96f-59c1-8e4a-ef30519ecf3f,0,0.16347879296182227,0.24700314
c4c2811e-0fee-5fd7-87ce-cdf3054d9d64,0,0.43835406654128534,0.34051993
666f361a-9885-5c32-b30d-ba8f9fca8924,1,4.331898362288323e-05,0.45409885
ccf81fc7-eed4-5474-8d2c-d8b4787d29a1,0,7.832713145049755e-07,0.22674428
d733dcb5-bb94-58ba-9ae3-02f1c058bf78,0,0.37779568785198964,0.5581302
4579325d-990b-57b9-b094-942d515d6671,0,7.479201190533129e-05,0.28731003
4c850a03-f58c-5b11-b044-bc59bcd2c664,0,0.6050391639450695,0.15609808
265b1859-c748-51b2-9665-6de486d9acc5,0,0.0006973607222604502,0.5374603
b02b0840-32a7-504a-920e-ea63bd78a38c,0,0.1334586124052323,0.22466591
ac7aeb50-3f39-5412-a898-d6e3b9d92f77,0,0.19632737554515034,0.19776702
962acd67-b0b9-550b-955a-bd097b99bfa7,0,0.09440658068639757,0.16944917
d200c171-5162-591f-bdb6-6e40c88f3c0f,0,0.20850865997520604,0.2003873
b14ce5df-51bc-520a-abad-ab5a90b7c6cb,0,0.10372487733484265,0.35635284
be3365a7-eb4d-52a4-87af-e5c6c623ce89,0,0.11161149778694548,0.36638483
489234cc-ed08-59d0-a044-4436417ace6e,0,0.2896259987806729,0.32792753
0cc8a89d-b09c-55e3-86c6-a60cf1072644,0,0.16269352546308433,0.26678383
4be8dd1d-327a-579e-a3b9-1d2dc057e59b,0,0.1628276519111822,0.40307096
a81aa967-5da5-50ef-9e84-be90f586ac81,0,0.1169556402944693,0.20931347
ad9810b2-5337-58d5-bc2f-515dc27b8804,0,0.20774031561467707,0.5552252
49e4c8b4-29fd-51f8-bc3d-f37f9482c558,0,0.15360408549331978,0.17662302
87cdbc9e-9c10-5cac-a4bb-644a311c5181,0,0.06862812328820064,0.18266729
578c516a-5ba7-5bcd-8293-c5f9a38493b3,0,0.013707953611500897,0.16758956
d9fafa1a-875b-512d-a702-1e79497d0d24,0,0.11591016556668389,0.34335405
7dd10533-6170-5950-be2d-b58011945bea,0,0.061065324759742676,0.19095823
53e399f2-7c79-5f56-b58e-01499bebc13e,0,0.14913304561796506,0.27497804
a027165f-9745-58f3-96e3-9bbda019ea4d,0,0.3442352832841273,0.33472374
671c86ff-2b20-5967-8ded-0629087add73,0,0.05946056858311818,0.17528106
c3a01f87-994b-5979-9ccf-52995170bcdc,0,0.0130405944757323,0.13264218
45f0c4a0-05cb-5b41-a151-cc68cfd07ae3,0,0.016915846571597108,0.21514244
1492f44c-06a9-58eb-8321-b022b34c9c96,0,0.04500879696490781,0.2666666
6b123de0-505e-5bca-9ae7-efd3eba36536,0,0.025118003472603196,0.34850416
ce4a9019-0560-5b15-a77d-777276cc32c9,0,0.3234017249090231,0.22060414
1271ebe9-c73b-57f0-8912-ca4210c3ce78,0,0.049983155618829815,0.2242761
1878316c-4356-56ae-9f06-fd214c3439b8,0,0.22463097359285913,0.30553743
93bcf904-f92a-57b1-ad20-2001509f36c0,0,0.11466294925618675,0.48182273
169cc2e5-99bf-57c2-bcda-5afc5a35ab7f,0,0.14660677127926094,0.60401195
59314d31-57d6-58c4-bae0-23f30375ecf4,0,0.2841087774738338,0.38097042
21d75c5c-a28d-59bd-a8ef-835b2a4ca2ef,0,0.09568245664832685,0.16777156
7cae056a-3707-59c1-88d1-682def4ce861,0,0.1726102392725224,0.46988112
ce5aa9f4-b920-5d97-b96f-caa4fd968842,0,0.30400706624181767,0.21682245
2357ac60-6f64-58e9-8dbe-0e1166054261,0,0.2037143619821357,0.2925131
ec641412-67cb-5f4a-a1d4-fe3b01de2818,0,0.009426020595090144,0.1645593
45cbbe31-449a-5888-95b4-563bc5ec1ead,0,0.5350850595922262,0.1411351
bcbf5b22-5c37-5e22-a221-13eda786c998,0,4.145170426810557e-06,0.32739684
49480ced-a449-5b43-96f6-34c253559a7e,0,0.25758525840708935,0.38336763
bf99ba00-5548-57ef-8a58-96414e245a3f,0,0.5786226326443868,0.3874401
dafd3bcb-1465-5484-b1fc-856d3455e543,0,0.04155646990628758,0.17631416
2b48209a-d766-57c3-ac30-7b1cf8535d74,0,0.10851521220745211,0.22092414
a6e65257-cb92-5773-bd25-905a0f362422,0,0.08412625547869443,0.17035508
a22b4044-aca9-5ab8-a7b8-f43e948dcec5,0,0.39065429990472106,0.41382545
01eafe6b-1382-5b6b-aaa3-cce966c989e0,0,0.168479380236633,0.1555251
59583745-cb07-5fd9-a071-37371332a767,0,0.03407618258759773,0.33891544
6a0c87f5-cb61-5d84-855f-7f31f22e5aca,0,0.6279405958597464,0.3253965
e2034297-d561-5aa1-884b-674a3f22ca9d,0,0.08781121353176326,0.18555965
11e2511d-21c1-5331-aa12-e7056ddc4427,0,0.5520230544756345,0.20554537
400186db-bf7e-58e8-9a89-afba3d66bb74,0,0.041722867905793486,0.16371934
879a71ed-1eaf-5aad-bca6-ba86d261b2e8,0,0.4357198128344882,0.391266
44a52a01-1917-5fc2-8e34-c8449b0f2d0e,0,0.28732117365458754,0.17823207
ae70218a-a112-5bfa-968f-4e694da26d8d,0,0.39065429990472106,0.41382545
e9f70f51-0147-5360-ba88-2e268ec10c3d,0,0.0687162554477085,0.15032434
f058c077-1849-597a-b4f5-a1107c8a43b9,0,0.28405446351230634,0.28735942
c20cfa93-534f-5f0b-bb52-c5c5318780dc,0,0.12162008651546988,0.31146538
f9d5d65b-b777-5f90-aa8b-13a6e16e9900,0,0.03269356297156009,0.14525516
ee307917-9187-5010-8090-57ea6f53aa3a,0,0.39065429990472106,0.41382545
aa647690-df88-5188-b6a2-81b7e4f97bd6,0,0.11549009082342909,0.21530053
09c0aabc-b725-5063-9bed-18fa42d594ad,0,0.2496651499467133,0.18023996
db7bda3e-d38c-5c69-b093-5adf0365add6,0,0.39065429990472106,0.41382545
21a5c5b9-3177-57c9-8908-914bcdd2b620,0,0.39065429990472106,0.41382545
784f2fe4-cea8-59fd-9a7b-a3525a482f73,0,0.2848936938644926,0.46971902
d002e67b-db0f-5073-98cc-c6e833121a59,0,0.025686162333585276,0.17637166
10d780f0-f437-51ab-ba54-e2fee78f931a,0,0.0827116830004039,0.1446173
d078ebb1-0a73-5b97-9be2-8528d064f58d,0,0.03768668306202599,0.63289344
87610a49-d8fc-5432-8a38-ade79bc7bacb,0,0.9472984751318224,0.5391646
c311d6c1-9e98-5ade-9d2b-7ae52474edc4,0,0.3073016257591142,0.20965344
43c5edb4-800f-5af9-b188-749bc87b46e3,0,0.44297511706286813,0.4728636
17c59f81-be4b-5e60-851a-d1f68c7b2850,0,0.12521486553654648,0.18857342
fe6491d2-ef08-5e31-9f9d-1c1e6660e276,0,0.3772044824348885,0.4484659
c3d2b50a-6571-5eaa-87d6-8197af30a487,0,0.436132488802329,0.22790131
46d5dd6b-de3b-5d33-9e29-78b374dab513,0,0.39959632564788605,0.21079646
bdb33a14-2e0f-5650-9253-9a89663b4d6d,0,0.2220546403214433,0.46589163
ecc6da4f-73ea-5516-9654-ea0c10ea553c,0,0.39065429990472106,0.41382545
920a849b-56f7-5c1e-88e1-4a28d1233b40,0,0.39065429990472106,0.41382545
5c496e83-2cfc-5647-8600-c054db210f1b,0,0.06825544243165577,0.1635907
fb7e6898-2c2b-5e37-8e55-9cc5ae6401ce,0,0.39065429990472106,0.41382545
b44f62a3-32be-550e-aaf1-930be76888c4,0,0.3918915477632633,0.3048573
90ce231c-f7c8-58ce-b542-b6b04cb755d0,0,0.4793981553125621,0.31915963
5814e041-f402-59a6-86ff-9720cfc46ded,0,0.39065429990472106,0.41382545
1a161c2a-db2f-5112-b9be-059f3c7575de,0,0.39065429990472106,0.41382545
9414c844-6b4f-5400-a296-d78fa8013e9c,0,0.39065429990472106,0.41382545
83077dd1-a291-534c-9d57-62b157a72b32,0,0.39065429990472106,0.41382545
17ccd80c-3854-53b6-9510-ef5376e86e69,0,0.39065429990472106,0.41382545
5ec5e0b3-84e3-55a6-ad35-2832ebf0de50,0,0.39065429990472106,0.41382545
00f81f4f-dc51-5547-b5aa-bdc68cd0ded2,0,0.47536859600488,0.45939147
1e33e5a4-332e-516b-9c70-c4b864e7babd,0,0.7051105081641091,0.44786534
b638c351-8eb0-526c-b664-ccb0775c202c,0,0.8205474124852112,0.50819916
655b74d4-1f70-511a-849a-b86c48b2ffe3,0,0.5161996812169677,0.5442405
5992fcf3-3327-5b40-b038-68f70c9d8895,0,0.5552814154017529,0.18039756
97318a0d-ff9b-553f-98a4-862319433e07,0,3.364067173887905e-08,0.5271622
cd302098-671c-5ed0-af72-5f436cdd97eb,0,1.452933839917633e-07,0.20725353
87dc3b73-0bd1-5300-a9d9-b2f62fd765b6,0,0.29606977499290665,0.3044701
8d154710-becb-507c-8737-a61cc3f48d9d,0,0.12882288184261606,0.36281556
0e764240-a45c-56bc-9734-2be2a442549a,0,0.06624461795440029,0.16983464
3a1a5260-4f8a-5b1a-b186-ec20e549107a,0,0.21752279390366305,0.4200531
a28c7f81-4beb-56a1-b41b-b8b5d54751b0,0,0.05548366443343871,0.18578336
08798180-72b7-56a0-b4cf-3985a77ca806,0,0.6968550670188689,0.4928458
4c9fa156-cfe9-5848-a880-2911a50f2945,0,0.12050325035473285,0.24986942
2794d84b-29b0-5c74-9d8a-d05b76203dd8,0,0.028416680028572668,0.16362032
cdab70f9-27c1-5bf5-a648-6ebe8290cc9b,0,0.007778900805769286,0.19538537
9bd7aa0b-9bb8-5b22-9382-71706267da2a,0,0.5469551264219382,0.5642933
2b8d5c13-0504-543e-8073-b63e6d959905,0,0.2576293459654173,0.43186384
22edbab4-a196-52c1-aa62-51dff6fe12c6,0,0.0006996882576986885,0.2464602
afa521f6-d770-5c30-9c9a-cdc3a13a0514,0,0.7519523530141946,0.35065186
e6c06722-5dd6-5091-83c5-9f6b1c9cd925,0,0.09277274954297234,0.1508398
a41fcdf3-c2e7-5f74-b163-4d720a156416,0,0.14528856420412448,0.17885101
c45160c7-e493-5c50-ac1b-fcb4fcbc4eec,0,0.08400415340778974,0.19035496
154e3d29-8b59-5a5a-b72a-e44aa6d24b2f,0,0.39065429990472106,0.41382545
64f88d12-3368-5451-b1dc-0008600ae142,0,0.12335389474280316,0.2762729
ac6839d6-69b1-5926-8003-675dfd7f6665,0,0.06121864335181957,0.17886713
ca1e8576-92c9-54be-b368-d15817009a34,0,0.7575555201727264,0.27348322
88de0a26-db2d-5db8-8a13-8c2a03ea22ed,0,0.20541150833885946,0.2505254
94f86941-99c0-5fa9-9f2e-768c0d4950da,0,0.2720589312790849,0.3086934
3c1d0ec2-8c48-558a-ae46-c4e9e62e0159,0,0.3314823621026701,0.4253702
e4eda001-d782-508d-b43f-0c717cdb1038,0,0.5404866465991174,0.36141166
b5815859-7cbb-59e3-9604-17453c35144c,0,0.27287028324427837,0.45203638
dcc58f34-d5d7-5e3b-8ab9-32523478318c,0,0.5921981013612777,0.4337936
ee4acdb8-0948-5c0f-a95b-c91a44b03042,0,0.8857475984912281,0.5442684
1457fa85-593a-5451-922d-029579037d7d,0,0.9997340578684234,0.77841103
33cc6af1-346d-553f-9196-932e3b24fd89,0,0.4981849230075116,0.49336934
757200b9-b989-53ec-8243-c3bcf397128e,0,0.10332776572856354,0.3082143
dfb5d2c0-5a6a-5ba2-9f42-bb7ab14c952c,0,0.7565800798166116,0.39575475
70bef206-ec39-57bb-aacd-727fd4ea3b02,0,0.004909167569869336,0.1397563
b5309481-45ea-5fb7-8a45-a0d0f816f141,0,0.16018693144578397,0.48321876
e5475f3c-2387-5b07-98f3-7b5e8495f00b,0,0.24898600087140613,0.18372332
f8f7977f-1e5a-56af-8848-a0cdf2694cba,0,0.10305065891995638,0.20787233
1d461e9c-d8c1-58f6-bcb0-09da798eb610,0,0.3040260387856468,0.1813844
cea3e1b9-d715-51ae-af8c-4b595a4eec0b,0,0.22926138555845949,0.28165713
93997a04-543d-5da8-8a72-27fa56e952da,0,0.16268020418611956,0.17694868
b5a2a988-0138-54ed-84d8-f0e5240a0e56,0,0.0012574436606505425,0.21833517
d99f928e-dca0-53b1-8990-53622402c695,0,0.007131535463969386,0.26149768
d6c79b4b-55cb-5de7-af22-64564a4879bb,1,0.29364268440576485,0.41514674
a76817bf-0b31-5858-ae90-4b33b5ca3e29,0,0.16654587234111312,0.16653596
7cea9fe5-f60a-546e-a807-d6e0b20b4071,0,0.6656200507533825,0.35265085
41ea4165-0069-59dc-9d00-6409e99d5ea4,0,0.048534686289204265,0.2978914
9958cdb6-982e-5a05-b051-8d49a0a84a18,0,0.044054867818612876,0.18861975
ecfcd34c-8e25-511a-9caf-7e72329bef46,0,0.099124418955716,0.2684807
bcef7397-7086-5260-8ec1-e7afc9adf3e4,0,0.36974642573121846,0.4001592
9b7c3a1a-7c02-5326-9e26-aa9a79b3e2cb,0,0.012048724142430913,0.17770162
f52bce16-f661-5f30-8a77-998974476009,0,0.043971205312668,0.35292885
cb7102b5-9ea0-539f-a85b-3c93f6453f34,0,0.17837618173191724,0.2063646
cf4139ad-72d9-54e7-b67c-56fe4e2e574d,0,0.6106329178903626,0.21801001
e2d3b94d-6a0e-517d-b217-58ae5d2eaf5a,0,0.12164545785490942,0.21427283
8e31b373-6494-535b-8216-8f90a8b7e80e,0,0.8224805972308816,0.57067287
ef4f4475-f6b7-5ce0-9a84-62935c3290f6,0,0.10676494731996218,0.2513055
537df108-18be-51a7-b2f3-2b5a8d7f7b72,0,0.10095248096102995,0.27414382
c4d77701-674d-52e8-8235-da6145f2dc19,0,0.09495399277390983,0.29528052
808b6015-41ae-54d5-af3d-621c6ae8bd4d,0,0.1254946335568858,0.23427479
a8fa7121-6d5b-5875-a8fb-e81715acd615,0,0.36533004108241596,0.20244683
244ca08d-2b8e-535a-acab-442648113145,0,0.0722438383869524,0.28442115
ab2731f0-9d7b-5d96-adcc-67b15ddf57f5,0,0.16043466915434304,0.22972946
dbb34c0c-0c0c-5e58-bc7d-c4ed51a06c75,0,0.03136524459593003,0.29061607
ac5a8a80-5f0d-505f-a392-e3e16efb2d49,0,0.08304984601247391,0.44288853
b24f50ea-44f1-5728-bfec-e7c3476c2352,0,0.08058862378350934,0.20928128
b735f8df-a82d-5e44-8002-a847eb7b1b27,0,0.01429324670750906,0.6637141
11f2aa4a-ef8c-58b6-a2db-349717ef821e,0,0.15930243885210554,0.28750664
68b8c617-fe18-5a31-9163-6318ffc0f94d,0,0.39065429990472106,0.41382545
69790ad7-f27e-55c4-a5b0-2668527737a4,0,0.39065429990472106,0.41382545
9aa35312-9fb3-5ace-9986-ab461b4e2ec4,0,0.3424790410253484,0.20064224
8821e1a5-6c4a-5d7f-b17c-2d4060beb6f2,0,0.34528578524558257,0.21557128
af4b81a7-d2a8-582c-991a-09088ec346d4,0,0.4185006141794903,0.43286994
cd6e55d0-5ba6-5242-a282-7a1f2c8f6fa1,0,0.17997343015131223,0.24439414
0233d62b-1b5c-59dd-b134-b8bbef706ac4,0,0.05471221165058212,0.14545469
cc6071c4-e38e-5cdd-b493-ca3f178d1fd9,0,0.08141800270389173,0.14831398
e0062215-6703-5dcb-8e46-6dfb0b6a01f9,0,0.4218944562709748,0.1889042
e897754b-e7e7-5fdd-bbcf-c54a4e368956,0,0.13499851737904234,0.19690117
1e71f989-a9ef-55c1-8927-d560caa7be78,0,0.2925562404035225,0.1929844
1db74341-64b2-52a4-a9cb-8cc48facfe8a,0,0.07342864752096796,0.2702405
bd6fcfab-33aa-5f6a-9d3d-d79289d00d49,0,0.21151549888636392,0.1871756
04e79a76-1f6d-5f66-8ead-deee9fec4e9a,0,0.2648780268780248,0.29142594
5dba65da-a62f-56ed-a839-a043a833cd39,0,0.1358390950909878,0.3249258
53a4bd0e-1bb2-5028-8289-ef3f012541e8,0,0.8249382156198548,0.29641235
df93c6e9-6307-53ed-87ad-22a039cf3d6c,0,0.39065429990472106,0.41382545
f760b45c-f6ce-5dd9-8537-8b00c32d9e0e,0,0.013931894241346448,0.16168399
43b8bf27-297a-5a36-93d6-1696108333b8,0,0.021927060985750278,0.16382194
df3cf84a-af2f-54af-b255-d9b47830b6eb,0,0.5237414894258329,0.2214786
63b4f06d-0916-5194-a4f7-d6da311954d1,0,0.2513333368517385,0.26900008
600ce13c-0ab1-53fb-af98-8f93da07abc4,0,0.31110716007345857,0.21852945
1550eed7-1adb-5f9f-beb9-82fc3bbf3891,0,0.2622925277364352,0.4646324
c5455c63-51b3-5a14-8f7b-d6bf9293af35,0,0.26648344499458215,0.25093764
581592af-befe-5584-b290-5bedda46fb81,0,0.0017770939877260667,0.22167476
ef7a3e1e-bb2d-5449-bd36-ac2c597f33e7,0,0.6992614169332203,0.42766526
9d29bf6d-ea34-53ab-90d8-5e99c1a14892,0,0.06349386027145057,0.30141908
14f71b93-c007-55f9-b70c-44cd5cd3700b,0,0.11938644246059396,0.49374238
686ef4ea-2215-52c7-89e9-41361951d1f0,0,0.5122867160522386,0.36220694
118630b1-bf67-5e77-a3ca-ce46eb0fc2ca,0,0.17709254699605373,0.21720847
bfdcae37-bc4c-558f-b70d-fbb88f0feb70,0,0.029124214225193595,0.22577755
254093b6-1ea4-5075-a342-5ad87a2aa69a,0,0.28627672805331755,0.30003515
beaa9e97-1d89-5b3b-81d6-2ff36a7f9877,0,0.7592862037142728,0.45974368
79a7322c-2923-55d3-aa18-6bf0d892e5e0,0,0.6403325942944521,0.3520792
bad665c8-4e07-5000-8c2c-f2bf2e31d136,0,0.9845362902117472,0.56199485
a5491d53-8566-5389-a0b7-e43ba2ed526d,0,0.008262973563667503,0.13639136
7e2929fe-4b3c-56b6-97cb-fd4baddce59f,0,0.06314143538314959,0.285672
f3e66947-46f3-5531-9483-7bbda8df5e5f,0,0.4008775210314852,0.25607288
490cfda8-ceff-5ba7-b25f-bf3aa6dcf936,0,0.3540558391393893,0.20244683
f5d155df-0a70-53c0-9f97-f50296fa4002,0,0.10686413177166589,0.15212077
b3306cdf-ed4d-500c-ba7c-d650aa4ef072,0,0.39065429990472106,0.41382545
a1fe9a0c-565d-5d69-8217-b3d3bd5ad7a4,0,0.46208079368724175,0.2884596
a5bbc6ab-c260-5613-8f03-323dae7f96aa,0,0.029298779116018026,0.15239649
7c7f503b-ca37-5def-aeae-76f4e42c7c56,0,0.029708710407158164,0.15790047
87237d83-b4e5-5172-9484-4cadef026d1b,0,0.07316198196426824,0.22141807
b4a9f183-d501-5738-8be6-ce5620a8def7,0,0.01365783091075834,0.14053217
53a77447-7cf5-55df-bcbd-d44db142301a,0,7.1237762401863715e-06,0.43872684
8ba1bbaa-3aed-5461-a08f-3bf7bef9228d,0,0.8066515807347339,0.24325033
e6ebb11f-3de1-5fdf-a61b-a459a58d2816,0,0.026152176641484837,0.16380024
84a4957c-e955-5093-8395-b887c8586de6,0,0.5558767289169522,0.42201924
7bf251fc-fac5-56cf-873f-38f93692132a,0,0.16273705314151715,0.41559702
ba9a42ff-4b87-548a-977d-66f3c21b5275,0,0.032300843214372287,0.14968187
a8e4dbde-4394-5273-91a7-26c7c917e9ea,0,0.216701110356151,0.36974135
22a87fe9-3433-5d90-b950-f8b2b1f33ead,0,0.060719611462323256,0.23498702
831db5b6-dc8a-5492-9903-8cad25a6fe9f,0,0.8079942976724187,0.19975713
9c0bb2bc-0774-56c9-aa2d-b88ed4b9597c,0,0.2055898061914579,0.17885101
a5709a31-7f9b-55d9-8581-1e40dcc082c8,0,0.45536253646111,0.3364256
15108cbb-3374-5261-b4ad-a5457e0154e6,1,0.356130183473992,0.26675305
8af4b1a9-a4a6-5d1b-8455-22362a8354b7,0,0.14219092199710553,0.19861576
760744f9-729e-5c00-9ba3-9d22bf53a768,0,0.07100893042492815,0.18065956
00023fa1-0bdd-5182-8392-d0df35ffe79a,0,0.3284367531075269,0.35597247
5345a118-7f38-5369-878a-f9c049b0b01a,0,0.34108895133460226,0.33055747
e35a2d95-b595-5822-9c7f-6e332b71f569,0,0.08973311728436578,0.15096764
76ed2150-8acf-5518-8fe2-fc0e7e883567,0,0.9515407582080299,0.5180285
394714f1-5cfb-551d-9d72-6fcbcb1a2605,0,0.036812537875176,0.15798993
17621f9e-c1b5-5651-9813-4739d6d7a07b,0,0.18174871006981017,0.5208084
6a0b17ca-eed0-51b3-92d2-897e595b73a2,0,0.4609711167014695,0.24845558
fd76f57b-0ae2-5f60-86c1-ad4f40002fca,0,0.07673944077229053,0.1316231
b41882e3-21d4-505b-8aa7-6f5f8d050171,0,0.36439531635742833,0.3357127
4af1af41-4cc9-5ece-90f6-11e3459f9b20,0,0.6920537423856918,0.2218279
5fd6b0ac-89e1-58c2-9537-7f087d520d1d,0,0.16828307648116678,0.16653596
1b1925e8-0961-54a4-8e09-0111a9ee73eb,0,0.3900621404279942,0.5334348
dc52b507-9610-5710-b0be-6b333cfef09d,0,0.5196956858650591,0.34993008
1110fb34-daa7-5c35-ba10-020420aacee0,1,0.8619546224994362,0.4621757
87ba6721-ab08-53b1-8067-401519004e12,0,0.1874282042517468,0.27285177
3ce9655d-33a7-5bfc-9884-e548148cd6af,0,0.17080525097575197,0.48606032
7e2df5b7-d346-5011-ab6b-1aeb62b6eb9f,0,0.040397483585572505,0.17353584
c03334d4-4162-5397-99fb-30561a08937a,0,0.02348073605447305,0.16204096
52996535-d4ba-5acf-9005-0a852a8b26f8,0,0.019440057504990737,0.14313726
d2a8e1e7-6ba1-54d9-bbda-1f959f491f94,0,0.16141421826870692,0.46541446
27dc688f-6981-59aa-86fa-8002651abfaf,0,0.014935394731864416,0.17235129
b338ad50-b821-5903-b3d0-76510a4b289a,0,0.22044071153862294,0.17989132
701d2cd4-bb22-5557-81a3-56b88c01fd46,0,0.08770252099151402,0.17566846
b1252941-16aa-5a36-a303-90d18a385dc0,0,0.10758831633424341,0.28204858
3c6f7613-d0f3-5865-ac0e-63ecd2e430d0,0,0.0002020052113830877,0.2984032
e29808b7-f13c-58d5-973f-d376affe190f,0,0.39065429990472106,0.41382545
7719766a-78ba-5d28-b407-221cca191247,0,0.5213766889102497,0.36019397
75374617-476f-5eef-94b7-54726af9217a,0,0.024763019912569878,0.18346116
094e1dec-165a-5010-8899-6951037060d2,0,0.0779801116683673,0.27426082
3d60112e-4a00-5a2f-8993-82453896e6a7,0,0.1304840447184086,0.32382154
19f1aec2-c22e-5f09-85c8-7aaecbd25c90,0,0.07764636076763434,0.15553576
43c4506d-9c0b-5f16-9ca4-36a3d5873701,0,0.052513192631759874,0.14545469
344b3146-4f90-56ec-a216-35c4100dbf29,0,0.17621610131260423,0.24614465
8256b0ae-8ed9-546e-ae12-0bbcc4ffc326,0,0.39065429990472106,0.41382545
17144979-f01a-543b-8d1f-bd2ccd71ad37,0,0.00904774524770909,0.2514938
2f62f54d-c18e-5362-a0a5-1745bfd022d8,0,0.07651998631786869,0.2664434
b4ae101a-4f8a-5c49-b800-dba079aa1705,0,0.39065429990472106,0.41382545
3bda25f2-02f0-55e1-be7a-83606f2f2e42,0,0.16143653512503403,0.17176542
01e74910-bfa6-5f5a-afa3-2fd9e3c9b1bd,0,0.16657236355914737,0.16653596
65ddab7f-8796-5980-ad7e-76e45148282e,0,0.5031703878775509,0.20858899
ead0175f-4d2f-5eb6-aca4-935cb43ca553,0,0.39065429990472106,0.41382545
2c9bd6b2-89be-5cee-9dd8-2475826d86fc,0,0.39065429990472106,0.41382545
f1f1b5d7-12dc-50f0-a53f-16e84fc93b0a,0,0.39065429990472106,0.41382545
c59ad628-27dc-5064-a926-9aa4e7bab9f5,0,0.39065429990472106,0.41382545
ef1466fe-855d-537c-9480-e6e787c17a7a,0,0.39065429990472106,0.41382545
32055c69-bf04-5732-87e7-4360d8ddfcb2,0,0.39065429990472106,0.41382545
cabc1e74-7caf-5a1d-af16-038f6bcc32cd,0,0.39065429990472106,0.41382545
62590df9-bd0d-5770-9ef2-6762537a9157,0,0.9999449972490189,0.6351534
b8575126-1035-55d6-8c33-9e042c64ddf6,0,0.6498739237390192,0.5703015
250920f7-8dc6-5978-90d1-66db274bc55e,0,0.14510513533422548,0.18368028
5f4aa6f9-a767-5d91-8e76-df44d2250ae6,0,0.20758191690640923,0.17885101
a51e3b23-fdd6-538e-ba9c-6d5398bf5321,0,0.07693731230018942,0.23075569
85550b48-7455-5a0c-9b32-62fde2ca3874,0,0.05011674395365853,0.26785874
80a6c8e8-1b0e-546c-9c95-d98e80d12e4b,0,0.03189449316289325,0.14525516
578b70c5-375d-5168-8ec0-b60fb7a82f60,0,0.008559089433299045,0.19184501
d1440b16-237f-51c9-9bc9-d35fde6a18d3,0,0.15616378189777108,0.3328589
d6f268a2-24b2-5c7d-969e-b99c00c4c1f1,0,0.1497040687205252,0.33467302
b5330ac9-632e-592b-8778-4550f9a951fb,0,0.16644409751469316,0.16653596
3df112b6-f710-5b54-b7e6-55dc3472594c,0,0.6685407790130693,0.2166508
12cc44c2-c14b-5add-bf01-cf189b9df358,0,0.11304124819147157,0.17607245
ee4adbd1-7753-541d-abd1-f75ce062d37b,0,0.2672050399814515,0.44746765
62959802-e0d9-5b43-bb95-96c801e84b1d,0,0.020817126746722026,0.18332565
2fab9ca6-90bb-5b14-83fc-ecb1abed808b,0,0.1130699013671305,0.27139267
d9f0f8f4-82ed-593b-83ed-d03abb1f1b27,0,0.0019862386377347586,0.25222972
794b8c39-0bc8-5c78-b1ec-655b5cae9664,0,0.9483500855295315,0.35290983
0373be65-643f-564e-ad1d-c395123b0de8,0,0.007868135923778925,0.5935826
1eb0c183-143f-5e03-b76d-3ba39fef139f,0,0.06479283829016387,0.15766561
64899214-8ce6-50dc-8c4f-965a94294c4a,0,0.7973351807951491,0.33866847
034905f7-8c6f-5205-acdf-0d31292453ea,0,0.09069622346424647,0.31638154
c332efa2-20bf-5a84-9031-511447b1b2f9,0,0.251673089315045,0.23412271
bc09cb89-8251-5567-b3ea-9f19c6debec4,0,0.5004724675400586,0.42472783
7ec8edd1-80ef-5c2c-8258-68b5b23ad3eb,0,0.13405570627107577,0.24929893
c3e1b450-c6ce-5819-b565-1871fcc257bd,0,0.030653454697804793,0.22562647
a3757fbc-5c36-50bb-a72c-0971feb6537c,0,0.18715770809590274,0.3370228
8e56bd45-6a4d-5304-a9d8-072a7f943651,0,0.18571803049262736,0.2014899
69fc7c54-af2d-5dd9-96b1-5f5cb03e8c84,0,0.08370207249643198,0.16111806
ae8fda39-1891-53d3-b15e-b3743d6ac788,0,6.423658720580645e-06,0.30512747
c5402d1a-9dcb-537f-82bc-76385d8e2971,0,0.5246657775475856,0.578188
255352b7-7728-5e14-a5a2-8dcb545a1c70,0,0.004285776979920952,0.20571963
20d18d42-10b5-51f3-aaa2-4341cb4d8865,0,0.32620592296185497,0.2372375
9fb93a8d-57a0-55c5-a99a-74ee62cef793,0,0.7399491084621935,0.32002327
80deeebb-f0c7-5fe3-8933-b3729b89df72,0,0.2091731781535232,0.22340834
99bc4784-83e9-5996-9bcb-35ec88371c09,0,0.06480989836500835,0.23250419
710e9253-b0ad-5e49-8e1b-d97a8621dbb5,0,0.16965686397363353,0.38777652
25059cb9-24f1-53ce-bbad-18163fe15a5e,0,0.8635165741067373,0.73635435
6085e7f4-6d47-53e7-9242-73813f7d4c4a,0,0.9836483601054803,0.49319878
e47907dc-281f-5864-aaa5-f411c5c51b79,0,0.002158502897209331,0.16281618
56be8162-2a99-5021-9149-9dd09f28d0eb,0,0.06022838110993091,0.16698115
51c7eaa9-9071-5ed2-bfef-33c1ba79bb83,0,0.08377215472326383,0.1813844
134f6137-9cdf-509a-bb10-4fbf18d17f58,0,0.0380404507309676,0.26347116
f47f3364-7cd3-5952-ab44-48eb20a4e69a,0,5.752642836530747e-09,0.33502644
ad4b5e4e-3036-586c-8f87-4dbd5eed3094,0,0.30628431450089955,0.20068091
cad3ccc3-6ffe-5e2d-9044-63ba67f8c555,0,0.38326641882289064,0.46536025
f1116c54-133d-55d9-8a6d-fa38217568a6,0,0.8021066215736062,0.5341923
e5fdb6fa-7735-532c-8125-c539bfae147c,0,0.39065429990472106,0.41382545
51a9e9f5-8ae8-5c3b-9345-01b51d27643c,0,0.13105991551585455,0.18074083
79e4ecaa-5d6e-5754-85e0-77f203ed6a87,0,0.27784900245630095,0.33745897
6be73e69-d45a-5b94-9515-383688afe662,0,0.17829718389560306,0.20965344
8566ca5c-7c83-5a60-aae8-12ce0cb19915,0,0.0002263436289884477,0.14562146
f6e8bae9-a2f1-5320-b97a-10e47b1b2274,0,0.5521070724377822,0.3798318
e703010e-22c5-5ead-b248-0c83ccf7f761,0,0.20656436954889182,0.32200757
e39406a8-cc94-5fab-aa00-41c68a5cc5df,0,0.6959602759005953,0.35623163
5cbee03c-59d1-584d-8f89-07ab977db85e,0,0.2142454640801297,0.21734911
5dd3c3d1-b7c4-5a82-9dc8-c891a94dc235,0,0.08353452221754659,0.2104934
de9528e5-0abf-566c-aa2a-9ea1dd5253da,0,0.5359531232705322,0.54507446
5845dbe5-4ea5-518b-b7ad-f51e07547560,0,0.12021532742490323,0.5531173
de0526ee-7c29-57e5-8674-d279886e27e4,0,0.04914348002055144,0.23244388
643130f3-7696-5cf5-add4-0835bce55f85,0,0.04325373114414206,0.17353584
043024e2-5504-5b79-a618-9ff007875d09,0,0.4168384145284689,0.4297367
d4879c5f-799d-505b-8ab6-e314e50fb605,0,0.4584567273120302,0.38563532
a446cb1d-f101-5fea-a29e-e7afdb724939,0,0.1973664978725647,0.2606172
e59cb819-7922-5333-b6de-6188b0cf700a,0,0.16493155332011405,0.23673205
3964d86c-b25d-5e4b-9b5e-69cd9832b226,0,0.17774676499366332,0.18969883
427775c2-6e6b-5783-9444-f6a0955cb184,0,0.28972605044679667,0.25928965
fc9a3dac-bf65-5fd7-beb5-9f8a7fc51b51,0,0.08127497876109833,0.3197795
238f1ccf-5c10-50e5-bef7-1808c2de9f47,0,0.009337346907198483,0.18813264
d13c7c70-6e8a-507e-b45c-ec209674c82c,0,0.002235308245845228,0.19895302
8092989c-101d-560a-a18a-0ecf4d524bbf,0,0.039998134976530646,0.1584363
e139293b-4f78-524e-bd50-aaeba25a8b10,0,0.19203430748212352,0.4391945
da46945b-2226-5214-860a-47fe2e1f10c0,0,0.3127603370452036,0.22145703
eb69153c-c21d-5dd7-8230-490fc174e533,1,0.8658922275214542,0.60633135
cb0ba664-fcc9-581a-ba19-c91f78934678,0,0.18359882419966983,0.40064025
f2c26996-0264-5efd-bf3d-df29d0ce434b,0,0.38628375267090553,0.22034761
f749a5ac-4111-5100-9b5f-51f5f345f35a,0,0.03530718446348493,0.17795965
37cf9c13-ece6-5f14-882a-a71c3416ef17,0,0.1110555633368746,0.32798573
f25586ba-bc05-5ca4-a890-88aa2655571d,0,0.4722291981666728,0.35364273
d07fe96d-10bd-5dae-ae47-5ed49d596e43,0,0.3108504003387432,0.2731891
6ebef271-ae4b-50aa-bb18-b5841b24ffb6,0,0.43847825848446803,0.3254774
8027be13-5d47-5657-b4a8-aa2ff7b59690,1,0.5198119263081876,0.21994147
dd2b41f3-948e-52a4-a1c1-0879f8e5cac1,0,0.2543614193698859,0.23548032
f038b2ac-ccb3-5d47-bcaf-1a2746ebf678,0,0.427374883302622,0.68287253
455b656d-a3ba-5307-a145-883f13b9861e,0,0.20243738740710107,0.43278444
793419d5-4bc1-582c-8c5c-3f18bf16b3c6,0,0.13956385617029002,0.41597235
9d04e008-9878-537a-bc7d-de0fd0ed4503,0,0.2387546470947637,0.4586038
126f490c-8469-5a9e-aed0-32ed8a71c0ee,0,0.004661798798266054,0.48285517
0c8469df-84f8-5737-967c-843ff7462244,0,0.1613638508885243,0.16681376
c29d3ed9-d80f-5584-b082-994a6e7335a1,0,0.39065429990472106,0.41382545
b257f0ee-8858-5b53-87e0-691e8fb334a6,1,0.8658922275214542,0.60633135
870f121c-66c0-5fb1-92ec-9f6d294dff06,0,0.39065429990472106,0.41382545
c2a9f33c-dfd2-5312-a781-f4042a4a3c57,0,0.038307186765281456,0.25608903
255ad42a-e94c-50ee-b222-9930709d43d7,0,0.15393683258579335,0.24967082
795f8fe1-c9e2-5847-a86c-f1032329ecdb,0,0.1637246157298929,0.30934122
20b8cb62-3b08-5876-a05a-b2e6b658a023,0,0.21968960571296547,0.44296765
43dbba7d-976f-5b1c-8d63-6045fa66370d,0,0.3296538862267089,0.22952603
f4555034-43a4-5094-b007-229a85427e40,0,0.14623683940240087,0.3755416
7c2db5e3-b25f-5251-babd-d389238253ed,0,0.06940455432566407,0.17953694
d0df02cd-2e74-56bb-b44c-c45d3115b9dd,0,0.11143486572449547,0.19618863
64701186-956f-5baa-a317-bdc5dab3c9aa,0,0.39798210016491015,0.19126125
f1c74e93-9ed5-5c3e-8449-b7b5cd3c3408,0,0.39065429990472106,0.41382545
bc79b80a-1c00-5d94-8d76-03723ea8620f,0,0.2847298667452689,0.17823207
bcae397c-7ac2-5363-8bcd-d57c063fdbf6,0,0.2690311823496094,0.20252734
838fc808-b5f8-5350-a356-33e8c407e12d,0,0.04040739739307025,0.17807114
0f3a0e67-7cf4-513f-a57b-7afd7af94d62,0,0.010393003415376047,0.2802414
31f85c9f-4b24-54f7-923b-9478d20c20d4,0,0.7326318245513901,0.22159645
977ca98c-eff9-56c0-bbe5-c9d7b3f713bd,0,0.565051760795175,0.51947
0cecd046-58d9-56bc-bd82-42ab511fe625,0,0.08889587603436043,0.29822043
0940d45b-803f-503c-8307-f94abe4c2f62,0,0.8288168121139499,0.5528568
3116ac3e-fd2d-51ba-930f-cf858af608bc,0,0.08796743750115209,0.18574987
d958992a-f103-5e9a-8302-8ef02e0460db,0,0.22119444836987712,0.23605175
e44d353e-7244-5fd4-af96-6898a1df0beb,0,0.3173114822862387,0.28264478
8ace7f11-97b8-503a-90b0-3a19f89af45f,0,0.01866898205401792,0.16758956
ed9a3211-10e1-59a9-ac9e-367e91b0cfb3,0,0.7138627225876931,0.3993073
62fbcf25-021c-57a9-bb9e-8ac2e559446c,0,0.17744845361545228,0.22573012
b25b8730-638f-5c01-97eb-55d8422405a9,0,0.13330405660836414,0.46107766
92e2c7e7-9d39-5660-b837-2d23f546d15d,0,0.007563873498749549,0.20496225
5c89f041-827e-5a45-8f71-edc3fa9f818c,0,0.20982196336984743,0.16475162
d10d6871-2e93-510e-a357-c20339a9c665,0,0.30027210380553565,0.19368081
bd0e1f68-862e-54fa-a1b3-5d2d0c4dfe8b,0,0.619944755984124,0.4392525
521c3f56-d452-572c-8753-453ff1230215,0,0.6214818355887165,0.5671929
913a7b3f-c2b0-5982-9f1a-8faef0d4ac52,0,0.05922476094144234,0.18569884
09a82b31-e4b5-5800-add4-874a3edb9cfc,0,0.4401076400490261,0.5703119
dcaa782f-c3e7-5991-99b4-e125bbac50a9,0,0.014647659846860162,0.2445652
61f9d4d4-c9e2-51b8-823b-a385298f4b00,0,0.0019948050811968328,0.422304
2d60c004-0215-5147-8e85-8ebc39d64459,0,0.020231327936059515,0.18346116
986db45c-4f6a-5288-841a-af851db036f9,0,0.453151591570575,0.18990697
27afd5f0-aed9-5674-b0ae-d413437477f6,0,0.0030693026241183563,0.21816912
a7f9556d-c1b1-57e7-9b0c-9ca42a980d74,0,0.21501940123941823,0.14870526
ede904b9-30d8-5325-9bae-5b9a6df5e5a9,0,0.39065429990472106,0.41382545
df6771ca-559e-58d4-8ea0-4bff1eeb717a,0,0.005106091229132112,0.14372286
299a4c4e-0c98-5eea-b918-001975c069b5,0,0.39065429990472106,0.41382545
ec883a8e-991e-5572-ba93-494132f7a895,0,0.39065429990472106,0.41382545
31cd6094-976c-5004-89aa-d57bf8f0296e,0,0.33411689601464184,0.18125764
28ebf824-fcb7-5451-afc4-9f62f9ae1610,0,0.0009173175859599928,0.3597302
3a1656af-d577-5af9-a1aa-091cb7f3ae48,0,0.07663844291976656,0.17963584
b4080dcf-b050-55b1-9b9c-01d98a2758f8,0,0.39065429990472106,0.41382545
d60ad285-63bb-5c97-95fd-01a757c1fb60,0,0.39065429990472106,0.41382545
1c677a07-6e85-553f-9df9-ab109f99ecc4,0,0.16647422423262612,0.39295846
8044a3fe-a517-5b37-90ad-e9124eded210,0,0.01118429102064444,0.17457418
6cabacf4-0a71-5873-b501-f9e4bb625498,0,0.39065429990472106,0.41382545
58159969-3ecd-5007-8aca-d79e88bd8722,0,0.39065429990472106,0.41382545
a3560d4a-88ed-5c67-bdee-a575372964c0,0,0.39065429990472106,0.41382545
5e017e7f-794a-57ee-ae03-d877a9bec354,0,0.39065429990472106,0.41382545
f54b6552-482a-5d0a-9e11-4bf45e7d240c,0,0.006641684058900623,0.24715276
9603ea1d-c7ba-5db9-800e-803c6351457b,0,0.39065429990472106,0.41382545
b03d4728-43bb-5e28-ae7a-5de1be25ef10,0,0.39065429990472106,0.41382545
513a1d08-b3c4-574c-8ff0-ee3447522e1a,0,0.39065429990472106,0.41382545
68077f99-01c2-5a53-8c7c-fa88ffd8ed35,1,0.03308236120639055,0.41916758
8996e04f-262c-56bd-9e11-40bd941d10ad,0,0.07328851211914268,0.31489548
d96de4e5-0838-567a-9f0a-05eec334e8e9,0,0.05384301154175094,0.2666666
48bb9d8e-0838-5d38-b7c0-c5256c5b6253,0,0.4665176306086953,0.44575718
5300b386-9f45-5c30-a8bd-c95a35d73a97,0,0.35563148279521184,0.3121397
108093b1-8320-5d51-914b-16f862252cda,0,0.4620726131484606,0.21884607
d4dbfd56-8ab1-5fd2-b943-6db35c463ba3,0,0.04373662931872086,0.21041308
aab34563-4c02-5aed-ba3e-2e44aafc1d1e,0,0.7948585851220461,0.45751983
1a2a46fe-0e55-584b-b526-a665c98add4d,0,0.1664230246251499,0.16653596
081e9839-d483-55c1-a30c-42f430b969d0,0,0.32863648732412387,0.19720845
0d70470e-162b-5f63-92f1-67b1fbb1f855,0,6.665477745534822e-05,0.26339483
46c83402-6a15-5223-b032-28ee74d068b3,0,0.3987824828649951,0.2277537
db09bc19-5d8e-5007-b529-df94b03f4d37,1,0.6847782947064381,0.58811784
d5433716-9f30-58d8-804b-d115833f9f41,0,0.5038869902904127,0.26837653
7b84e18b-97f8-5258-afbe-cc8708439c9e,0,0.11629891101876877,0.18857342
43fb1bb9-0860-5254-bcdb-d9cea91d4010,0,0.10695692320859512,0.18464684
b3e0d59a-39a9-50dc-8aca-8ae1c1c5aed9,0,0.7984586882238377,0.33565587
67ac8110-7d76-54eb-b1e8-76420dd866e1,0,0.9090522343724348,0.42756644
33472544-1cab-5a6a-a825-61c180a7b4c9,0,0.22201981945172858,0.25854483
98a7d92a-a7c6-5f72-8277-51b943768b8d,0,0.8904287067380174,0.40909782
4cf23ea8-8953-5276-a2f3-a5ab18889d09,0,0.9999920746042408,0.5070468
d10b5e37-3e17-5d28-9128-7cded4d32778,0,0.14385893369869998,0.18148927
fa904dc9-ebf9-5cff-86d0-b7c8b73a298e,0,0.048050623264967646,0.26609364
2f00c6c9-c599-5356-8200-20352e4bf95d,0,0.24937806656742573,0.5131912
6b0427f5-a97f-59e8-9c4b-50a04bc4493a,0,0.24039779816687856,0.32359675
4f40b394-92a4-59fc-bac2-8d709404d56f,0,0.31245714237505295,0.31042862
09bbe331-9494-5050-82be-65460cf982c5,0,0.07797014365516883,0.1411351
0e9e9c0b-ece5-5872-8239-2ef894fd1f5c,1,0.8793418427994726,0.2645812
77eaeedf-8987-5212-9217-f467294716ac,0,0.13612658677219086,0.2943741
4e01bf0d-013a-579f-8a9f-92f03fb57d00,0,0.03967654734325333,0.26856983
bd3c5342-0080-55a3-bac7-de9fbbcf3953,0,0.12893705067090988,0.1616036
9c4f59c1-9a7b-5e8b-96dd-23a70269887f,0,0.2138700336167217,0.34822705
e4bb512a-e400-5f8b-b1c7-eb46fcf3be5a,0,0.39065429990472106,0.41382545
7155b2c9-df55-5f84-a4f2-1c83d36831c9,0,0.12612343870771373,0.2829653
b871bfbf-f14e-560d-9ce0-44a18c6839c5,0,0.22234048437524365,0.3313053
9d1ed976-575a-5abd-bb94-a6e0ff5c8b01,0,0.07041848107581435,0.2372462
850f8511-712c-5fd0-af19-055583b3e1e6,0,0.41159931569227853,0.35707954
85cf295d-49df-5640-8667-b0621a640309,0,0.2670319443260034,0.19408162
de7e1a69-9cf4-5a67-b742-46d73ad1a2e1,0,0.09592576213134338,0.14067702
cb39cddf-3c2b-5fe7-b194-598fcc0562b5,0,0.15711652279176586,0.42627147
d412bf72-2064-55e3-9bfa-21510a995f66,0,0.16779939516940984,0.2747445
f74cc954-602c-544f-b45b-1a9f138f08da,0,0.05849155259273663,0.17902556
61f4ad5b-82d2-5b2b-aa75-8b177f07931e,0,0.4506245651917316,0.4299422
8c052486-4b1c-5d7f-9976-4034d1177c99,0,0.025100531549759282,0.16697948
e52b2f1c-559d-5285-9366-54b886558eff,0,0.09245023646917518,0.28600967
a3deab56-9627-579b-a58a-29fcbe8c735b,0,0.00877886631348854,0.18207008
356458ee-c305-5d51-a352-f7b0531dc591,0,0.022587032589325828,0.3073502
4779c954-e952-5200-bef0-359b60013de5,0,0.2072834761046518,0.3841804
751aab05-e060-5c8a-b4db-cd1db1083945,0,0.019876323341647385,0.14406188
6289cee6-8b2b-54b7-8d15-5e31ec1a101c,0,0.15565949690032552,0.21420524
12bcc0fc-f851-5f30-bc08-115668436a93,0,0.19029280847624896,0.21396224
b048d5e9-1365-5108-9c4c-bcf26d3c1e75,0,0.6545331868852002,0.50921506
098bbd1c-9acb-5896-936f-ae8664aa35de,0,0.47065647733499566,0.31628376
a555bd8b-605d-53e4-a8c0-4e1cb5d15b56,0,0.2357419848809982,0.22444612
629264c2-6e35-591b-acf7-2ed32213e75f,0,0.086688096580965,0.18074083
2896fe64-413f-5a96-9639-c010b454b15a,0,0.40902889338860443,0.35089123
756d1843-7a6f-5ec0-af24-1bbe31f5dde7,0,0.11636342670898059,0.19402058
0ca48faf-3fbf-54a5-9eb1-8e3d40b6898e,0,0.1288333937667285,0.16796535
062f3143-c1cf-5e97-ac28-6be1ee394590,0,0.09300645869591073,0.19178508
fa405f9a-2855-5cf6-8cbe-d60784481ea8,0,0.2727475940862589,0.28713757
2c8cfd84-39c7-58bd-b17a-9c86169f4fa2,0,0.2416479270441265,0.32055792
1c63c487-4cae-5323-a3fb-3a7da5dd38e4,0,0.011829478196274461,0.19819629
f9fcdac9-a50b-5d97-8ec2-352b42f7366d,0,0.3759345926812892,0.20806895
ab312c61-a2ca-52e7-ba9c-138db2c8e051,0,0.7764995003779865,0.5817049
f2be7ab3-4380-59ac-9671-8b3d35c8b19a,0,5.766347149559702e-12,0.52465063
8ec6d8cd-4e37-5266-b85a-0d3b467ead02,0,0.16097029599672055,0.18346116
e540d113-8a21-501b-b7d4-288baac05e2d,0,0.24195005082872204,0.30585396
fae077d8-ecf3-5ba8-8706-eb9dcb198847,0,0.2673204461537879,0.31878644
a16aca83-a493-51d7-b3d5-860a490ea830,0,0.11428554630271777,0.16564044
fb80f4ed-2d72-5fda-873f-e4bc95277309,0,0.28486652937683693,0.32384303
02bd39ba-7007-5581-8860-f044f5cb1178,0,0.06223744347887305,0.19201182
dc9b9e49-cf7b-5f44-9125-56a576268a04,0,0.2260273912801411,0.43421265
8a51592f-9884-5f94-a6e4-5e39c5b42909,0,0.11630918097776961,0.18857342
a7c50f6f-8d21-527f-a75d-99edcdd42fde,0,0.3009908096080436,0.19455643
f07e44f8-6ab3-5a8d-8811-d11644234a74,1,0.00014734544490407683,0.58045334
53cabfc0-b776-51f3-a435-76dd3d98f5ab,0,0.07943076054530382,0.18280895
c05cfd7e-670b-5de5-8837-bc6dbc11ce19,1,0.7620958222994874,0.52556145
cf55dd95-cc6b-5a40-9200-b2c52167ab8a,0,0.6654931011714613,0.4428647
82fde021-b6f4-5bf4-8bd7-3a6dadae563e,0,0.11635551368987752,0.18857342
2ad4acef-0e7c-5be4-b30f-59da3d3ac632,0,3.3593380803715407e-06,0.7511979
6d3995a5-142a-5a03-9963-9613ee7eb901,0,6.620833149219219e-06,0.63130665
e032f25b-52d1-5cff-826d-ed2f92a2300f,0,0.1645108502390662,0.2562238
693c4850-e7d0-50e6-ae3a-de383061096c,0,0.1185610904712832,0.19656907
9464800f-6f82-5b0a-9211-7edf713aacc8,0,0.39065429990472106,0.41382545
c24a099b-1ade-58a0-8965-155930ca5aff,0,0.031072548856126238,0.59345686
ea310a32-6f67-5191-8c25-3240f086d548,0,0.7413716402632616,0.40899482
33e2a375-b804-5351-9a52-dc579895213a,0,0.11077431095359445,0.35592958
75927460-25b7-5e43-a217-2771e4b10deb,0,0.18712492686776772,0.23427479
621adcbe-ad0f-52a0-a55b-c913354bf61c,0,0.16828531202790875,0.16653596
7cdd158c-8425-521a-ad8e-1757548e7875,0,0.0904827749519039,0.18363169
24ddfea6-51c8-59cd-a2c5-eb609e506a2b,1,0.24965793177708848,0.7487368
562aec9d-13df-5a58-a5ce-ec47dc604c30,0,0.07181507025832491,0.18322672
b034a59d-6c6c-5361-aaff-f38b5e24056b,0,0.6252011101502255,0.20224246
168c5a32-3ece-5d9a-9613-2fac7bce208e,0,0.45164647697151655,0.18990697
1694a2ee-afaa-514e-a1dd-c4c24856094f,1,0.9822468758713021,0.7081582
22441994-2c02-5ed1-bf40-360d984ed1f2,0,0.1710537964534656,0.21644872
7bb7f76a-6558-5923-887c-c40524b2a2ec,0,0.010741987477598162,0.14461167
a30a9309-a067-529d-b007-2520d90c0014,0,0.6571020345080074,0.2619551
9b63c5b4-d1a9-577b-9624-46821f49b24e,0,0.018465590229941937,0.13360286
6532c12d-0c2d-567b-beb2-9c727e8ac5f0,0,0.1336975540628328,0.20582102
fdab8dbf-6f25-5253-bc7b-7699553713be,0,0.3685579435087192,0.49093342
0f03ec7a-e403-5f8f-95f3-4482f7487567,0,0.39065429990472106,0.41382545
3e88776b-1255-57c3-9846-d2f1a290d905,0,0.23968155176162176,0.21254468
eebaa87d-0be5-5dff-88e5-7252656f69d8,0,0.9606511687527909,0.47525316
7ec7bde6-7d05-5422-8f94-2b025fadbee4,0,0.9151888173074205,0.24367066
967cfcfd-44b0-5ae3-a022-5757e244870f,0,0.39065429990472106,0.41382545
28cce705-d82a-5b93-8376-4240c5c8a880,0,0.23462542221261448,0.1939331
5eac9133-ff0b-5650-8d32-ff263e6f5dc8,0,0.04101576428347089,0.18990697
5219e147-65d6-5dfe-86e1-ed0cee28f6c3,0,0.33539620319958513,0.21629918
8b83b25a-5604-575c-b26e-a9c9748f5748,0,0.3368215864233417,0.19656907
10cea981-24f2-5538-b2f0-2e2daea182ef,0,0.14769196389202066,0.30189803
a40e0518-31ec-50a3-9524-c5fc329e6dc0,0,0.9600105206709963,0.68064237
455aa528-6a44-562f-bbc6-0d61f343965a,0,0.6226810429454169,0.62298435
8ed38f7f-cbc2-5012-8264-6b0742962a11,0,0.24326959649841254,0.22958718
0ee8ab07-00c4-571c-8e63-f97354182e72,0,0.5188256098669642,0.42659113
d5dfc2f8-be2b-55e8-b2bd-c7f7815b09b7,0,0.029686047152634884,0.1767379
8000a96f-3225-51bd-84a8-3fa3393a2715,0,0.29274708586295,0.237091
41fe83ce-7e31-553a-84eb-edd3816af8ca,0,0.1269601019326069,0.25233206
fa0f60cc-b174-590a-9d2a-d85343f71446,0,0.1644257744203962,0.1889042
e15a7c51-e5ee-5072-b1ce-c6b159d865e6,0,0.31763072364932377,0.1877024
54aa56ba-e7ea-5623-9c28-f780a2843fa3,0,0.12038921806522249,0.18547161
15f8b81d-18b3-5048-add7-df3f0320ab59,0,0.10527101472728989,0.18895057
1a746ee9-a1e6-5de5-b5b0-fdc30c319c43,0,0.07391999268652481,0.22303195
8a1751cb-87d0-581f-925e-81c7beafe544,0,0.29672700283178344,0.17823207
85d0968c-6ea6-54dc-8c65-5e4e5da633d0,0,0.4821749850103385,0.6166343
e4cb4e5c-f95b-5ddb-a4e4-5b065a5ee411,0,0.054689037683020886,0.19656907
87a0c6d8-bbc5-5f03-a434-7223a2cbe2fc,0,0.11253867339890121,0.22828236
436a3e8c-cc62-59ed-a3d7-7d71d31b2354,0,0.38272295966815567,0.32544515
da36c415-5ea1-5222-9341-36bc2beca83c,0,0.03190970640184679,0.14525516
e4cc097b-993e-560b-ad99-e0b28c7d8548,0,0.5414349691328671,0.4952959
8418635a-3632-5c42-a07e-c9e58bc414d8,0,0.0770606110470382,0.4946315
da245b3f-79f4-5136-8aaa-dee8a5165921,0,0.03197089863362961,0.14194134
096f50be-7852-557e-a554-39b675c78473,0,0.39065429990472106,0.41382545
c476750d-8eac-51a9-ae09-9f4c3cd23f79,0,0.39065429990472106,0.41382545
6cb4327a-c086-5ebd-acce-a87e1f746a2d,0,0.0683657874564889,0.16534503
92dd9a67-3a45-5469-8016-3a2e0b619a03,0,0.0973202628207748,0.45971972
2029c9a2-2198-56b7-be90-2166923e1b50,0,0.7895328818055272,0.59944475
68d88cf7-95b4-52eb-baab-5cc886409940,0,0.39065429990472106,0.41382545
e7234191-13a4-5ed6-bdad-ec7d1f0c6ab3,0,0.3360208608638714,0.26152766
08eb1cba-e3b0-5ee7-ad94-436b73ddfdf1,0,0.11048800013894428,0.14903212
f9aaff94-b34d-5f81-a168-bcb0e017c40a,0,0.2005285595374957,0.3254349
595441e2-af7e-5e30-b044-879b1acf0160,0,0.14293119223044912,0.32448292
b8e4eabf-0f66-54b1-bd3c-768cef990f07,0,0.04696736100186348,0.17913078
9eb9450e-e3eb-5eb1-ad41-1f473a851257,0,0.39065429990472106,0.41382545
5bf3e223-b3ee-5c1d-8e2b-ec79c007b0c3,0,0.39065429990472106,0.41382545
9de68471-97df-536d-bbd6-d1d0d781fadc,0,0.39065429990472106,0.41382545
2e7d93a2-fa02-5ad8-9f6f-0900cab25f34,0,0.39065429990472106,0.41382545
1f88b61e-e695-5a30-b914-442dfadb4f1d,0,0.39065429990472106,0.41382545
2f6a5d13-dc68-5bfe-96bc-6d7758d336bb,0,0.004422490456862176,0.22833847
90ed3670-b43c-5851-b473-93999db5e98a,0,4.459214642803946e-05,0.67863446
ed6d4b47-ce3e-5d29-b527-78a1f3aa2177,0,0.003036268562801528,0.43482408
155ca2a2-a22b-5d06-936d-10d6d4e6f0cb,0,0.07813352895984746,0.25805622
8897ac36-11c6-5436-9416-8fd26663cf9c,0,0.42588191790794444,0.35994485
74b7cc70-3069-52de-9b77-ef1675ebe433,0,0.03894677288315473,0.20388867
d2680187-6643-5081-90aa-72395ee1a374,0,0.12048670052830018,0.35720617
0a8e22f6-08ce-593c-86bc-0fc248db1ef1,0,0.22241324520905786,0.49182865
958dbb42-cb79-59f8-b71a-3ece315058a6,0,0.23314377482028542,0.47103423
abad958d-25b6-5e10-8997-cb7fe832d62a,0,0.307055973421263,0.18341582
972b4366-b1ac-58dc-b01a-e3d7ce576afa,0,1.650899112491493e-05,0.23214835
6e783844-8b21-520a-bb9b-caeb14a28ce6,0,0.37977236080846355,0.44467297
eb16bf8f-0e45-58e2-8842-24262816954b,0,0.1259658087265301,0.15914796
b472165b-8886-5d69-b927-4e04410eab5b,0,0.0810309264373945,0.36605868
090857b1-df52-506a-a6fa-ab2b4984f951,0,0.03281161593218488,0.16983464
80ddcf7d-eb86-5046-80c8-ae0a587d18b8,0,6.238056794953551e-08,0.21682
b37a3f31-a223-51f1-9d1d-e1075328ecea,0,0.05363599214862357,0.3925795
7298c189-741a-5fc0-bd6d-7041f94ba2cb,0,0.00020309351371340133,0.27025217
43ba64ff-0ebb-5440-b5f7-13161780cf3e,0,0.03267602331414748,0.16274796
c5aca18e-5e9e-51a0-b038-835dcb1f3014,0,0.17230889301902685,0.16040725
f0def39c-a62f-52b5-a947-5f29f420fe88,0,0.07633486807796581,0.15855613
158e623e-c5bf-55bc-bf6e-ddb0648ef797,0,0.6625136843070556,0.26233482
b997c67b-e1ef-50bc-b234-11fe8594d65c,0,0.4445481514636331,0.20045516
1cb81aaa-4e61-5173-8dcf-89d3e803eddf,0,1.978745238683794e-06,0.18003373
8f1fa58e-de82-5a75-a5cc-f67ae8ae41cc,0,0.7176256864997631,0.22521548
d36b3650-455b-59cc-a412-5fcfa75b5448,1,0.08943337959461868,0.5660393
95e16e2b-03e7-56eb-b31d-976c75a662e2,0,0.7157269729057363,0.32234102
6cc84f51-ef48-5bff-8704-f696f73040ef,0,0.5730405755585366,0.3273579
34debbc8-9937-5ba6-92eb-07b7aca93493,0,0.0261954339461528,0.33756334
7f6f7c0c-9006-5cbd-8ce3-99e05de15053,0,0.11302254908500256,0.18639393
d6a06f7e-0ee8-5419-8fb2-3f63502fdeaf,0,0.26676207582528966,0.30585396
ceae3325-e2c0-5ce3-b8b1-ead028863585,0,0.10247739924377922,0.16040725
398d43e9-d884-5d00-a58b-bb1b31b80473,0,0.07498177921245897,0.2702405
5ccaa399-0fea-520b-b46f-0aad05cffa7a,0,0.762483629439879,0.53345
0067875d-a555-5d4c-ba64-abfe6d09bf6e,1,0.9928389352840218,0.7041921
13060fa3-fc4b-51fb-a6f4-b2282931ea4c,0,1.9223243037647372e-05,0.4666941
09db3779-9f24-5f1d-8f63-79a37c69ca2c,0,0.9889875686385825,0.6536491
865e93b4-5ad8-52bb-bd04-47b13764d561,0,9.73910842017973e-06,0.24467191
c80bb1bb-7485-5e07-ad5b-738761e0e2a3,0,0.5093788691301508,0.4315944
929f8cfd-6f2a-5095-9a78-9db18d60f25c,0,0.5560891023568972,0.27233684
5ebcd27f-d3be-5d58-b9a9-09bf851418ae,0,0.022603487837038753,0.18826997
39ea841b-05cc-5dc2-8088-c5c41f82b661,0,0.048034485093766684,0.16223209
e8c608ed-d50a-5bc7-a360-7ed2c2138150,0,0.33318295298421974,0.2699911
b3091cae-b74a-5766-9035-7101e08f6e84,0,0.21077643123990547,0.23422055
469d11df-dd51-54f1-bc56-3cbc79f0fa01,0,0.2761482899329194,0.26318762
e92e0074-a1fb-5adf-a8cc-e9873de718a2,0,0.062418603690888384,0.1588869
b072165b-d54f-555d-9669-3f6002328079,0,0.43989806000349313,0.31354994
d70ec383-fa5d-54aa-ac81-8a6a2619c78d,0,0.11908560385560629,0.17717288
2067ec6f-b2b0-5057-872a-f583f524b343,0,0.1455991845502007,0.2684802
669cca1f-1289-5be3-86b9-c528780e7483,0,0.10832720363303598,0.3507153
5bc6d891-43b0-522b-98c4-bc8b6fc50b4a,0,0.1867222877711159,0.17035508
dd5241fe-e21f-52d5-a988-ed76c277ed8c,0,0.47479261424912966,0.52294505
a542cd15-70c3-5bd5-addb-4de2486932a9,0,0.07751658594538716,0.17406464
cb58456f-b0a1-5114-9438-d8a26104385d,0,0.37776714771751085,0.48204228
9cf9a85f-b9be-5145-b377-79afe4735890,0,0.06836824002735407,0.1928255
88cdc948-a265-5c1d-9227-58590c1d2521,0,0.2923961144067104,0.1929844
1828ef15-5171-52bd-8294-6669fddea96b,0,0.18803042589690544,0.143659
2243797c-ede1-5a3e-b383-a6568f6e3b67,0,0.09431028150966946,0.1871283
a402c781-b0d0-5bc6-bfe7-a544f82091bd,0,0.6093701346126718,0.26839647
6e559049-b2e0-599e-93a8-a1721b0eb597,0,0.10854527510221515,0.22403592
86ce6dee-36d9-5bd6-b8cc-a9f0336d294e,0,0.13567151123316767,0.18709189
efdf9b6f-ff1c-5871-9238-982fd5cf22d3,0,0.1666579505156736,0.16233014
e2288cc8-9174-5083-bbfa-73d97813c98d,0,0.5693104962818301,0.28365415
7d944ac8-de76-5759-90d0-9048fcb691f7,0,0.5146045567053796,0.27757338
4c1f558a-3cc0-575b-b226-ecb0dcdbadb7,0,0.10675042021585608,0.18266729
025857ef-c8e8-514d-b6db-910a007d975d,0,0.0496583099555409,0.16243313
29e8b6d3-0e48-5a58-ba1e-c98b9d921a73,0,0.09015909453493919,0.1558034
71ac3796-dc4c-585e-bf02-c8c6dbd98729,0,0.1498245623742022,0.17029463
45e8b137-d86f-5854-8b19-df5174795bb4,0,0.29887860606805533,0.1911238
50470110-0a8f-594a-9b27-61030492bad0,0,0.11152441415005146,0.5068128
b7eff566-c903-5c07-b79b-2e36958c7c9a,0,0.567288663732086,0.5637465
a91f608d-7dca-5360-9547-4a0920f80e6e,0,0.0019708279162858125,0.22236869
d9dd5685-01e1-546a-98d4-67dd4b945db6,0,0.16347226900570394,0.46335804
26d63f79-89e0-5e68-bccc-627893a30819,0,0.37270556619557615,0.23821999
ce569055-203a-5a3b-b7c3-6e323c15f946,0,0.39780949174843355,0.22910075
ff100581-04d5-5bf8-848d-415d15daf03e,0,0.49585508070416695,0.39731273
7336e6d1-abd3-53a4-ad6c-5c4dbaf2b7a5,0,0.6731693432949144,0.24740194
5a8ccce6-8792-57e8-a8ef-d34e16e8faa4,1,0.8535741449393136,0.45984095
caad4b9c-d687-5cb0-ba1d-0302028d11be,0,0.00451249669779235,0.2783745
9725374b-d6f3-5b3a-a838-d38788c27e7f,0,0.9883515178597423,0.5721371
fb0c65c2-81fc-5fc2-bb2a-3e9da1725ba0,0,0.1704300932964067,0.26109907
ab965416-4a2c-5665-92a4-4e71eb74b994,0,0.39065429990472106,0.41382545
50aa7103-bd94-54cb-abad-f93a5e92e984,0,0.3380416414110636,0.488488
43ad8d7b-2d93-59ca-9753-3170187a214d,0,0.07665054237351937,0.23380338
e226a901-c3f2-5a2e-886c-cba35d857f15,0,0.009426709714532256,0.14365953
782ab19d-5cde-56f9-9f06-7578c52b7847,0,0.10369522124662017,0.24855612
abf6f264-8f1f-5ddd-a533-80d459d17227,0,0.5163740523873026,0.29229584
42a214be-65bb-5d1d-a031-9bdcde621e1b,0,0.5359475411123686,0.20212317
92510657-efb8-57da-acd1-5fa2beb17394,0,0.611949817514158,0.31758612
3c9d5b99-5047-56cf-8a5d-6458f8cd76cd,0,0.3534206325762057,0.2635911
a15cfa77-5795-59ea-8e7a-8d377b1f8e78,0,0.5736689055530458,0.58373594
9bbed642-6972-5300-87b4-f865378655a0,0,0.601995707572525,0.3440207
c1b70ad1-3e93-5cab-9d28-7ecb0a79777c,0,0.07079643558656645,0.20726213
e8b49e0e-c7f7-558a-bc99-258be8204f84,0,0.043576873380161106,0.17822869
1e69b33a-e708-5efc-b654-f7288e03d3dd,0,0.007959710894898202,0.1397563
bbc620cd-2923-5bf6-805b-ef3b66b5244b,0,0.16906011390377507,0.41748998
b27fa446-8a29-5940-9e8a-2ba3bc9ad061,0,0.1380728540664113,0.15912364
2caff6eb-775a-5ff7-9a7a-aa8fe30bfa01,0,0.4402434833364927,0.20587234
bbc3e4a5-c573-5624-ba9a-cd8d1d374a4a,0,0.33179360000621844,0.19753733
7a1943cf-ccfc-5c66-87ad-11cc8939cb26,0,0.9252710699528784,0.24083899
84baa791-a0fa-5f49-81dc-aad2e1bf97d2,0,0.287797224242476,0.18873908
c1a346a7-3a40-56f5-979e-f0add9605c7f,0,0.034271594442930056,0.1611191
f011d9c2-622f-54fb-aaed-471fc878b1b1,0,0.12160682856958996,0.2952813
889061ab-5612-5686-a5a5-be0c53b38a89,0,0.2950032413248441,0.19519289
a256f8ca-696c-5864-88f0-8cdf827c42d9,0,0.6014660475907819,0.2218695
8683be13-fdf7-5b25-9bab-aefe547937e2,0,0.16653245241918097,0.16653596
4137e3c6-82fa-5c1b-ad1b-bdcf0142bb70,0,0.2989182995081811,0.22221248
9cc4716e-176f-5873-bfc8-d173e0ca188c,0,0.266195579072257,0.50713104
bd0ced2f-8c10-5d13-b709-cc3c4571cbe2,0,0.031772526751273414,0.18207008
276afe73-68b8-521f-956c-ac8898ea6e4c,0,0.010422755848167887,0.22562215
b638a573-b1be-5658-8e3c-0a4777ade1ed,0,0.22348392181799187,0.20652866
8da8d0d5-f4f3-52fa-bc51-570a1ebaebde,0,0.14464540209718663,0.20757909
0ef53025-3fc7-579f-8611-af4c3aa9fd19,0,0.18729753725188647,0.1882901
3be0aedb-d336-5003-bd7d-c8fc664ce298,0,0.9975870597270877,0.57332426
e0c1bbff-d1d9-593c-84d9-f05d266d63a2,0,0.2965791201542891,0.20739228
395ae4e6-900d-5dde-a654-fcba41d5db48,0,0.4256025162237805,0.17738892
624da400-c8c4-5595-a08d-ffe5e3e79270,0,0.13674072326574632,0.16768514
e0bab483-f5fa-5919-bc21-12ad2c9c6be0,0,0.39065429990472106,0.41382545
8edcbbe9-0e79-5169-a0dc-8685ac9202d7,0,0.5357328183732638,0.37199935
8e28804d-56a9-54e2-bef4-8c0d26a2ec1e,0,0.39065429990472106,0.41382545
20f268e2-ee67-5481-8b1c-876f840069d1,0,0.39065429990472106,0.41382545
5c06ea00-97f7-5211-bb3a-8827367fae9a,0,0.39065429990472106,0.41382545
27e0f152-7ffd-5a6b-b758-bef98cb86926,0,0.021915821529448327,0.23693345
b6761d0a-af56-569a-8fc3-b82dbe9fabe8,0,0.4579372342054817,0.31226104
20dcde37-35a8-530b-9978-51df875d16dc,0,0.16807319108666138,0.1476182
240685b1-2f69-5a7e-b2b4-916dcd174bb2,0,0.28052421468790206,0.19707333
3eb1138f-0b0e-5792-a1a4-aecaef457a73,1,0.551902504278507,0.7463502
0af58259-2aa7-574f-bd22-c10054dbf6f7,0,0.4960777018879455,0.44349104
53bf5a1e-4f43-5ca1-90d8-7ed89f01e40a,0,0.10300346994578553,0.26319867
87c74a08-3bae-5697-8ff1-0ac8dd100e81,0,0.4275463844758424,0.47000942
e57096b8-f96e-5663-95b6-4e53d457219a,0,0.13747596245336555,0.3866634
a410fe3f-6d57-5ca5-8dc9-1ff15f53b95d,1,0.6864397940489527,0.74159724
72eb4fbf-d85b-5d64-80a1-fdee4793c949,0,0.008001096264818866,0.13582297
aff8ddd9-a9b9-5e1c-981b-eece7de0da32,0,0.8937557193701589,0.44768897
b6fe5a16-9b60-5480-89bd-1ad7ff0ba2cc,0,0.055081237901375944,0.18331714
1dbd6920-a4d7-5357-8794-6d49c5985fa7,0,5.745500195520039e-06,0.2633023
e3b7d8d2-7f5d-5927-8396-fb2cba9c38c5,0,0.014360076182344002,0.33978355
5e63eb93-52e9-560f-83c8-6e4c6246cba2,0,0.13232740353853853,0.23137939
0b561e4b-d4bf-5412-ad9e-9421147778d9,0,0.002480187050411509,0.31976724
3a9ca599-09fe-52cb-af10-d78c47f32776,0,0.20548197212514896,0.42616594
fc149a35-153f-574a-a290-87fb87699085,0,0.2806028187451921,0.23836723
036186bd-1bf8-5f19-9401-17790f57ba88,0,0.8595848853687287,0.35989502
997e4858-1093-5ffe-9dee-3ddcbde38089,1,0.8892799697308135,0.6590583
2936a865-ca42-5e16-b98b-cad13ec490cf,0,0.046065022358153546,0.20742825
c226df34-e15d-5e0e-b50c-2544637428e7,0,0.23090785185091517,0.2422621
1116b76f-65c0-5dd0-bac3-84d071c2ddc2,0,0.6578626100431475,0.35670042
1a8fa5ab-3f4c-5484-a73c-a3ae4b249462,0,0.008365136476403414,0.16503963
d174a9fc-d966-5e0f-95dc-e0ff97b5ea54,0,0.07099985635904163,0.20316358
1064b067-319a-5c76-8497-cf0139bb2525,0,0.18422738539853767,0.2609715
b72160c5-ae5f-5b1c-9f3a-e2470084a225,0,0.2997746702326709,0.17866963
18239950-7466-54b4-bf4a-77bb2c4aaf72,0,0.3387948110385768,0.2931528
d3264047-72b1-528d-86a6-fc0947473bbf,0,0.1291151052850859,0.17000008
45afeeb6-cfb1-5fc2-8de3-f1886de4811a,0,0.6208885362869251,0.32992342
d99c91f2-5538-5061-8849-f3000cf2a0e1,0,0.011587923520802767,0.24002887
fbeddcb6-a775-53bb-9490-18073805db03,0,0.9449428539366362,0.51180875
cf20486f-993b-527d-a20a-bfde1ecdf0e6,0,0.005071048276145167,0.45855165
a2de1cc1-549d-59f7-8121-3e0bc74cf2fe,0,0.011650698864884165,0.14545469
f5799b1c-f248-539a-8d29-b39b88f1c53e,0,0.18411160200991264,0.19612406
6b54eebd-27ff-57c3-8680-176e7df1a885,0,0.12288789840977171,0.1966615
523ccdba-cc60-5788-a095-92d54737fe47,1,5.684482699045745e-10,0.619972
86eb94da-3964-5c2d-bcaa-eec42b2777ef,0,0.3160150099277154,0.15598257
d80ea7c0-1e04-5046-8a9d-f132924db9b1,0,0.20175341829843368,0.18067735
2d634a59-e79d-55d4-a363-ca235371eee1,0,0.17106213857114988,0.18772377
6c119e82-32df-5ac3-9300-1cf4c90e5c1e,0,0.39065429990472106,0.41382545
b69728dc-e6b6-53c1-bd5b-09a2dfad4e9c,0,0.07838967826035542,0.15911487
f73f9b5c-8f1f-51bd-8947-69a3a14802f7,0,0.35666680665048367,0.18018658
4289e907-2b16-5da4-a441-b317677dd803,0,0.06319955973460804,0.2743957
ccd084bb-dc4b-529d-bc36-bbd79d94f643,0,0.20915165410032566,0.23020844
79afb3bc-9e7e-5efa-b26f-aa82c8aad5cd,0,7.129243890913457e-06,0.3100615
63f6dd0b-8a5d-5325-8ffd-fe3c52c8947d,0,0.6104393082526018,0.43366686
8ce61712-76fc-51ed-9015-156f1a46da19,0,0.019732867290386646,0.17428616
2d31062d-68e3-50c6-bf6d-4ad2e45daf1d,0,0.7413969593896081,0.2804329
ef0794cb-ef70-54c9-b925-2a35b1373850,0,0.03518347528720237,0.15395969
2994556c-bf1c-51ca-997c-3277ade56498,0,0.004189191791554756,0.19238137
88a4fb5f-e28b-5b68-aebc-7a485feff0a0,0,0.24229045167011193,0.4820587
e0973b9d-fb08-59a7-8b91-7d84552370a8,0,0.21945139426984242,0.30764675
d7bd57f9-ec2f-5e95-baa9-5f9f1c5ccaca,0,0.14752032253658384,0.16776402
adfacb52-2337-5c0c-bdea-2fe364c1d8f6,0,0.009102868936295036,0.1556016
6f7d0871-fff8-5850-89bf-9b1877f2a271,0,0.06294211095931726,0.20125438
fd0f308f-290d-5ed7-804c-40f6af7a3f28,0,0.19787541904416095,0.4580135
01df7ff6-9884-58be-9be0-ea9f5bfd04c1,0,0.0563927756902244,0.22428207
7966018a-700a-5355-bb71-492e2b106448,0,0.39065429990472106,0.41382545
232318a7-08e9-5acd-8f35-7b4229698ad2,0,0.03282084970790473,0.20764121
4088780e-ed2a-5711-8e55-fd3404356e24,0,0.299926856263661,0.47771654
dcf9b49b-e9cb-5256-85e7-582fe7214e21,1,0.13215391891968747,0.2671713
cc2e8cba-1859-5951-b580-51a4d3691464,0,0.1464980377126545,0.20320626
06f416a0-7c59-5b14-b8de-354499fa2309,0,0.021261103625081147,0.17906116
a32cc62a-717d-5aff-bd52-e540836c016c,0,0.6960113373413234,0.45961767
377f739e-73fa-59bc-b591-df0ff86f682c,0,0.3423417386758538,0.2598741
823358a7-dc90-5316-b3ce-238932234cda,0,0.20579294190687952,0.41308227
c3568138-82d8-5dad-9bb1-36e511d70136,0,0.372354028676812,0.29677367
54146e20-706d-5468-b75b-8b1094d682d5,0,0.5362928967482095,0.18934144
8fad7fb0-bd18-5f12-8a80-f87d6ccefe93,0,0.1338532163808634,0.36179918
9d1208f1-111e-562e-b0ae-c8a9caadaf42,0,2.2675793424126437e-05,0.3893721
aba3659f-2596-53d4-8c8e-f797dfc99341,0,0.09797089213648548,0.18296608
e41a5617-e745-54da-b10c-f46c38d8fdd8,0,0.0841537427480697,0.16827878
fe8a7bb0-5ab8-5dd9-be7c-b47859942a7e,0,0.21363720376571133,0.1871756
e2845d94-9df6-5bee-9962-359373ebd5d6,0,0.007334152773848064,0.235812
ec63afe7-5614-5ab3-a7fc-bd4c6ad49813,0,0.12791488032967413,0.15039718
d6466dc6-6837-590d-b0af-eec58b054104,1,0.464447793871742,0.29583532
74632c11-c01a-5e1b-93c3-989d06f09827,0,0.25250116277880325,0.44681442
4dc8e61a-fc5c-5b17-8f74-f745e097f31e,0,0.24269961906592336,0.20456623
df7f1be1-3fcb-5514-9933-c6a4e1ab4a1a,0,0.3485461193827492,0.18988453
621334a0-a563-5dd4-809a-0e4ad042c9b3,0,0.0451601710335616,0.25315514
45ad20a0-b8dc-5eda-8d00-60fc9bce8eff,0,0.02357540499298624,0.23714651
4ecac787-7452-5e78-b8ac-8cb7235fb6f8,0,0.38883648845399915,0.1728682
6c292a8c-ba27-5c5b-b01b-603ebb3b7f1b,0,0.39065429990472106,0.41382545
f5f1ebca-2023-53d8-98ce-9f6aecadcd9d,0,0.02614180070237281,0.27627698
a0dd2430-8f31-55c7-a57e-c6b05ec4ce61,0,0.8294498219988726,0.5815592
5ed9cfd6-a690-565b-992d-5b38edbd75dd,0,0.07881315837511779,0.18826997
d8c1be7e-65c6-50f6-a981-0ca49b83f6c2,0,0.6663118937611927,0.27684128
625bf57b-0760-5295-b93a-00a2b518acf1,0,0.067642269646554,0.17428616
a6cb7e33-dc08-5c2d-b055-ae6cd9c614a1,0,0.010590533867076106,0.14387678
49686214-0423-51e9-b2b8-7823825da26c,0,0.16648175080943492,0.16653596
6fc40b93-6bed-557b-b07f-a1db8a6aef1c,0,0.09344864118118142,0.15713471
000ebcdc-b4e4-53c9-b82e-061195a96148,0,0.13631126205063723,0.16768514
4656de9c-4e8a-5f28-99a4-a8c3128ff98c,0,0.6905724826792984,0.46021047
737dcac9-1126-5a28-ae9b-35c9829fa1c9,0,0.13027742529555456,0.18857342
85c00aa9-d813-5582-9794-4cd700a6cecf,0,0.257923196740838,0.16365732
5caa6e5f-0a17-58c0-9c58-b602305db05c,0,0.03189611662180248,0.14525516
7bee597f-0168-52fc-88b7-f76fdb1a0893,0,0.12114169592021398,0.33022976
81288b50-da53-5ff7-949e-d77334555ced,0,0.13241995106596238,0.18977928
1812e797-5b47-5f0c-8377-657eca59b82d,0,0.4096236881370835,0.47103423
005069b7-1103-5b2e-8c67-6f5e786e5bf4,0,0.5497814978716856,0.43967295
cebd2903-d48c-5aa3-9125-e51b9d5bbe9e,0,0.10869448893458808,0.29098004
a5654e95-ff7c-5584-8220-f125966a6dec,0,6.430832492561466e-06,0.19431317
5cd0d933-a1ec-5cbc-8d56-90a4ec47a41d,0,0.42507013568616,0.24830556
d7c9f5f2-c974-5f59-ae45-0d88a4be2260,0,0.14841560124935027,0.3557919
115ee2c5-215d-55f6-b925-aff2e01c2fab,0,0.3320732557621006,0.38875744
2d6981be-0c04-5fd9-8da0-0c2a8020b858,1,0.4373526788163471,0.32004103
4cba5be4-7dd4-5e50-abae-93d3add7e81f,0,0.05729043544801811,0.21334657
0e8d97c2-7edb-511a-9efc-9a279b705327,0,0.09147896494171442,0.14948079
4c8ef3ab-1d29-5ae1-8173-73246d7f71c6,0,0.187319599413458,0.20427057
03ade596-8293-515e-a1c8-8e91fe8ecbe5,0,0.12455728273852813,0.2658086
9ab7e65f-1b5d-5286-858b-f18694d5404b,0,0.42346540647507586,0.5906214
05037596-2f10-57bf-93f3-a26085474512,0,0.2964189838647482,0.38019875
e886bde9-e3d1-53ec-9000-460eb87a7cf8,0,1.51217774124475e-07,0.24430011
28811eff-59d5-5df5-ba8f-8abfc7ac6562,0,0.06114770029732091,0.35348862
b373c7d3-26dc-57e8-8181-2ac391eb3452,0,0.12164420400429533,0.2952813
bb12fbab-43d6-56fe-a88f-9aaaf8142996,0,0.6187697812321667,0.5274124
60630f9f-b6cc-56e5-9ace-20d02002e8cd,0,0.13397751730264817,0.2779559
1d1f2476-b0a1-5d57-b052-24d9fad0ac5c,0,0.03143515642786307,0.17428616
d942251b-3ecb-5362-8b03-75fba8ab4bc6,0,0.38148820338237976,0.3360933
4362b669-f447-5e1b-bca3-c6bb73d90819,0,0.9926360404574287,0.5000797
c58c9366-4146-50e2-920c-5e566574e49d,0,0.34638092810951143,0.31374517
3d2f0402-b414-564b-9193-54830657b877,0,0.04269073877580269,0.17993754
057026a4-07e5-5a98-9c3e-327e77b7ad79,0,0.043993538399296775,0.14545469
7f45ceaf-6ecf-52dd-b99a-dc248f31c1ae,0,0.1129319657656352,0.26407441
9139847b-95cc-5b11-8869-8233765187a8,0,0.002091356916214227,0.68277526
1e1adfe9-1fab-5fb2-ab7b-2e408f9d1de0,0,0.18402369286952902,0.21725562
0773f12c-fda6-5396-be8d-731bc5892287,0,0.22116966646141178,0.23605175
9fc0695c-e2fe-566e-a19f-ac708ff6e503,0,0.3254093622287432,0.33756974
14e996bf-31d8-5d7c-bdf5-d2d826c40ed5,0,0.17958927486090692,0.29210863
30321561-c069-535d-9e16-7e8abd9cca9b,0,0.16865799110721721,0.18359001
3fba5fe4-c8fa-51bb-a988-aa66dbb20db8,0,0.07622450676598437,0.14313726
586752bf-1aa8-5824-b0ed-0907f3af5c4d,0,0.6194243847269915,0.17158867
5a4c9d2c-a8b4-5887-be09-e826d53f21fb,0,0.03720630733541745,0.1771654
a3db996d-caba-5bcc-ba38-828b6450a1e8,0,0.10626838591840236,0.14492753
c215726c-9f01-5d6f-9019-b8b3d2ab3dfc,0,0.15499755888081332,0.19379771
26965da5-8366-5cc6-b882-a85e476a3046,0,0.29322193077203035,0.17866963
fd3752eb-c00a-5947-b67b-ac00f5446787,0,6.696111565061576e-05,0.21167852
18ac9868-3778-5847-944b-9c76a6d5117f,0,0.39065429990472106,0.41382545
50fbb318-a5f8-58ea-bf85-a54eb50957ae,0,0.06489586872422375,0.1514582
1578b723-7007-5cdc-b3c6-04612dac4020,0,0.09542914157742075,0.3103377
87dcb350-e1bb-56f7-9e4d-32f10ca0486d,0,0.10664823967711211,0.18266729
029e4aeb-c2c5-56f3-8abd-33bd637f6271,0,0.1622574438780499,0.41939703
ff2e1941-56ca-558f-9ef3-6bf7dda09351,0,0.8446042639469789,0.5885238
2ccdd43b-23c0-5d5c-9c28-bc13fa4e9134,0,0.39065429990472106,0.41382545
91cfc3d0-2f81-5ec9-bb8b-49a2effd3b0e,0,0.39233191790643257,0.19332151
e9c341ce-f75f-5ef5-a31e-6a1425e312e8,0,0.013662116846568647,0.1941275
2d197d90-ab4b-54f7-b1a4-d665b72eeb07,0,0.66993152390723,0.25374603
c833bb2a-baf6-50b8-88c6-7e22d10a0426,0,0.007958793381355418,0.28206342
79b4cf82-6b88-52cb-a211-65634d010580,0,0.20146813293615878,0.1616036
adf00fcc-5d81-547a-8b49-e4ef5e40ee2c,0,0.6877904859746765,0.54124194
22c225be-3bd8-537d-869d-5060d20a3550,0,0.032304962527593385,0.14131574
40b8bb58-a846-5d2c-afd3-40587f00f2e6,0,0.039728763484719515,0.21967307
6839edd2-f703-5a61-8f56-e9a5d0d0b476,0,0.169321536882716,0.1475529
136cce21-a42b-56cf-9ed1-9a6980e6bd51,0,0.8566849236590367,0.57785106
3d736060-eb6d-5d68-a120-e3729b248c43,0,0.19978062470007404,0.23777482
94996fec-4cb2-563a-a9f9-312efe71ece5,0,0.025282551070245317,0.17795965
5bfb57ca-8be4-51a4-8a18-c6fd4f479362,0,0.16326193076857232,0.16240077
384c0af0-ac29-52e7-bbfb-6a1874830ee3,0,0.07340046469786615,0.18555965
1523a494-3f1e-5407-9063-e8dfbfb04214,0,0.09045738635848999,0.4253368
51bc4775-a276-5466-8a4d-033dabc98c95,0,0.0409543887056184,0.17353584
4f53428f-7178-59a2-8107-176f63507ab0,0,0.02290327772441271,0.2775996
4dd3c91e-c248-579c-9894-8f8d457a74b5,0,0.0021606818629416346,0.2569612
fb430b49-1de7-5c22-8c49-7dd053fee194,0,0.07230693262370844,0.23778898
21e0d914-a417-519c-966b-cc3498760079,0,0.08689026017652278,0.17399192
da83ec69-a934-5c96-a9be-af65dd59ded0,0,4.276735788816838e-06,0.24861388
d8964961-be0f-5022-bb98-14ccf292f6a1,0,0.010406958702107854,0.19192234
b6dc8c87-ccce-58d1-9a28-1ac355f11999,0,0.012438045827657132,0.40019053
ee0abe1b-017e-552b-9645-bcadbfbee206,0,0.26392671097700343,0.30652317
3b0225b9-a1fb-59dc-9a5e-ae8e825f6454,0,0.15842124452435086,0.48321876
6329b981-2993-55ac-b57d-1a0e881acb17,0,0.3277690626668921,0.52503467
5c2fc20e-4c24-5599-bb3e-0bcbb62f591d,0,0.39065429990472106,0.41382545
4ec04e65-dce5-5835-a5e6-5a91a1e20d15,0,0.39065429990472106,0.41382545
7863edd3-82a7-5dae-b3d2-fb90ccf92ded,0,0.39065429990472106,0.41382545
32e8727d-c16a-525b-bd32-679cf4d7adbf,0,0.39065429990472106,0.41382545
bd734c2d-56c7-5c44-9b8f-61fea9f873fa,0,0.39065429990472106,0.41382545
2fbe6555-1341-539f-b8ff-7f7a8247abba,0,0.40266367300078887,0.505136
e36a15d1-9e8d-570d-98e7-72df46e4e041,0,0.39065429990472106,0.41382545
f0e34515-238c-5c29-aeba-6de50d02f13d,0,0.37212435541967503,0.2884596
2ec3e52b-208a-5666-9b6e-3239fca8251e,1,0.8059131309014518,0.7094409
856fe040-2622-5f7a-9ce0-320ccc5de4ee,0,0.39065429990472106,0.41382545
c94c5e03-1f37-5255-965e-4bf31f715a7f,0,0.39065429990472106,0.41382545
d1faed51-4ab8-5fa9-9302-601898e4d276,0,0.39065429990472106,0.41382545
608e4c8f-c24f-5ef6-be1f-22eedb929101,0,0.39065429990472106,0.41382545
300b9fc8-f3d4-5ba9-94bd-01e961dfc588,0,0.39065429990472106,0.41382545
49c117f6-3c4f-5f50-9628-adf4ad3aab04,0,0.39065429990472106,0.41382545
418ee89e-4e0c-5b41-ae1a-eb72ffa6418d,0,0.39065429990472106,0.41382545
babbee81-ab25-51ea-bb00-c494d7482b20,0,0.18823277574238886,0.14105885
6b7c163a-28f0-58f2-94fa-99dbc13378f9,0,0.24864698844310537,0.5236253
463c5a64-5603-5f26-b483-eeaa04c3d047,0,0.6720942608032641,0.19933803
4f0ed4af-fe1b-5021-bfe4-67e476891aa5,0,0.6003304178492985,0.39292616
0cf7574b-2762-5901-8337-fd4f0410eec3,0,0.019502545213305533,0.2256541
bf21cec4-92f0-568b-bb6a-50d89c375766,0,0.9457991106050743,0.60024273
ff1167ed-ddef-54ae-bc44-327982c59575,0,0.37803759583198276,0.23621377
fc41a651-cbde-502a-9aee-7b54a116e3f8,0,0.05680774032570393,0.24699318
fb5e2115-c5bd-5e17-a6fc-ae5b5bd39c09,0,0.12609651000234165,0.24021594
f62f7eb5-b8e4-5103-8da6-035263431cff,0,0.5957148368091536,0.26047385
94211117-8ff1-584d-9cac-87331d69ff2a,0,0.009658144308761787,0.36302507
2344ac98-a99e-5350-8769-2f631c9c163f,0,0.03189483864576965,0.14525516
fdc4c59c-cce4-5d7b-b537-9c055a3e427b,0,0.2671127543654873,0.30770555
e516fe99-614a-5bb7-b8d0-0ef668cc3401,0,0.031891206237092795,0.14525516
bf85b9f5-40dd-5961-836b-6c08ad6e402a,0,0.21862680139642598,0.28165713
ddb65a23-977a-55df-8bed-d68edd9cbc06,0,0.425715179881353,0.28174362
534d66f0-3c03-5c90-b005-9005aa31ad54,0,0.010472543238152016,0.17854814
d59add1a-84ca-5f16-a30a-a0d48683787e,0,0.8757685497710295,0.5274124
3aad8b05-9cc3-5d96-ae51-2cb544571296,0,0.016307153458318617,0.2379501
2a30bb6c-7cb5-5e03-abb3-549b2e3d0a6e,0,0.6898888392875114,0.52913576
2a8d2ec4-8e8c-538d-853c-761524720e10,0,0.01582453889025723,0.14053217
2084cef3-7ce2-5f0e-bb41-986d20852114,0,0.25792084013353656,0.64916486
399851b1-c6e3-5c01-8e9f-5dbfbddd7390,0,0.14249334712563122,0.41461685
add06b02-8410-58af-b1cb-7517665a18b5,0,0.03474241258252952,0.28298151
2c15409e-83dc-575b-bcee-f656f15392c0,0,0.10127595165821221,0.31503993
c1aa1956-a3c6-59c3-80e6-fc9c0c117108,0,0.03895052884298987,0.25948557
f42117cb-7bd7-5b78-bb2e-2d75506f36d4,0,0.003918468184109629,0.18774043
a492698a-9dbf-5bb4-a591-4ea4521bc6d8,0,0.43664217547722584,0.24375194
9907901b-a462-5309-8c6a-b7ff4fc4d592,0,0.08351770921344437,0.2957714
51946b8a-813d-5576-bea6-6bf31856652b,0,0.028033909401532154,0.27100024
f302f82c-0d75-5a7e-98f5-e099c9426c33,0,0.1011614456220908,0.2068786
ef849d6c-72c8-5a25-907e-8fe71aa2df4b,0,0.41819861295085187,0.52203405
9ae0b6d7-5c85-5658-8c8f-9ffff217effc,0,0.21173016689332746,0.44809982
e1a0b514-d063-52d1-ad40-0183a2400354,0,0.47475918687373725,0.46551627
0b1270a0-f693-5953-aa7f-0965a90e282a,1,0.9933558757383568,0.736683
bebdca3d-82dc-5ab6-942a-b97e0bebba88,0,0.14443109810987476,0.25551933
731b5b81-e0bf-5cb8-a810-ff13a097d1db,0,0.2940642360484665,0.20438571
873a0204-393a-550a-b509-aa1b5a284480,0,0.21054178678867888,0.22419612
395da65d-97d0-56b9-8861-7b281578acc1,0,0.02519352918630146,0.1941275
33419597-f321-5763-a2ec-818907cdd454,0,0.8658558480599662,0.54922473
4bbc65ef-c14f-52e7-a870-97d64b3a4145,0,0.17029688336557608,0.44605702
e4b8b9b9-5dec-5312-93f3-d87839349377,0,0.10805967751804114,0.2411383
4149b525-0647-53a9-ac30-a6ccc2b33942,0,0.5318330820253694,0.46617755
8bfdf84a-c3bf-50d2-94ac-3e0728f1b8a5,0,0.3545990726323889,0.25315827
930cb746-54bb-59cb-871f-66a95c78fa74,0,0.7130659504741902,0.3995978
c437efc2-46d6-5303-a39e-7b90b51432fd,0,0.002718448810944654,0.24119323
c275ad84-5004-51e3-813a-0d0293e7dae7,0,0.4904440896215965,0.22388607
de16f359-b100-5d2a-aeae-7f3329314512,0,0.9667506989890979,0.7719481
390ec374-9661-58d2-9fff-cc818a4e1170,0,0.02679661952190547,0.2055725
ad633d6b-8b11-5549-b5b6-b96823b9c9bc,0,0.19109573145878664,0.4139229
491ca326-83f4-57e3-b519-d49b74b16533,0,2.0035522912996392e-05,0.27922192
12a965c3-955b-5446-91d5-0d6e81766827,0,0.41129855805108445,0.29107338
e6beabff-8365-595a-850d-7d3749fd73be,0,0.18985577275872084,0.21491414
aea46e24-3d61-595d-a8da-a1ef0745a6f5,0,0.34142124279855574,0.21079646
01bf1dcc-5430-5f1e-b3f0-a75403d736fb,0,0.6228951957703593,0.21455213
a5a8a1ba-f5c5-5bd6-904d-3355441b1a8b,0,0.04194366020164156,0.21945997
3310b87e-1a69-57b6-b02f-8b6b0ecfb8cb,0,0.44332997268838725,0.2455364
144ed63b-eaaa-53a0-a836-7a9fddc44b01,0,0.07808413628817944,0.15787077
5ff939cb-fe42-596c-a7bd-5eb609150aa7,0,0.11760287380023039,0.18857342
e145e021-10f0-5301-b8ba-c639d194a65a,0,0.019583387039815207,0.46321455
46ebdddf-c239-5777-84bc-373ba689f0ea,0,0.44514111890685587,0.20045516
7ffc2fc1-8b70-52ea-b0bc-156b9b142965,0,0.06235940351272888,0.14492753
c1f094b9-5ed1-56bd-8e37-d9f9e7c89d6d,0,0.050793997877940006,0.28117433
f406e33e-e58b-5f0a-9916-0f8aee62c3d6,0,0.10930883381504328,0.21025999
bada08e8-8b57-5e85-ae87-4c92cddec62f,0,0.16650839603900194,0.16653596
7d97d215-772f-5444-9c67-6043e0907960,0,0.22688187354293493,0.16381694
ab638ee3-e5d2-57fa-804f-59db3951d4ef,0,0.2366944406553569,0.19312538
a92b15a8-dbc5-58b1-8875-2a10dca193da,0,0.06046684990670009,0.28589314
ef2e5bb0-f81a-52a6-817a-cabdf32ecb32,0,0.030884048320376042,0.1402298
1709bff5-ecbf-56b8-850b-1bf801ce00dd,0,0.15652725401370166,0.23399155
78a2ca34-ffa6-5cb6-8c22-70c74538e34e,0,0.529478482853513,0.5275622
8a7a41ad-cb13-5345-abb4-d569625bae6c,0,0.3549228682387608,0.2113227
5ddbae3a-1d51-5949-8bef-95dbc2bd08b8,0,0.19634016386651595,0.19387794
1e8a0aa8-9152-5e39-9826-182d0908c567,0,0.16275293685854914,0.36369243
ceeb5cd8-0f8f-507b-8da8-4c58a768282f,0,0.01042834348940721,0.24365678
4ebd1c78-1af5-56c3-bd96-e35a9481fdd4,0,2.4083571788892287e-06,0.19538537
b53c2ad6-f1bc-5aab-9215-847b27043d02,0,0.03127473929127506,0.16035554
8be12b8b-e8ca-5223-9299-bc0c3d648c7d,0,0.051936077593455476,0.30447805
6f6cfa4c-0a4d-5977-897b-7dcd90a2363b,0,0.028505813209583366,0.19616453
c5b0a77e-14ce-55a8-a2ce-a189e22e3c68,0,0.05274317738038864,0.13329883
8f1470f3-1a5b-5ffa-84d1-345b7feefd6e,0,0.10910068304431565,0.20208056
68a7ee7e-3f9c-5af2-8204-857e5908d7a8,0,0.031151673862238338,0.28084436
1d44fab0-7130-5e91-aaab-6922060b0350,0,0.021292218951463323,0.22253206
95d9da69-20bb-5833-a23d-d5ca70387e9a,0,0.07530231290017257,0.18706092
94ba7813-106b-5fad-9ab1-42d2d7a9bb20,1,0.20067996605121452,0.39376414
6613a00b-8359-5469-b303-a810bd7a4a5f,0,0.15090808566113947,0.16927883
68ddd45f-2ed1-52a4-bc64-6c9d85acfbdf,0,0.18250955677228228,0.15687113
aa64f4a4-1501-52bf-a63d-e84ab25b9c0d,0,0.38860751992643977,0.2711981
c33b78c6-c5c3-5d66-8646-10bf3f15b39e,0,0.12871924384425681,0.24771363
6cdfaed4-2c2a-56d8-9f8c-f5d2364fa404,0,0.1793749076163776,0.2032593
84fed155-e846-5a43-9da8-bf4579373218,0,0.22440422348429637,0.17628479
e992734a-0772-59c8-909c-b826d9fde819,0,0.354105758488017,0.5054095
fc38b2a6-c6db-5953-9dac-64d705ad51f9,0,0.1071179118051866,0.14210314
bf116588-3d48-571a-9072-26d076f140aa,0,0.001148929334646926,0.23326088
4d2556d4-c3a6-50f7-9890-126902a6b2b0,0,0.3050835968516844,0.32737204
b5e4e073-7cfb-5cf3-95ed-fabada8fb1cb,0,0.8435020699793989,0.32863578
e66ceb02-367b-5db6-97e2-cf70184b885b,0,0.014201269548466625,0.20724283
519e762f-a89c-5118-afc7-9d9238ca31e3,0,1.2196571402987853e-16,0.5246576
650064a1-e22b-5c0e-879a-fadd98507354,0,0.5026200860568938,0.25181192
bcc37522-5bc3-5032-bac5-0d0d064b7c33,0,0.24871842911037545,0.2013943
88d81094-8034-5167-8666-f116081f31fe,0,0.7615465390980539,0.22665168
ba3dbcaa-8b41-5b5e-8f6c-928752f9af53,0,0.048383135285886926,0.27157664
a393a8be-feb8-52a6-b05e-9f01a330ad5d,0,0.07107566845818267,0.25707483
b5449150-f150-515e-99aa-b2ac78174cd5,0,0.1674544354151055,0.2861482
0dc17214-64c9-5cb9-978e-ed5f9164c425,0,0.35273967316644333,0.1612172
c50b9899-a022-5e70-8005-111825eb2bc1,0,0.00129377165574675,0.30106634
32e1f057-e602-5788-9405-20d702fc96a5,0,0.2447356825557574,0.26889363
7f1230ac-0d58-5cc5-bedb-cf12290ddf89,0,0.2325113639985026,0.3313053
2bc27893-a2fa-50f9-8417-c6c4c4037464,0,0.022029147165120583,0.1941275
5e89d5c1-b53d-57f4-b7eb-e161ab3e12ff,0,0.03952364781435202,0.17353584
fac0fc82-4638-573c-8e4a-b8a5783e098b,0,0.39065429990472106,0.41382545
59a645bb-5570-52a5-9367-1aef020b68dc,0,0.44579317235204413,0.18990697
7b78ed5b-c93b-5d2c-aed6-97860f2b3d0c,0,0.998229585510338,0.76730657
89c3e374-1db3-5fc0-9b5c-76e77159165b,0,0.07712349416485358,0.3140594
cd18eec0-5938-5632-9c88-041ee9d1ef16,0,0.397474584919342,0.47661647
7e8f6972-376f-5142-b9cd-99f7c721fbb2,0,0.12077677883793615,0.1475529
26874c9f-dacb-52b6-9805-1cf34240e8ff,0,0.39065429990472106,0.41382545
632f26fc-e62c-514d-8d91-c34c58e3842c,0,0.28477550267347024,0.1939331
f48dcda5-e31a-5d88-b8d5-9c19c69a3b26,0,0.060237099134187067,0.21156901
e24b3f66-c2c5-5294-8494-eb463cd68082,0,0.4392936428154341,0.22790131
80a1edfe-45f6-50ea-a43a-2a4f542bd3f7,0,0.09069718729782551,0.26662344
3e6e9dbc-99db-583b-aa15-a31da69f2374,0,0.0007352522997824808,0.6652864
c070767b-e5fc-556b-921a-a12fa3e48637,0,0.08866385435342909,0.18205169
73a6e9a3-d705-5262-9632-995041113fea,0,0.08730293153506669,0.20424013
d454643e-5e98-55cc-96e7-85641e9066b2,0,0.21903492386429688,0.26579177
24087954-2280-5882-8bef-336ee170aca2,0,0.33038479281597133,0.26945835
1ef81227-eeab-5b5f-be7a-61da3c1e53e3,0,0.39065429990472106,0.41382545
427c880f-8430-58d0-9059-f977e244239b,0,5.413247370533028e-07,0.5799128
d37f26eb-1c9d-556e-924f-a841cc5476d5,0,0.0873774233862093,0.17035508
99735cc2-aefd-5d4c-8641-5e3531021706,0,0.29236740028612607,0.1929844
26530310-ef4f-578a-b5d0-7d6554903123,0,0.19093328921673283,0.25796476
dbb12c9e-4397-59da-b2cf-54187e1382f9,0,0.11449675441412208,0.15163884
82703783-2797-5473-8c14-7dba115b17e8,0,0.20311770256968145,0.19275278
b72652fa-c2ce-5667-9574-a973780229c0,0,0.477931562297726,0.6109222
0ea25e05-15c3-5310-9f20-5d67d9a00422,0,0.05260696030297439,0.15631676
b182a6e9-bb33-5a7e-a19b-78ff27f20677,0,0.13568446280731797,0.1829958
19c6e0f1-4365-574b-afad-ad48e37bdf8d,0,0.31284125819725417,0.44239846
c814d836-7c83-555a-be2f-27772a55b47f,0,0.3561615287230988,0.23982188
c62e3df6-0858-557c-88df-08c2921893d5,0,0.9828831917891189,0.6769753
73770a71-b4c6-5454-a4d4-dead307afcbe,0,0.16196554487654594,0.15627062
a878ec01-059f-576c-b1fe-da61e6e625b1,0,0.17919393848614462,0.42442885
0e055f94-cf65-538d-a95a-fc38f3aabde6,0,0.04037199077070283,0.17428616
669a72df-a9d7-5b19-a830-a18d66f38eda,0,0.12907230696657074,0.29098004
3d29df86-70eb-5e84-8675-297fac50a556,0,0.2330266496984267,0.33720598
5d2dccb8-1f39-51e1-9d9b-b326411904f8,0,0.39065429990472106,0.41382545
7fe917fb-5b1c-5c5a-a840-8e42a76fda69,0,0.03184133131908978,0.18630083
62c5a2d3-56df-5264-93f1-6f4add315829,0,0.38923045704759085,0.3233496
d98680b7-85b1-5831-9c3d-e76b33e672e2,0,0.02205361245326795,0.18826997
1e25c01d-e267-59e1-afad-9b224e319930,0,0.006890575748779648,0.14162627
620823d1-3d4b-5d25-b47b-f813fb249d14,0,0.12105460496238533,0.18280895
052b74e9-38ce-5590-a998-1ecac3ba02a1,0,0.08295745407705613,0.37560368
4a7a42c2-a9d0-57cf-8135-1d74fa86ca76,0,0.2496225251869296,0.46257126
7b7fe93a-5af6-5cf4-af1c-d267122f8464,0,4.6039603332886445e-12,0.6993497
02764ef9-7f64-50c2-923d-33a8ca796db7,0,0.07105211609239427,0.21157971
5a094d59-4ff1-5b67-9a22-965cff6bef32,0,0.16651872182957467,0.16653596
41ea8117-7dae-5e27-be8e-cd2d899183e6,0,0.5481540627284978,0.5217675
4577f77d-9109-5dda-8e9f-f2c3dc7fd587,0,0.39065429990472106,0.41382545
c948797a-ec9b-59c6-98e2-9fb6ddbb4f32,0,0.12319653887945624,0.17628479
0f100eab-8172-5724-863b-aecf4771e2f0,0,0.26102524496699386,0.19646707
81abf50e-16ec-5d19-87bf-afb14ed036b4,0,0.032287330328703644,0.14525516
552ab97c-84b5-539e-b57b-7e49d051be78,0,0.2259396835770535,0.46326992
e67f4775-ba84-5949-a0a8-04b7d3b6ba71,0,0.07523287264981805,0.17720495
768cc423-7728-5f3a-bee3-e9131b17f741,0,0.1376314454403414,0.19201182
474ada95-2971-58fa-b049-cf72abefcbe9,0,0.03188848353736052,0.14525516
7fb3f697-8d11-54f3-a63d-9f7983190520,0,0.3586809065956617,0.19990419
19f94734-329e-5d70-9315-25cade9d29be,0,0.10676467207331948,0.2401353
f0f37751-8f7c-5cbe-b317-1012e306d4c2,0,0.39548057059070757,0.46911067
10cae879-0eed-5a0e-9194-1bd5a1ed0d1c,1,0.5830642647755304,0.25459796
37d255e4-deaa-58b7-83db-05ae3e3980dd,0,0.0833676016813662,0.1824566
20a6f8c2-8ac2-5d90-bab3-849d0ef7cacc,0,0.045134242058493,0.20330612
7c8bdbb6-7acf-59a9-90ad-2ffe33e3633d,0,0.1614295644246236,0.16681376
04cdddc9-1f3d-5e5c-883b-d3917c96f1d5,0,0.7401629592107635,0.38488683
9f9315a2-4688-5d65-b281-7e6f878eeb6c,0,0.49413940249165667,0.29575798
c37dcb80-0a18-5fcf-8368-d3bc00fe30bb,0,0.17164517211797375,0.33562815
3f033203-825e-5089-ad82-a7246eae81db,0,0.10423899964174456,0.18226013
9c08d7dd-a9d1-5be6-bea6-5f5c9a9efcfc,0,0.10037291731739781,0.15855613
42c2abb7-96c2-5c4c-9a9f-808c03e9ce44,0,0.01865587792733423,0.16983464
51daa6a2-2212-5e19-849d-f014a8422bba,0,0.018792184012016912,0.26426655
c202587b-8900-5587-9a45-b4ca9b8b6403,0,0.39065429990472106,0.41382545
a89126fc-62a6-55df-a0e6-b74f915287e5,0,0.07981089221872582,0.25895646
cf035776-1c81-563c-b0c2-722a56da346d,0,0.43612860521355373,0.18503943
b82b88ff-e6f5-5de2-a879-bc5a1a2c6bf1,0,0.00013395502373967532,0.20154086
e1d36403-c828-54b1-b594-f86a98fbea4a,0,0.02350425352361381,0.16219872
5220ea8e-6811-59a4-967f-7bc0e0c0e2ce,0,0.03194272412174861,0.14968187
41566f2b-36ec-56be-9c4e-eb8236df94ad,0,0.038356081769049,0.2118302
79dbae98-aac3-59df-94a1-5d6b08da14b1,0,0.21971469615324915,0.246775
8b9eb4ea-8d5d-5125-85ea-d44dd149db73,0,0.08330460833552757,0.1411351
316e854a-3218-5a86-bd7c-02e83390e8bc,0,2.578760790109272e-06,0.17387943
329edca8-f9d0-5bec-b6c1-1b78b6df59af,0,0.07716347588249109,0.3372997
5b24ca93-14ad-593d-b7b1-137a3c66943a,0,0.11616496757446715,0.18417247
26b53cc4-0b20-5614-88a3-69c28b9a4f0c,0,0.0302658489416006,0.2263749
863ab804-e53c-5eca-9329-f0897b8d4a18,0,0.04244579545132552,0.39757833
10731287-4d9b-58d7-843b-e908ac331506,0,0.39065429990472106,0.41382545
590378fe-656b-55b4-b040-9dc8b82e4949,0,0.00698011704388992,0.18102871
6aca8694-fe6c-5cd6-8aaa-cc5f9c3fc544,0,0.1642664519919139,0.23056313
3fb2efec-e8cf-5c31-a00f-0df70601085c,0,0.08650578628857902,0.28144872
9757913e-ca78-5f2c-af15-1a2bd1acd68d,0,0.4362909026536114,0.25482386
7766e7d9-6fd0-5dab-93e9-9c68113b8d69,0,0.9063096302074819,0.35811892
bcf95a71-fec5-503f-8b4e-9da048d8e639,0,2.4514155306458616e-07,0.5069121
b87e8fe0-ba38-5ebe-a2e8-bddc36cef76b,0,0.12432004777809413,0.29356155
bc79bee2-cc29-57d1-97af-563abb203316,0,0.22347444871047367,0.2159251
8faa4198-c18a-59a6-972a-ff6b06764066,1,0.60019704089797,0.26839647
384069f5-cc02-5225-bcc5-eac3212a8b5e,0,0.16295618808760814,0.41939703
f4ed1de9-f18b-50d1-89d7-49cfba24b5f5,0,0.1088771621674386,0.20758788
e081c9c2-344d-51ac-b923-b1f29fccf767,0,0.04120838574084679,0.23858191
8d594c01-4140-5bde-991f-ac013c381325,0,0.39065429990472106,0.41382545
80cc1607-02ef-5326-a9fc-5a59b4fc226a,0,0.3732452742813555,0.3708422
96877fbb-9bd5-531e-986d-46bb5b491277,0,0.39065429990472106,0.41382545
e25ef71d-da2a-523d-9af3-8bae8f3077c6,0,0.14384813038978247,0.30166754
2003891c-f288-501c-8518-f2406fc82597,0,0.004921669665839334,0.2940315
7e831bcc-b56d-5036-918e-133acd072dc2,0,0.12010862654094824,0.2777059
91c8876f-ba6b-5288-9bba-372e9c16d6bf,0,0.1665458461491933,0.16653596
9396d504-e0a0-59d2-817c-fd0dfc2145f1,0,0.39065429990472106,0.41382545
34bd4e7c-f5a8-5123-a65c-936b6303a9fd,0,0.21721750113288912,0.23605175
bf1ea0b0-b9d9-522e-8af1-f5fa49992169,0,0.39065429990472106,0.41382545
2794e794-03eb-5dc1-be0c-8fca15ef994d,0,0.12629616825987622,0.5651821
e33b20ea-a8c1-5a56-9c20-9ae031462cb7,0,0.39065429990472106,0.41382545
15cab325-c12c-5d1c-9d30-c82746e6543b,0,0.39065429990472106,0.41382545
55aac130-433f-50f4-8f96-97e9ef322143,0,0.39065429990472106,0.41382545
848990bc-0bf0-59e5-a85d-097afc821a33,0,0.39065429990472106,0.41382545
3de38e03-a78d-53b4-b237-6549367b5f82,0,0.39065429990472106,0.41382545
3598a164-c7b6-5dfe-9338-92430a7fda84,0,0.39065429990472106,0.41382545
9b1037de-3f32-54e1-9772-ad0ef672c69b,0,0.39065429990472106,0.41382545
2de4604e-e652-56a6-a615-0d3db52bd9ce,0,0.39065429990472106,0.41382545
373ef146-646c-5fc7-afc9-6a0055ac9df7,0,0.6884245148943953,0.29151335
a7533f7d-76fd-5cff-a1e1-a8de1e789b2c,0,0.4326226344493206,0.5402287
bffd3dbd-fbcd-5956-b23f-2734756d21e4,0,0.7729367743434816,0.2453906
d489307f-5f26-52c5-9d92-70a6527c715f,0,0.8926529808131921,0.5420273
cedb72b9-21a8-55e2-bd5b-db5fefe75ef7,0,0.15143416740827703,0.2960409
0c6cab1e-64a0-5df2-84bb-1dd0429a73d6,1,0.08294172166151312,0.23651949
16e90caf-bb96-5e65-8241-142d743ecfef,0,0.28749588505173346,0.21963179
9d18079f-9a4b-51bb-bace-5bdbf00e354d,0,0.17966953585377593,0.1879872
c9a7d0d4-b88f-5d6c-81c0-151acc286cfb,0,0.7863875631807813,0.2164467
b0101c6b-4793-550f-8f66-f31e7dce0450,0,0.8359323675349442,0.5741641
40b15b6e-91c1-50cd-af14-39545b24ded8,1,0.9222144834823015,0.3136779
7fedfb1d-b076-5a3e-8f63-751ce98fca38,0,0.4905621811960766,0.3734237
9f04c5ac-8633-528c-b11d-0215406e4b2c,0,7.025852582299387e-07,0.21913517
74ebd42f-8ac1-5dfc-98f7-bd9fe4a593c8,0,0.017760356481017883,0.218389
81ae8b40-b2f3-5e96-9b85-f1c13ff31d56,0,0.020046815918179445,0.24708186
a6cac8c6-85cf-56af-b90a-8d735867692c,0,0.07286580738284383,0.15091312
1c1e9e30-ec3f-5309-ae1f-c329eeac260f,0,0.15183654625177911,0.29013956
ca418079-993f-5a00-9a19-a6cfe2fe1e6a,0,0.09042723051616498,0.33716252
e7f73079-cb09-50d7-a117-c6313737c130,0,0.21250143878892325,0.17158867
8987f415-48c7-5dd2-9a72-84badc722e52,0,0.01943694713048434,0.20483093
276a443f-5ae1-5f72-a719-8784755e086a,0,0.9999810792834125,0.72573864
e099b3c8-4a7b-5c1a-8b7e-a55636442633,0,0.29268746871016393,0.237091
3332cd1b-80e7-51ad-90e0-6641d1299c79,0,0.9955416083422107,0.6773302
d1d438e5-01c0-5118-a457-a2c0c6921a56,0,1.8356303386407486e-06,0.2515094
4ee077dd-a425-5e42-9d9f-da6bcad5fd16,0,0.3282194135663629,0.5422433
c8d542d5-207c-5105-82ce-fa4f9c083576,0,3.1648871385837513e-07,0.14046383
5a0d1e96-7f80-541a-b4bb-9e52c18da833,0,3.8902586166772434e-09,0.20709012
73b68846-1029-5525-b210-f61c3a2ac6b6,0,0.16755183725461495,0.15620218
aa4d175c-fe22-5ea8-a49d-af598a706dbf,0,0.6950987758490192,0.22019854
1a462fb0-79bc-58bd-8434-b89e0f25eb2c,1,0.2857886426472756,0.54024476
5dd13e47-eb79-5a3a-9eb5-0f685949d1b0,0,0.07193227967232114,0.23778898
17325894-fcc2-539a-802a-62a74c62e704,0,0.39065429990472106,0.41382545
02cc44f8-84ab-5672-a503-c3bd6a027eae,0,0.5303701589855869,0.46663117
d99d2c8a-ba6d-5557-a602-21a483b197b5,0,0.9153605056572177,0.6755796
d06f02c6-4942-5759-b506-f8bb2ed5f953,0,5.998273291607005e-05,0.26924276
764defc5-c4e5-50c4-b675-acbbf2f41834,0,0.01037349511263594,0.1748739
f04970de-37d4-5869-a163-2f6c48c3f833,0,9.464990899352907e-05,0.628242
33fa6dc5-5ecf-5846-bd56-57199c6b7a89,0,0.03953807476689494,0.23681504
f4fc9fd6-e23d-5d6c-a7f1-21832cc8a0ce,0,0.7328655871634739,0.5038453
8654ab20-50d8-5f7b-90a8-1becba8b5c05,0,0.002383653940680765,0.3106922
a77d79c5-83f4-5338-91aa-65553f98898e,0,0.4797633107027213,0.20510657
5dd6415a-0e34-5f25-b63b-f2a288abfbe5,0,0.8743496896647481,0.6494875
668e6e3a-e537-5805-9817-4f18c0e32612,0,0.0630198605244101,0.24864607
80c79196-8e4f-53bf-81ca-0a8e2fbaa72e,0,0.056417974126897454,0.55916977
54b6e14f-c34d-5336-9d66-63ae71740f49,0,0.003251587857373948,0.2115808
997a7f3a-3a3f-58d5-a57d-01a40374b456,0,0.12045716510935887,0.23591492
14133016-d580-5b8f-9ecb-a879458a7898,1,0.02794793544830732,0.22350205
3c725a6a-e1f8-5e10-9257-5a0bf14a3bf4,0,0.00015731654320292048,0.5662831
fc850e4b-e2ce-52a2-9673-67c92355608c,0,0.12252580114140957,0.5858066
61f86980-0cfd-5c45-b628-32a665d8ea6e,0,0.7780713839705303,0.2765892
2d0350fd-40ec-5bbf-b22b-c7afe4fa8a85,0,0.077687789769275,0.30344054
5c2a675e-60ee-5247-8604-ae18e4aeafad,0,0.08639285981494085,0.19120218
57b5ae91-3245-5ab6-93b2-28c3dbfd6466,0,0.007590592642873089,0.31267893
7326ff78-1e7c-534e-a3c3-4a9129d02cad,0,0.5649527800205064,0.58331424
13e87cab-3417-50dc-85cb-504237491539,0,0.20467873862220498,0.24892497
f851dfb2-0b09-58da-bd29-5972cfc0c128,0,0.03959575200030158,0.28427988
079a7ede-9d0e-53ca-b24e-9fa06f1d0a03,0,0.9993793352855371,0.6724314
c8a6bcb9-fe43-5f0f-9393-07659940da15,0,0.025554511984638893,0.3310748
1727c2b1-3872-5d75-acc3-aa3427c1fa0e,0,0.14665898041675202,0.45452747
39da9a15-809f-5181-889d-4bbac551213a,0,0.03188748166881762,0.14525516
67b31c11-c9a4-5e9e-b2e7-292a4cb4298b,0,0.21629358140137664,0.19622633
71e6ff53-cf2a-566c-8f85-9e28b994d29a,0,0.049251556800899245,0.17428616
a4fa1863-c144-5caf-890f-849652e8aea5,0,0.9999999256826011,0.65249115
a0217c7f-fd19-5a2b-b725-b91d1092aaad,0,0.029697424892907855,0.14034809
76b896b5-b7c3-5c23-becc-289f5781739a,0,0.3602008785457633,0.20244683
0ed44043-93bf-57ca-bc1f-3c5b46bc5f12,0,0.0186837012870777,0.3944194
abb7496e-1519-54ac-ad46-4c7f1ef645de,0,0.133686397565695,0.18124673
6deabb79-0837-5458-85f7-5c1e6647c674,0,0.14062323077253194,0.3340792
3a4646c9-7aaa-537c-8046-8b5eadfcfb96,0,0.013887250065151764,0.37198684
52c178c1-0dd9-5d01-b0d8-652b2e075e7e,0,6.748226374076129e-05,0.39157245
766bfc9c-2b8d-5546-8e08-662e4e565d03,0,0.012781380305585493,0.13924643
6905f580-5ee0-5936-9886-67369ad817a5,0,0.005101945418371277,0.26669756
65dcb306-a260-5978-9481-6e1d14923c98,0,0.5006114374392148,0.1929844
4a476d15-b9f1-5dde-8bb8-7cef8c6155b0,0,0.22059086115999935,0.20567587
53eb2a50-8e3e-5e4a-9213-87219b397c57,0,0.16150613257548108,0.16681376
15e13f7e-d09e-54a5-b3af-c6b2d55be62b,0,0.2325663854905865,0.20569412
224091b7-9592-508d-a00a-4772de9e9259,0,0.39065429990472106,0.41382545
f4c75322-a438-5e79-b12e-41104c2b05dd,0,0.04906021159551705,0.18634199
4704d2aa-0d7c-5a74-88de-c011f4500059,0,0.39065429990472106,0.41382545
064db2ae-0fff-5886-9761-3692be4a3e8e,0,0.39065429990472106,0.41382545
219c2327-f916-5e11-b1a5-dd7ef407e850,0,0.01297768993423286,0.1990017
680f620b-0924-50f7-970f-b98b1f246bd8,0,0.05746447510778915,0.14492753
d8e6c4b5-7e2b-5a48-a448-585ca2b190b8,0,0.1561704118714506,0.18442032
43df2a90-650c-5310-a306-130853a2be3e,0,0.8451097370103142,0.57785106
610f6a13-7dc3-5b57-a746-64c178017a0d,0,0.710368893288741,0.6774423
819c36bf-6ac8-5f8e-abf1-56e06143dc58,0,0.27883079253209275,0.2487917
a9271a46-058e-5962-a817-f3c5fbf6eac4,0,3.1797139619990867e-06,0.58897966
a6d446ca-7e34-5048-818f-3ee59de2f24f,0,0.01770687721918579,0.21430156
8199c456-10ef-57ca-989c-96bf1fd603c9,0,0.9250973642803216,0.38845956
e7c7d589-6796-533b-a9ca-d3e884a190fe,0,0.005989197514194204,0.5395873
feb4061f-c7a7-53de-802b-7e171b36c33e,0,0.599450622081829,0.4798769
cca60420-fe9d-5009-a436-5c30907d8f08,0,0.7847890629148891,0.52233356
9fd5cf0f-2824-5663-970f-9be23716fbfd,0,0.8441415891353147,0.38425183
0b2ac4e2-9d5b-50f6-9878-7568254c7c99,0,0.17157587953276854,0.5165251
49eaf984-08d9-5447-8e11-dc4275a3d3f9,0,0.060554809778364554,0.26444235
75704b4c-a129-5d38-adf3-567f6d749f44,0,0.9803486737409514,0.45162368
eb6aaa55-ead4-5e95-aa6b-ec371502d22f,0,0.01394573081152619,0.14887704
e64c6672-1cbe-5c13-9d45-57303f61a381,0,0.7314271564258231,0.39056543
e33a5dc2-7f10-52dd-91a0-5e3a573ec666,0,0.3137848517199708,0.38991624
ac18edf2-d987-5f2c-8599-3cd113fcbf1a,1,0.8566697521598582,0.54590493
9d6fc482-e3bc-580a-93e3-5b005a1baca7,0,0.46453320004809234,0.38633287
6404b3cc-bb61-5545-8150-587cdb34bde9,0,0.3010251939628717,0.19368081
6fa731fc-8014-54b4-8077-4baaabb19435,0,0.3524726542739198,0.1724893
8f3e5311-3f52-5d07-8439-130cb460ede6,0,0.5343048433833081,0.3456872
2a38808a-5754-57c9-88a0-20383b59bad6,0,0.4157105676662747,0.17703898
e24ea373-c468-5248-8864-33aabb7b6506,0,0.1467720397814292,0.23020855
c4274212-fd54-530c-ba5b-54eccb9f9138,0,0.39065429990472106,0.41382545
89432a45-d803-59e7-b084-4396a55824b0,0,0.061576470494884225,0.1929893
33d4ad12-9cb5-51c2-a69b-0de513c889be,0,1.049455393844892e-08,0.4077838
938c47ca-b2e8-58c6-8600-33c9bec39883,0,0.9858076851000086,0.64747125
6ec48eae-f1a1-5734-8e04-75f1bc4cac50,0,0.24326384401752388,0.3142941
ed358b5c-b6da-523d-bd7f-567b45ef48b9,0,0.5990537660457963,0.18238063
efa530f5-11cd-5e03-a2aa-7e5bebf9d68e,0,0.985175369877288,0.34915027
0058ffb8-e3ea-5cf2-a904-f2fb8ffbd3c5,0,0.11386522712699974,0.19417569
8226f631-e0ee-5cbc-87c4-5d0abe84b8f9,0,0.1021440388888888,0.29962236
14824e2a-67df-526c-9ab0-a894b73b456b,0,0.027502846698153588,0.47045723
dc7b8a32-7397-5433-846c-34924a332d1e,0,0.006990529831965196,0.63531697
4de7849e-dc3f-56a7-ba97-f1225485ff23,0,0.6571659288903589,0.48652366
9b5ca247-a2ce-53ed-8e33-98a2b0e67329,0,0.5149510574593652,0.22093436
213409e4-11d1-55de-9acb-e91da99ae492,0,0.10366747443884454,0.3585857
a46e1f83-895d-5ea8-b6f0-d1addce7bc9a,0,0.003223821743694171,0.20292857
561fb7fc-c790-51bd-a4ed-3d896e4daf5a,1,0.9985089099206093,0.67079043
afc912b6-58ad-5651-aaa5-700e37d78da3,0,0.416851301233314,0.21557128
d19e24c7-914e-5189-b0cf-9f7cd5004b57,0,0.013074439777316843,0.15353781
23637bbe-3a44-51e1-8f0d-e1e709557a1c,0,0.052408977607114736,0.22523923
68841c63-fb52-579b-a9de-e5b2e5d54aaa,0,0.8592215655260047,0.38060546
356f6e22-23a7-538f-9970-afdb82c50982,0,0.9220415395435183,0.26939216
264f1721-dda8-599e-9b24-cd903545957a,0,0.11759397620918885,0.18857342
da692bda-2704-52aa-b538-3db9f68de543,0,0.22678708137915202,0.16323185
5c5ed264-c4c1-51d4-9c07-8924f2d9823e,0,0.5838234443610504,0.6344575
f8031170-2156-5483-8e06-8f4d1ae3b11b,0,0.8755603173666522,0.27267706
ea8d0a3f-0150-5ff2-8a68-03b5d3df6d9f,0,0.04212732766340774,0.48107022
44457790-d652-5ac7-9e2c-bedbe28f0e02,0,0.01455445963488633,0.19507796
8ccd304b-a0c1-5a28-b8f6-929b71b4e4d9,0,0.8471811892201565,0.47135115
1228e241-8f97-5633-8531-f641f7ae80dc,0,0.09387249854827949,0.18944155
58eb41a0-eb63-55ef-bf0c-bcdd6a03ca04,0,0.04566382856551693,0.28632542
2b41dc63-fffd-5277-a3c5-210c90ca019a,0,0.18658924000728738,0.58007246
11129e0a-a419-5ad0-b16c-76f41a665fb2,0,0.9569159536217712,0.6365723
d260f725-4e64-5fa9-a46e-9a1124360d5e,0,0.007618453786533941,0.319084
442e8682-f4b3-5a8a-9f6e-1fce3564376d,0,0.051837363716687096,0.611158
c8ae6342-9922-5973-835d-c8c64e46fc32,1,0.9265828185902225,0.7325065
fb2ba591-743b-512d-876a-cb1f11ddf08b,0,0.012154502939909832,0.21933304
e86f9490-d39d-5b61-ad09-24d70f8105e6,0,0.2368226573481934,0.31681913
bd5ae049-28d9-5dca-a557-5051112ad14c,0,0.9884725115283436,0.73216164
cf05b57f-d0a9-5f01-978e-1a78edd38938,1,0.9181340037646568,0.5661204
76fd1fd2-d39e-5e88-a377-012961c7cb3b,0,0.430933338799168,0.40283766
0edc3046-db6f-534e-9184-02d540767154,0,0.3300216725148227,0.30980512
37f2b49a-5825-5a95-83d5-76050bac4b41,0,0.9686094443833226,0.4444761
03197e28-b0a3-5dc7-9966-67b9a08c082c,0,0.7405998997682107,0.37999105
533884cf-ee02-57b6-ae8b-ca0f24a2ab93,0,0.39065429990472106,0.41382545
748c68bd-04d4-5698-b77f-a30a434515e5,0,0.39065429990472106,0.41382545
e69f10d8-002e-5060-9c59-fba4ef4b6203,0,0.19151744329167275,0.34267625
19e5ccad-2c63-5b61-a165-08271f192548,0,0.2044221876374332,0.20767185
7cf9721c-fcc4-5bef-a033-6e40225f6a7f,1,0.778215929575687,0.5224007
f09982c4-96af-504f-9541-0d48c9b67e0f,0,0.927920628518526,0.7145834
91e9490b-402d-5351-b00d-2dbf78ccb4c1,0,0.5688235881530288,0.26944837
0175790e-e22b-55a1-96c8-1c5fd2cff6a6,0,3.6571865927159034e-07,0.7326627
729e8edd-bbb9-58a0-81f3-a62868e0010b,0,0.1375883848966116,0.3727728
c9a05df5-1aec-5746-8978-b0befc8ac9c2,0,0.00870674105220507,0.14016472
0aa9e56d-0a9d-5fe8-8c4b-8acd24240dad,0,0.2224011734039021,0.41397202
67ebf104-1621-5d54-b75b-93b77801d455,0,0.8010215666694093,0.46954313
291d33e4-6705-586a-8267-2faacc552670,0,0.8702995751495077,0.6140494
bf509295-10b8-5d21-a47c-256963a926b3,0,0.18755273991114665,0.20880847
76afb8ce-302e-5913-a342-b1c36b50e63d,0,0.9795442979248367,0.72923553
fc99aab5-0a72-5cd2-a20f-4d4aad7bb67a,0,0.007870327469691218,0.45116082
744ee228-b1b1-555e-991d-5a2552becf2a,0,0.01612391022700907,0.329514
9bd69959-b2b6-58b3-8d75-5d672e45b266,0,0.8405825156644101,0.3331066
46bf3a86-2648-5cca-8722-db96b4c93d91,0,0.823896949521696,0.29533285
7f5524f1-0ab4-501d-976a-0c17c58fc4b3,0,0.5503098332685461,0.30018052
e4f83a20-3f6a-5a3d-ad27-437be5f17152,0,0.64202164078533,0.6462796
e59226ae-166a-5004-b0c7-272e5d0e41af,0,1.859925658905282e-10,0.48024112
0a9764a0-401c-5da6-bf1f-8b86cbd179d0,0,0.008231342035387532,0.16527511
51915e14-634c-5b1f-bf61-2fc366a540bf,0,0.040231260611116475,0.22321197
b6a7eeb6-6597-5fa5-9a6e-307abd0feb7b,0,0.24257889491741014,0.3738136
d1881b8b-508a-5889-97ee-b81ba68113e2,0,0.17592170732674145,0.1475529
ecabc724-c67c-5665-ac44-5575bac32e9b,0,0.6108802205367582,0.48587045
6220b85c-2076-56d9-9e9b-9a84cec56d48,0,0.4592325440617725,0.40555224
46da5d12-338d-509b-bdc5-6df091062308,0,0.39065429990472106,0.41382545
6aca8da8-5413-537e-8f70-78895fc6476a,0,0.05152028518616859,0.29845503
7000093d-8c7b-54f8-ad80-947e4ef00a89,0,0.8070066647761811,0.5067508
53053d44-1c8b-558e-a176-4e8145b83aa1,0,0.39065429990472106,0.41382545
ded37df0-c2b7-5b3e-acf9-7b08ec1cda3a,0,0.001629779781248979,0.29452786
bfa45143-3ebe-5670-b3d2-b93a9c81b6a7,0,0.22002152466845218,0.1906421
2a3523ac-75e8-5313-9625-b0bd18fc2ec5,0,0.2528762649972555,0.35966522
ff26bf73-1080-570c-a6db-df83418e2601,0,0.5015150431867725,0.21979228
9ef29e69-4944-5fe7-b38a-debd68d5b040,0,0.8175373818102164,0.7926006
b24901c8-5acf-55a5-a254-b84f7e4261c7,0,0.7065034978228748,0.4821375
f1dcd489-4951-51d0-a49d-f6a254b3e614,0,0.9538597044938819,0.65727395
e316d8bb-93ee-5929-bbcf-f52f74f1dc20,0,0.958123276193624,0.527913
3906cf8d-f9c8-508f-8974-5ea6c3cbddda,0,0.9237290397365274,0.43858182
f349fb04-8828-58ae-a49f-0e26fcd1ed89,0,0.39065429990472106,0.41382545
4ae41efe-75d2-5a6e-afbe-5eb40ef10321,0,0.32265293328962935,0.3396036
3c493c0a-ba57-565d-b0b7-d0a9728f7f38,0,0.23202238325324076,0.2391555
5b7887ce-c193-5e93-ac39-246e01064ae2,0,0.9059386981518045,0.68289953
0a812e01-b01c-5c85-b7c5-f71c5a8a7fae,0,0.9246699298357306,0.40337822
5e27f6b3-ec27-5711-9b1a-7eac5ad0fad6,0,0.8364702864587442,0.48549524
e5121649-f0a0-51f6-9690-b92bad43fa75,0,0.5507565245819527,0.4161626
6e433e5f-9c90-5bcd-a20e-e534bab6d881,0,0.04294287216634614,0.20341897
9e622d3a-a396-554b-83fd-bb0d0fcdffad,0,0.5356570147694371,0.3557667
a1f28602-ec2e-5ca7-b517-c785da8ac5df,0,0.09844945760838858,0.24568835
23965061-03cd-5085-9112-c6aaedc8e1e6,1,0.9983078603922659,0.77332646
f6c11915-96a6-5da5-84b2-7fb830e9b2f8,0,0.361798577197115,0.3910824
cb4f3c30-67ad-5fd4-bfa1-ea00300cb4f3,0,7.727523289712221e-05,0.2934152
56aa0468-b78b-515b-8c79-bf9cd5de14f1,0,0.36445479576305095,0.3068897
0aff685c-e1f4-5ae8-947d-7e0eb4706bc8,0,0.14443540940959523,0.15148765
8d3347d3-a067-57ef-ab5d-a98b4f86734a,0,0.7691177215523025,0.66156226
c6d776eb-dec1-5dec-96fb-2b362926d176,0,2.563998641118147e-10,0.3883046
03a1863b-85bd-5077-8be2-198606b6eba0,0,3.881140669735841e-07,0.31026426
aee267fe-c9ee-58e9-9892-f938d941568e,0,2.605335723537053e-05,0.44272164
f94ad427-f7e1-53b8-81eb-3bb02437933c,0,5.5901571172402885e-05,0.34220394
0903a389-8c84-512f-aeb3-1f25beb1ad81,0,0.0589853014247197,0.25734702
c0b578c4-3196-5e27-af43-4af0b49a610c,0,0.4329007795205283,0.17351963
342244d3-5ce6-513e-a1fb-7ac08e7f2c62,0,0.0835424711504403,0.22521253
f08fee25-1091-5215-99b0-2b1963c32a78,0,0.39065429990472106,0.41382545
5b646282-7040-529c-a018-da78fb1606e3,0,0.14340353181945728,0.20965344
28d6c5bc-e9b2-58ec-b924-b5273f5fa866,0,0.10956829999244476,0.14524142
cdd891a2-530c-5283-8fac-1bafaf13f5e3,0,0.39065429990472106,0.41382545
464f9b63-15ea-51fd-be20-8d6301474c03,0,0.32808118108484435,0.2775569
eb8d98f2-4706-5060-8307-f812f87bcfa3,0,0.39065429990472106,0.41382545
35285e0d-8987-5403-98a6-c1cf9e4a2fd8,0,0.12168180598558515,0.15686998
5135d758-cec3-57ee-acb2-e1f80499c50a,0,0.514168415360215,0.18455236
7788bcf5-b8e6-5617-9990-b2d0c4543f8e,0,0.0011660995806407966,0.3473254
f1a6fd59-3133-5f4b-b217-c99511d033de,0,0.573742309785188,0.4453209
9977980a-8ac5-52b4-9547-ce4a81c0e2a5,0,0.7667563577584802,0.50982434
c57290ea-d162-5d3a-9c0e-becbead9dee7,0,0.31757709853215144,0.5358398
22927a01-3561-5387-99d4-93af71097b29,1,0.5459775159242858,0.73713493
f54b57f6-1db5-528a-8b7f-12ac72afde21,0,0.15427960944156033,0.3916365
091d3407-034e-5aa5-997e-5203b7e6e86b,0,0.4428810454966306,0.44062597
116e694b-92c1-5fe9-bb56-1ce427b8d416,0,0.4526948227970717,0.20045516
8cb93449-84e7-55c1-be35-e155656b5cae,0,0.9162410426274679,0.56965953
75ba36a2-65ad-58aa-9d56-02b3c64741c8,1,0.8882538198487916,0.6920305
d5b2ca66-446f-5f56-a831-fdebf5b0314b,0,0.12913858435694756,0.31359497
78bd4f97-4bde-535d-9bb7-47de54c798c7,0,0.27040965954790414,0.36192366
f738967f-483c-5db5-9c97-804fbfba956f,0,1.8905413755113154e-13,0.6426271
0a035bd5-b4fb-5d0f-983c-e07b4f0c1597,0,0.1202435580257435,0.220874
d1c56d5b-1d92-5c90-a705-f07824457329,0,0.7629802734073782,0.5783422
6acbc3fd-6248-56ee-a8d4-c2e2d50242cd,0,0.643788691491959,0.2754063
1652ebe4-aaa4-583f-aa5d-0e2c5e5bfb45,0,0.5155822643047713,0.21337713
73b61948-8147-59fe-967a-1358a031064a,0,0.6816210560658873,0.47993976
ed793fef-63a1-572a-9d1a-9a7b4e086c3e,0,0.08658813448281588,0.21263403
713aabe3-351b-5f96-8c86-852e5c6f9793,0,0.7272639211623771,0.7095051
eaa223a7-3ee5-5b60-ae2e-0d5590afd381,0,0.39065429990472106,0.41382545
85862609-1701-52a5-9653-2e28207f6b2c,0,0.9989987553799743,0.6169592
485d85c9-b19f-5270-8862-8f523275508d,0,0.5010168532832133,0.39215124
6b885e61-076e-5e9b-9a9b-b5fd85b4197b,0,0.05839572177884363,0.16880105
9fadcc11-3469-501f-8b8d-9c1c5cdf0565,0,0.14394918367706935,0.4008207
2f22791b-4d10-5965-864b-828808aae0c0,0,0.7821945591872268,0.5242587
4b76d91c-085a-576f-af70-fbff620601d4,0,0.6881377334786681,0.65420353
56d7cfc0-8af8-514f-9d5a-e1af55659af7,0,0.0771260946936245,0.13823594
fa960eb8-c5a6-58a4-b942-2df06c825516,0,2.3512327183660193e-08,0.46144152
e26fed6e-31ae-5bba-aaa0-94da9d9af22d,0,0.02039821585763658,0.14492753
56b91000-d302-53be-bc42-2b10b2c3c027,0,0.06945179764796165,0.62516177
661bbc61-b6c5-540d-9cad-ee220fbe8799,0,0.44288196263361485,0.44062597
7c966a17-2680-5736-b40f-ea0c10321cf5,0,0.3413993977470351,0.19635911
38e9f419-1881-54ec-a273-c8f6c1e7e61f,0,0.17923493378377112,0.16860001
b4863732-8e40-5a24-882d-a5b3d2f7b12f,0,0.9974475725432228,0.6877224
5681f34d-a84e-5d8e-8159-10e472ff92a3,0,0.0133311074864947,0.1987042
bc0bd067-a7c3-5d10-a3d7-067f315c5b68,0,0.6939018785614607,0.2346613
11abc4cb-039d-5e0b-a354-db63d10e5af6,0,0.44288628657008994,0.44062597
16920fd3-2801-5ae6-9316-a975b915158a,0,0.0005699807585565935,0.2514457
bb635ee4-aaf0-5b97-bc6e-b7b120810f94,0,0.3680576678825333,0.28929752
5d8d5b59-e303-5e82-9962-5cc84657bff5,0,0.5497740305501043,0.2823127
4ed2e1c0-ce0b-513e-b3d1-19efcfd4f98e,0,0.4429022106797193,0.4728636
8ad69210-b901-5964-bb2a-dbbb6f999131,0,0.3720417956983642,0.17857572
004ad740-4b3d-542a-9446-69bc450f15f4,0,0.1768140689441872,0.21206608
2cae4636-0a4f-58e2-82d5-c92496fa78fe,0,0.40047587478259733,0.23904328
c95b2b7a-3761-568f-9b5b-f733392a1654,0,0.7659486194747287,0.38034993
8aab0956-4f1a-5bff-8349-2fdebb3aa421,0,0.7220489571164351,0.74607384
2f6b3d3b-6d21-5b8e-a9c7-2f7738a9bc79,0,0.3181989236847613,0.22110592
f46cd9a6-5d0e-571d-a18c-aa28b634793c,0,0.999999568305823,0.5820386
b6f4351b-82eb-5a8d-9886-65a6e29af7f4,0,0.5344726326509384,0.2577136
b7363ba9-f583-5205-933c-78d71b54dd27,0,2.4900300077298573e-05,0.62735075
4c5a2bff-8a3f-5cb9-9b36-30ec56752ebc,0,0.36344994056761604,0.31023034
3dc30cae-f42b-5d6e-ba58-1b5e9c665151,0,0.12574656321177283,0.18831702
23022c3c-167e-5c8d-a422-e5d808cfefa4,0,0.2374687126021728,0.19555716
078e79c9-5dc8-5963-b5de-f564186564f3,0,0.10487355220972189,0.24558793
c8bbb17a-0b05-5a60-9a40-448858ca978c,0,0.6925690168554823,0.5158014
eead18c5-155a-51e4-8095-a7a7ba347657,0,0.012116588878005582,0.25954247
1ecb8620-a1d8-5e4f-bbd1-d55b3316f87a,0,0.3902180729933433,0.30404106
86bb1d35-57b7-53cf-9593-d0fa5c8e5a83,0,0.12582107644792975,0.21195237
f08010e5-8a68-59a7-8cf3-3879fac26ca1,0,0.8685137720783792,0.60053533
56fd0b1b-27cc-52e4-a040-90b2e76f1eed,0,0.07515457338357219,0.2036119
1b81884d-f6e0-523b-823b-542e872cce8b,0,0.7491259711167386,0.4000567
7877019a-4251-5c53-9243-3dd1dfc63840,1,0.8345388067465871,0.6812084
092992d7-0c25-5ed2-a536-b412907030c9,0,0.13023101095357562,0.20208056
65604da1-e3b6-5740-877b-7315e305c724,0,0.39065429990472106,0.41382545
02a8cafd-02cc-558b-9679-b84425e99bfa,0,0.014755157592983185,0.25589636
7c180ebf-f81f-5704-86ec-0fb00bb9ec88,1,0.2962009021863015,0.4398559
4426f651-7b23-58af-8ade-7ca224d1336c,0,0.03227066295243182,0.14525516
43f056f4-a771-5cbe-85e2-568d573ff561,0,0.7918228541415547,0.63295084
f723e36e-128e-59f2-bf04-58ca2b4d3ecc,0,0.28909726360053883,0.17447501
2af44c74-3485-5684-8319-047d17fad75a,0,0.16617410463079893,0.1889042
5a47bd8a-0e76-59a6-97e5-a723f755dc38,0,0.030791537027609506,0.17457418
2bccd99d-2ad1-55e6-939d-6f35e729e58f,0,0.012080502526397247,0.2483715
6ea5332a-9b9b-5fc1-8df8-ebae5f958e6c,0,0.09969689473803561,0.33851343
5b5eee6a-6469-58e5-b544-8d9cface1537,0,0.14429881843558068,0.41065922
acc50dd4-5590-519e-af31-74f3a14eae70,0,0.4264442462978365,0.1931644
d8d6f05e-5672-5567-bfd0-87689da587f4,0,0.12020503785880071,0.13410193
286060d7-5a85-5568-a908-cee488f868e7,0,0.07857975928774025,0.35042173
1cc61daa-1807-59ad-823e-3afe7fb905d0,0,0.39065429990472106,0.41382545
ca587363-5783-5091-b891-e0aa10735058,0,0.39065429990472106,0.41382545
6d3f8c48-2243-577a-ab26-e52d7ccc0120,0,0.39065429990472106,0.41382545
542f770f-a486-5edc-aec1-c71fac04ddd6,1,0.39065429990472106,0.41382545
51a912c6-b150-5328-9cd5-9a4107bd3e33,0,0.39065429990472106,0.41382545
a31ed246-cd8f-5993-8c82-da202c2524e8,0,0.9152724434638577,0.6492281
0c877844-b6c6-5319-98b7-db1c8eae4f62,0,0.5999903743547107,0.5938811
c572c3d9-9094-5a96-8da5-8ed396e7095d,0,0.8137847823863691,0.28767952
804aee72-a473-5d4a-8cab-b6e8d506748b,0,0.38910732635209777,0.1931644
a01db715-2f2e-5a3a-a13c-337a0470783f,0,7.452010434767609e-05,0.4704169
b7fc50d2-f6ec-5934-8390-6e349e333d2e,0,0.1562833439582719,0.22832648
acc65796-5d15-5f52-856b-2ec95f5f2e19,0,0.9893102780813325,0.7259931
7ba30f63-d8b4-515a-8d58-5eb4546d231d,0,1.2012484995366778e-09,0.65178204
6f0b332b-f4bf-52b1-84e1-62e1a2e54a9a,1,0.592559077317611,0.35586193
f4f070cb-a102-5252-b120-13a31c402e9a,0,0.0425744243097561,0.41301414
878b404b-90e0-5101-8e81-0a1e61c4989a,0,5.262411732465369e-07,0.22232457
772202e5-1641-5013-bfde-8e0dfb883151,0,0.24616970147898426,0.48126197
4896b4c3-daa2-5a55-aabe-b11bf74077dc,0,0.8541141857723636,0.39592016
73fc9367-1544-5d2f-b044-92483b570bb1,0,0.9661996431752176,0.5191653
52df86f9-028b-5f05-ba9b-212b49399263,0,0.28923959479083766,0.5489792
f40a02fe-4b53-5343-932a-33dc206df22d,0,0.14895588483996314,0.19368081
429276bd-f522-5f04-b5eb-f2d2de6d0e0c,0,0.011790045785785623,0.35597247
beae1cc1-9da3-5163-9b25-fd372f8e7765,0,0.17633739198178164,0.34698185
b1bc8e85-bf43-5e64-9423-ffb653ccbfb4,0,0.34495487741337283,0.49981314
f8585d24-474c-5025-8d0b-aadf75ec2785,0,0.39065429990472106,0.41382545
980998d3-65da-5d94-b7ac-70756f984e36,0,0.0025772006488918348,0.20330964
62b245ad-9338-5fb1-88bb-eee3779d2a40,0,0.11650651536212413,0.22462232
1e87f989-24ab-520f-b679-e476373e6be2,0,0.18438118209916926,0.21053617
d7c4ec83-592c-5a9f-a85e-27f59981a540,0,0.31451155022502175,0.48199356
2c1a7ef8-cb5c-57fb-9efd-36e68472185e,0,0.9877970602358169,0.70400685
24dd4523-2860-5ab4-a841-4d2f15d83ff2,0,0.5138542603165005,0.53096646
ab0bb3c7-a22e-541d-838f-cb88b0736b8f,0,0.5100387592400214,0.24962327
97b8c444-1b21-585d-a8cc-8881dab4830f,0,0.9769300027175308,0.80193466
38b287d7-dd70-5aba-b6d4-036a865558c5,0,0.8043286621015634,0.29664487
bacf33f2-907b-550c-970d-1bdd2dc1a78a,0,0.39065429990472106,0.41382545
b9333ca7-27c6-510d-b1b9-79237791263a,0,0.9035474843799167,0.37681085
8517f877-d9ba-5849-8b41-fd7bf95dcdfc,0,8.394843355131328e-10,0.37155107
3ab66aae-6bf4-5332-bfeb-9dd861e057b1,0,0.39065429990472106,0.41382545
6ba5c49f-f316-5c23-9fe5-98553ce26242,0,0.3539471013858163,0.34979227
e82a8a69-42b7-5232-9bb1-4e66f8293295,0,0.45943978589634216,0.2969877
9592dc3b-a1e5-51f3-8806-39e99db80d50,0,0.07064587007267557,0.19363227
ed44f382-a256-561d-ba21-d3f32fbbce54,0,0.7227140196604325,0.5304657
9dc89372-a830-53c8-bfa6-2d790ad2f51d,0,0.39065429990472106,0.41382545
4a5035d9-86bd-5e3e-8e09-348061bfd5d3,0,0.39065429990472106,0.41382545
f618dbd0-14fc-54fc-b9b9-a5d133f00d67,0,0.39065429990472106,0.41382545
2916c3f3-b2ec-5977-a4b0-83054955bc15,0,0.16640715533148825,0.16653596
fb4721ef-1e34-5868-9996-f6a7682b46bd,0,0.39065429990472106,0.41382545
fe6caa25-5f35-53c8-be6f-81f16b02408e,0,0.39065429990472106,0.41382545
506deae1-9f7f-53b0-aa2e-083b4916858d,0,0.03190533849373784,0.16290073
9bcab08f-af1f-5ecf-8d82-a322043e259a,0,0.39065429990472106,0.41382545
d23aa16e-5092-52a1-8bf8-02d98fea427f,0,0.7369909415849606,0.18219928
af408354-0bd9-5f82-aa0f-52f181854bb6,0,0.4221271094595598,0.45877674
df936e56-7e28-59c0-8a06-ca12eeca039d,0,0.2846568021655528,0.26585674
f9390c67-8fb7-5cdc-bf34-392f4887d40a,0,0.34952398397342166,0.22107817
df9b132b-639f-51e8-89b6-7e2adf052fff,0,0.712558795409731,0.4134594
926e2814-4955-590e-9716-767861d60378,0,0.03008000356447261,0.15590045
3413c438-c444-518c-874c-136e80ecbee5,0,0.41091658714575635,0.49191922
8f5aa09d-ac01-5814-a260-2b2e43092852,0,0.038668413699632025,0.50514823
5b49f25e-5c3c-543c-bd43-37ceb3d78565,0,0.30157684476826324,0.582714
cdebb210-d3d6-562c-89a0-89ed7393840f,0,0.07171985673551079,0.19973968
ff31a2bc-c6a6-56c0-b8c7-5a71e97648e2,0,0.5966214841078655,0.42147794
ca989e99-9999-5eec-8816-67c94a78f7a5,0,0.7566833084149306,0.6655126
830977c3-9b41-5eff-8e97-c7b689a17e38,0,0.0029775970317442693,0.69912803
6fdc443f-9b42-5f61-909c-ae5c14a6951c,0,0.013348231422391959,0.7351866
e752f9b0-4a39-5a00-8e59-f0f5581fd573,0,0.05041632223438675,0.14545469
3bfe4249-8c84-543b-9b48-8f316a100d8e,0,0.9678513302662176,0.444694
1b1f07e2-0c25-567d-812e-ede9da96ad90,0,0.32876407341150243,0.290292
c2689aa1-ebdb-5b41-b0f9-77b9096bd1d5,0,0.8525306392754619,0.4666104
007cf2c8-74cf-5b2d-af74-e452783798d1,0,0.41535622331797006,0.20990996
15035248-6ebb-5aea-95f6-e31712686a07,0,0.6849343877589145,0.3234742
89baac69-87c9-5ecf-96fc-1e4c25c94bcb,0,0.46358947020569286,0.53784317
b25bfde2-c71d-5bc5-87e9-17047919dad5,0,0.1674093526700567,0.4390474
c8439f86-8e58-5fae-a0f0-63e70b55bad1,0,0.45438278602743354,0.51346564
48d68ec9-297c-5a15-9156-214370be0bf0,0,0.998943197980027,0.46101153
a4038443-b879-55a7-9ae8-bda8039c342b,1,0.09258819089765896,0.21467449
fe87bd20-e450-59fa-8061-a4fe54cd9c04,0,0.5081387610904324,0.1929844
0fd03d3f-74d1-5f8e-b813-742095f2e05d,0,0.7347111823380846,0.2749397
2d214552-be6a-5bd9-a340-12b1a8cb6053,0,0.020815755287960893,0.18332565
70012f95-1b19-5087-8c60-a343ffee5426,0,0.1836101749227473,0.38095364
4d4a7b20-1d47-59cc-bd90-f2dfea4ca148,0,0.46570970129230527,0.57366025
a9b0d9f2-607d-5249-bf5c-c2f5738a4fe6,0,0.27899841329311637,0.42639747
11cf6f36-b1d7-522e-96fb-1f533c556927,0,0.23392656365873596,0.49194056
38f3e407-a8f3-56dd-9d21-abfcb6bd8bfe,0,0.003449609211493225,0.27107048
e7f28afa-e3d6-50b8-a7ae-524787541726,0,0.8814703567569558,0.47467056
1d7908d6-aef3-5fd1-bb1c-7b3ea1da01c5,0,0.3135970866554109,0.17955212
b96dbf3a-1391-5529-966e-a309afb46763,0,0.018586766749562063,0.18929309
bdf487ae-2657-5ce3-aebe-12d613a3d44b,0,0.30508784091951646,0.25703
e9b5feec-8287-5e55-a7cd-f04d6f63c775,0,0.4409218029378031,0.20226546
fed4f626-f87c-525b-9ee6-cee56c240459,1,0.9795011696507457,0.67708236
3581444a-e9cd-530e-8b93-00cccfcdf663,1,0.7148446437662771,0.70617807
b1dc52b8-3b1e-5b5e-81ac-6a42afa9c945,0,0.021149086185410115,0.18266729
1b3e2146-cf8f-51d0-b0da-bedf3f4d579e,0,0.4066805235158621,0.17892727
48bac7bd-56f4-59a4-8b76-8a8ccfc3ca80,1,0.39065429990472106,0.41382545
02dcdbe1-592b-56c4-bf1a-5ca0b859a318,0,0.21532262978859895,0.25599346
da828eb6-05b5-51bf-9f25-a62e1e70fb1a,0,0.39065429990472106,0.41382545
0bfc4e0b-08f7-5766-abde-8a07cbc46e51,0,0.8612583180451673,0.57854694
f1d47c2a-9fc3-5249-bb30-0639b366feb0,0,0.4101858581178646,0.4098491
817c4ffe-be39-591b-92e1-9acb3583a115,1,0.8043542316014265,0.6901268
c88d0d0c-d698-569c-8c86-209e1fe21128,0,0.29392523962257067,0.25474232
5e1d0017-6395-52de-96dc-ffa3f7143549,0,1.0667042708685064e-06,0.14588284
3b327fa4-1e57-55a3-b36b-e45625024370,0,0.5424796669072762,0.48208877
728e1d3c-8583-51b0-b993-5951ae92a3d3,0,0.6119799882127605,0.2586414
e14b5f18-8dcf-5e8f-a99b-98a602b7ec07,0,0.00020096562206210205,0.55759716
dac0b201-fc73-5262-b8ed-5ca4cc93fd74,0,0.07218739358249529,0.19656907
6aa9f941-0360-5fa1-bb27-5cd05aa19f77,0,0.9994358820742343,0.70667976
b620ebeb-4705-55f7-b472-7139a0a7d51f,0,3.765837282895961e-07,0.38479665
9e8fc321-551a-5b79-a397-91ca035414b0,0,0.9999455716971534,0.70445406
433b3207-7ff1-54a1-895e-f1ba00a1eede,0,0.21374373724192655,0.50942993
e59a3d19-e264-50e7-9af6-82dbb8a39074,0,0.026875376139154954,0.18594868
2e866ea5-470d-5d1b-b93e-c52a134b9212,0,0.1720713038034489,0.1784724
b228fff9-cc37-57bf-9c8f-0065ab55dae4,0,0.49325416586746723,0.2523693
3c1bfd26-4398-51db-ad18-136f476643b9,0,0.9208499858228267,0.802392
3e2d6d19-1a03-58ec-8629-8f7930d73bdc,0,0.05577977179076082,0.17724016
c5869686-fdc3-5013-a75d-a77d3a8bb57e,0,0.669478809346641,0.4171545
2af0845a-8124-5512-acfb-b9d7124d847c,0,0.4109039006896602,0.22000311
13d08b6e-dc6a-53e3-8028-b9469c330cb5,0,0.9215422786481184,0.43538183
04400fb0-63b8-5296-ad55-12b5831935e0,0,0.17171896180504245,0.32410708
cd5eb771-bbba-5642-871d-868e20b3d788,0,0.1391389932345325,0.40045267
ddf57819-7d91-5e3d-af56-c3b4e5a8fc89,0,0.23163055019259576,0.21347845
b4dd1ec0-eaba-50b1-9516-8f93099994c0,0,0.12898192182985493,0.15721877
9964d190-57d6-54dc-aa34-fb4f9eb74d79,0,0.03717373275483639,0.35236317
82dab774-a7fd-5722-a1ad-cda41346b56b,0,0.4874049109383074,0.5581302
34a5a64e-7009-53c8-b3c2-586af3c60bab,0,0.0006175909359629774,0.46165207
5eb1afb1-ff9e-58cf-9be8-0ff5c432625f,0,0.12045000017103151,0.191482
94877a03-f938-562d-adbf-3fee539ca803,0,0.9416649651616092,0.58101666
87a38f95-6db7-53a5-8708-bb8e56effb99,0,0.009712502226018372,0.20716053
acf8bd45-d8b0-5af7-a111-46bb82792b9d,1,0.20352963313813469,0.32264215
41ac0964-11ff-53f8-b840-1c47fe20a0d4,0,0.8129647125532061,0.61359864
99ba5087-fd57-5cc6-a069-d4e29e76d3f5,0,0.09709770140935518,0.19860873
43cd7785-a52c-5d31-b3ac-1c4f514eb3df,0,0.6587723841476785,0.68661654
0d04f6cc-da4e-583e-a43e-bd82a9142059,1,0.47883586015119306,0.6160983
d3d50e07-6781-58ea-abb4-9ecedd364823,0,0.39065429990472106,0.41382545
06139daa-8367-5bdb-9139-6af518e31b90,0,0.16973148767108806,0.31049505
4057d0e8-e236-54cc-9dc5-aab51ed19596,0,0.999993211739174,0.42877412
4e4b9f57-f196-5559-8a04-acd22e4cf665,1,0.9226364849637332,0.66751814
5db1eda5-da0e-5217-b6bc-a762792a4871,0,0.39740433930929153,0.22984387
ff2dad6c-20c7-5355-9d2f-e01828e99913,0,0.39065429990472106,0.41382545
0b9f2984-37fe-5d95-972e-d5e3a0fdba7c,0,0.9978503478042368,0.7464178
c1157922-b894-5e21-a569-3bfff964f02b,0,0.9217734553933393,0.531522
ba16c45a-a3e8-55ac-a3ff-a78fcf83f4da,0,0.08865540851489068,0.35888726
437d362e-d3b9-5983-953e-beefddccd3d9,0,0.8744208962659573,0.2721892
cdb4fe43-e2d2-512f-b189-d2fe8238e662,0,0.7086352556748907,0.31722564
dc03b9cd-f01b-5328-8b07-f75542799af9,0,0.015513360712040689,0.26908398
f05a2cc0-e304-5b4a-a863-c164c9dad7b2,0,0.2476668207399587,0.4014826
d3688312-836a-5f7c-9d71-e86d408e870d,0,0.24980301797049967,0.22536205
21c3d6b3-a81a-57d9-9acc-3260cfcef34f,0,0.22993057012497772,0.25189233
cce8eb1d-b5de-5fdf-bfe6-998b3a621178,0,0.2696247770329606,0.31942376
f3eeaa29-e782-5f4a-a9b4-bbfc1dfd5444,0,0.9999838385485994,0.46132773
111f2e27-96cd-529b-a4e9-edfaeeb0e30b,0,0.2631549768826294,0.34018123
e5a963bf-71a1-54d6-a651-0a187f7070a5,0,0.9731941951195862,0.5650314
21983d49-ae42-592f-8c89-9daf0748add9,0,0.5209902558482005,0.47027478
ce6bfadb-c846-5c83-be69-2008f365b591,0,4.2154902388733915e-17,0.60962075
04ef558a-112a-52dd-ac5e-9f546e464ff8,0,0.428106750101313,0.59455657
fbbee63b-247b-5bc6-9673-70ca4bcc87c1,0,0.6733784327665995,0.7483838
31d9cff2-e2c4-59e2-aaa2-c3ba21c3b245,0,0.15462562356566753,0.2050365
1037676a-546d-5d47-999a-53bccf374830,0,0.1956650411095273,0.50199133
7c78df04-500d-576b-b47f-a8ff5be3c3a5,0,0.3218219824870579,0.14492753
73be37f8-f46d-51d2-b8e4-bf9da1f70064,0,0.10229704475516986,0.3086223
d344660c-15c1-5c4d-add4-0db594bbfd9c,0,0.6967811246106069,0.2559527
0d4c60d6-a66c-5bcc-9ba1-808219e4757a,0,0.39065429990472106,0.41382545
7d7c1fd3-7f1a-567d-ba66-c2d01da8c3c5,0,0.4850060126293789,0.21066265
04356547-0b97-5abb-8339-b63cff3f193d,0,0.39065429990472106,0.41382545
30fb11b3-4b70-55dc-9c2d-056886d1e79a,0,0.4688535142640093,0.25420526
6f097d85-7561-5b4c-9df1-2d5360ba899b,0,0.35610123786068726,0.24696274
ed4c2006-1341-547a-851c-565517da6223,0,0.39065429990472106,0.41382545
39a26df8-a2b8-597b-aaa5-d17265abdd69,1,0.05097956636800094,0.6146378
6c614e4f-c016-5fa7-81ef-6ff89ea7b907,0,3.5652971912322806e-06,0.2640008
0415edea-0f97-518c-ba59-08e5b8d48148,0,0.6936371523664899,0.30966517
6f633d2b-6d7b-5ab5-8601-ac8f9dcbe69f,0,0.6209894278812175,0.5402546
6f9c85d1-77d2-58f0-9538-4acc0a9afa31,0,0.6383052868702498,0.61931586
1cb89380-fee5-50b5-9b48-40e34c0e84c8,0,0.8059728502826654,0.64560366
8f86c25d-5d6e-57bc-8792-545ba6b780e2,0,0.009087027315572047,0.76026195
a4853ad8-ec3d-5a28-8701-ad80eaa83041,0,0.44113938785168594,0.22875495
52fdada8-30cb-58cd-ac77-05ceb2902db7,0,0.11255758552261359,0.61371946
71e87776-c9bd-5d23-887a-4be7a642bb67,0,2.6396857536671174e-16,0.5835689
976ba8a5-9479-58de-aefc-5af329778156,0,0.9977915524066214,0.26441807
608ef3dc-2658-540c-b669-2df9a22de8cd,0,1.4813872076741676e-07,0.17954879
7b1ba564-011d-5ac8-9fad-c5aba1dd808c,0,0.24591717404973504,0.30556807
53dc3959-adc8-56b3-9834-a0bffc00b207,0,0.2523719387110055,0.17154004
1311c916-1fb7-5ff5-8442-188130169325,0,0.16211398858956302,0.19621488
d598cc33-e835-5116-b8dc-de69d71ea8ab,0,0.0011405167433946076,0.35197744
bb5f11a1-4411-562e-bb9e-75515fedfe58,1,0.8042977353737625,0.6901268
04210887-8f4d-5489-9254-788a494f2962,0,0.0938035638840009,0.4885041
3708ef57-dc7e-5a86-8cc7-74ce8115c4cc,0,0.7241618189635333,0.65036285
c52c09a4-291b-5679-a733-51646fd883c2,0,0.676315474585655,0.16644903
ce07da43-9907-5e2a-ba55-8faa82c3dcfd,0,0.26308979201662,0.22536205
6c741763-8702-5de2-82ed-ff6462e33fea,0,0.2629026270910164,0.24457869
2ee4a9bf-f0ad-55ef-b0ad-6e37f6bc31f4,0,0.23892127366473048,0.17747536
56b84c27-21ff-5de3-b217-8908237a3db0,0,0.4987308813327431,0.33477005
482cf7c2-160f-5a7e-ab88-7d815c25fe45,0,0.39065429990472106,0.41382545
e350f1cd-2169-5157-9a49-a2e8f8465149,0,0.39065429990472106,0.41382545
003a6072-fa0a-5518-8976-35739bd6516e,0,0.39065429990472106,0.41382545
877de295-12d9-50c2-ac1f-cb92c754aa9d,0,0.9881311814150672,0.5412351
a218437f-e474-530a-b410-53fc44a2c0fb,0,0.20977443722601033,0.29329765
bf93cfd5-4ac1-5369-b3a6-b187db172c37,0,0.7832518015720644,0.45348504
5cd20c66-a320-55f0-8452-712d83994477,0,0.2982658817941925,0.26241493
6a361c68-6390-5956-872e-9b853521f9c0,0,0.07437442260195075,0.18873478
905297b3-0fdc-5621-a554-3171888a983f,0,0.999344794630296,0.34991533
205b3b91-13dd-5596-8cf0-dd08f2a43c12,0,0.3978918846286969,0.23821327
a0b15027-d5c9-52ad-9c97-9d949caaf4a2,0,2.2984524607728846e-06,0.22048537
618eacd2-1cf2-58e3-8b00-5e57c19d0cdc,0,0.7819352153419207,0.32154217
f0aa3710-3b58-5cea-962e-c7b93ab197bc,0,0.7368198920902015,0.21282068
1eb5e769-879e-5187-b793-4f362e646239,0,0.21652022500633925,0.49997735
969d499d-7a12-5e11-ba6c-deb97211472c,0,0.6962274001429501,0.32988876
797ef211-3c9e-5e18-b1ed-0fb31d55ac36,0,0.342786705919625,0.3897905
ce0046d6-c55b-538b-8afc-3f0f0ec1a764,0,0.2304815220601495,0.3313053
fe9df78f-f8c0-5ab6-9211-3ddeb76f5f4f,0,0.17079698279175576,0.46988112
3c4a1528-c7ef-5292-96e5-fd1f90aef4d5,0,0.49984938377758514,0.4264006
987a63af-b305-5e16-af66-8e97fce9eea0,0,0.1695038634352954,0.1475529
330ca94a-e920-5d1e-86ce-51324d894043,0,0.00041650948367689364,0.1891896
c8376dd7-e4a9-5078-a141-7bb136421cf0,0,0.8246216907625948,0.4311523
4366b8f9-c592-5ab7-a888-68869504cb9b,0,0.03583673245135245,0.21380876
f058be21-a249-57b2-b20c-6a27d641ff07,0,0.9714107336471913,0.41146496
2f77d5d0-8cf8-5bc3-9e19-331f707523ec,0,2.8826634170751794e-06,0.20496225
b6440734-b1d2-55b6-888b-0a460d0f60e9,0,0.39065429990472106,0.41382545
63806389-fb7f-58bf-b8f2-1dc812bc9bd2,0,6.742744209085956e-10,0.22362885
c2acb05d-c9e1-5202-9a36-b8d26a5d88ea,1,0.9638879265650881,0.6513709
20425df2-387a-5dd4-8d57-1f5d327e52a4,0,0.358047508737822,0.24716197
ec448f08-18e5-5d85-95ee-eadc42d676ef,0,0.23565070769750182,0.2916506
cf5091cc-1f7d-577d-bd83-d791b13f517d,0,0.39065429990472106,0.41382545
5f7c22c2-500b-5ee9-a343-bb1f5dd6c6d1,0,0.39065429990472106,0.41382545
40d97c20-1534-5a19-8799-a6af997cf01c,0,0.3902392026005104,0.2947604
3bd12bfd-e84c-5a9f-9b08-78ca4f99cd68,0,0.39065429990472106,0.41382545
8f174649-5d9d-5d37-82c8-415ba5ff5cde,0,0.39158260404752593,0.41515136
d4c45daa-c58b-5761-8786-af119f68a720,0,0.5748522596851241,0.55218333
d8a96feb-d344-5d24-8a20-c3b045230435,0,0.996387650200317,0.25146776
8db55882-9c9d-5a5e-8d56-f697b47f17ba,0,0.8492284871555937,0.52486235
f0c4b8fd-0fce-5de3-a6f7-de3ad9aafed1,0,0.3242433759348366,0.15278333
b80acc0e-f382-524c-ad05-ece65b967178,0,0.31094474714356507,0.34150136
894c3557-3a29-5536-821a-a5af09ecb024,0,0.21859491530152939,0.2934953
899fa737-f2ca-565f-9b0e-413176c83279,0,0.08602817785220525,0.26097146
8d1f39af-fe55-5dfa-8d28-cdd6178e9cbb,0,0.39065429990472106,0.41382545
3224b1f8-0936-5bbf-b6d7-49db23281702,1,0.863436989037122,0.71988237
65f8f92a-27ec-56f3-9b83-0421b7b78f74,0,0.6986002868396162,0.43037447
a799fa0b-bc64-5ffb-95b5-24502bdef31e,0,0.6133237544363752,0.51882285
d0075533-67aa-5e57-bbbc-a2b053937a73,0,0.898107403054637,0.5609433
82d73ac5-8a46-55c1-96d6-64ec05365453,0,0.0022963301365031092,0.23271385
19b781cd-5275-5467-9e17-8e84e5f38fe7,0,0.8653127039032643,0.25820225
7bfd1e08-5acf-5a23-a6e5-25f8ea2f79bf,0,0.22272070515264236,0.3228794
45d13032-0660-5d97-87e9-28244a2cd954,0,0.018140240671317264,0.17766266
cee2ff8c-59dd-55b6-8cea-d1b62f75ff27,0,0.3321875515639652,0.53932494
d365dd51-db7e-5634-98a0-c0d35a64399a,0,0.030460624319682224,0.1765103
ce696838-c34b-5c2c-b5ef-1e4612c248d6,0,0.2082757265331079,0.23349656
0c592892-6447-52cc-ad29-336d1d1410a0,0,0.3096197201625318,0.33921382
926917b8-1c90-5796-aaf9-987553d3b754,0,0.5672850439635879,0.6981125
0a7ab1ce-67c1-56e1-91db-784b461b15ba,0,0.09860618338239975,0.21899925
d0d431d5-874d-5958-b982-e48f7ec1d801,0,0.07740533458886682,0.29334638
23df680a-d00a-5333-9125-2c12c4a50355,0,0.5336121610206838,0.63273907
87f3c469-6118-5a98-8abd-07e9853807ae,1,0.9683576822349209,0.7317644
2d566b7e-4926-5780-9b08-f99243c63f08,0,0.02530310538634354,0.23130946
356fe45f-48c6-5a0f-a2d3-7193d42ef664,0,0.19210581454347328,0.29534146
aa7068ec-c012-5cd1-83d0-b428830dfe7d,1,0.0565765817606565,0.17854434
d31d80cb-5aa4-5a36-a354-391e9f8c8324,0,0.6174050164723351,0.19257438
0fbd9163-989d-5617-b4a7-e7a34c7ca6e0,0,5.231145132599727e-06,0.7233977
4a637f04-d627-5e10-9854-4d78d0bd1025,0,0.21414136112399082,0.19622633
f1ff4d8c-d586-56f2-be51-da3094cb9ed7,0,0.11773658916012436,0.191482
2cd7de6e-f61b-56ca-8b21-701e84551c3c,0,9.249521048996039e-18,0.4376082
bfbcd71a-dd45-54e3-bd57-4e6c061871f0,0,0.4438007416476167,0.20128618
915ff7d5-bb25-5f4d-9263-7947f404c889,0,0.9224256392875801,0.6107956
e5184185-2ac1-554c-94cf-443478afd7a5,0,0.40630937252515165,0.5154015
c16ae76f-f917-5a18-917a-cd2fec52746d,0,0.2477538321367511,0.35280317
9ae39160-98ec-5688-b06f-4db788b1c499,0,0.25159820897509605,0.22482085
c89eec1d-60f8-5eec-bef6-309eef8a4e8e,0,0.34102897667074816,0.55242634
d5957092-e926-5a68-8b19-f23f82f98e31,0,0.2774681483293397,0.35341614
dd7fbafd-fec0-5e22-8fd4-b1b9005e8c06,0,0.34482120921318865,0.22247621
cc8117db-58c5-5d7e-bb85-cac1020c8336,0,0.7063055462924445,0.330458
f8479548-a6b3-55a0-9152-c0be7b9ca242,0,0.4598691829769862,0.1483419
307a943e-622c-5698-8ae7-0c06cbf0e898,0,0.9787030027140324,0.68836814
cb5ff6f1-5026-5ca6-9134-c716b26687b8,0,3.957266124514006e-09,0.23528314
46ccaf71-de0b-577f-b547-07c4af1b954a,0,0.5255467786593032,0.25703344
e2686d12-c20a-5898-a515-51d39cd4be6f,1,0.7040176084685106,0.6969387
15229e4e-78f2-5374-8cb3-854568815ee7,0,3.100549880889542e-10,0.5992141
26cae1e8-9431-533d-a720-b49109781f10,0,0.6719535374894922,0.55470324
7d8aa60f-30a3-50f4-9495-65c82efb2f80,0,0.18708519175252772,0.20701277
d8d964d2-7f5c-53e5-866e-73d1eda0c0fe,0,0.0006669285579345554,0.25204313
7d7d3119-c28a-5ada-b949-5ce624c18f74,0,0.3854464915168039,0.25962102
31d86d3d-2825-564d-a314-d7bbe4aada22,0,0.13034269582840252,0.42515293
43a6237b-790e-5e88-80a3-d8694be552d0,0,0.010333760032842983,0.23344916
0cca3905-1b09-53fa-8b9f-1adce521f49f,0,1.5901865050885287e-09,0.6480611
68f2defd-aae9-5b92-b986-60141dbd1b7a,0,0.5932760873909951,0.24641873
af445bb0-5bf8-51db-b720-5590e528cb5b,0,0.9152306164164331,0.42196348
f49ec438-efa3-5063-a3d5-82eeb0a5507f,0,0.4247162521988629,0.4704208
7cad8c4c-8d33-5e9f-852f-46f1227a26b9,0,0.4238603191796335,0.62345415
09c7f1a0-814e-50d3-b80d-307ac5ad0960,0,0.006271665533197318,0.23560943
ba211b09-ba9c-5270-bddc-647fc497e787,1,0.888757369193599,0.44137308
aac722de-5cf6-592a-b330-78a87fbfef9d,1,0.6799590499006568,0.18580985
2358c8ef-633e-5b06-b3bc-0bf6cbbf8275,0,0.12275454187782286,0.21055333
770f80e6-1b42-5639-b1f9-1f435f55a985,0,4.378297952783482e-15,0.46167943
8ace9f0d-0e68-582e-b7eb-21b64c26cae6,0,0.003914362603285061,0.21144088
25287a28-db7e-5a39-a78c-c2503b188b03,0,0.33741529283634797,0.2551714
db016f3d-24cb-53be-bb3d-5a77acefccda,0,0.0005706173893855297,0.37101573
21e08b71-f75b-5381-8429-9d1fcf28e924,0,0.0529738024725151,0.1316231
16a92002-421c-574c-9dd8-ba43fad74cad,0,0.7768663416404816,0.4352554
d9b3c1c6-80db-5833-b8b0-afe5beaf4d72,0,0.6905085090966979,0.42154944
ebb58867-df36-5065-b830-bafac5e9c8c8,0,0.5338352958073963,0.34064823
4e705b8d-49fc-5f91-96df-ee2d39816442,1,0.3364477749517067,0.27076676
5cd0c2a6-b26b-5acc-a178-91a174b52ced,0,0.23764061141864679,0.18027213
affa7f1a-9fca-5b75-9dc2-c6567365152c,0,0.5620616637249434,0.38196728
5e1dec93-3f26-54e6-ab6b-28d33f648625,0,0.7950484712142364,0.378901
4b22f2fe-4bac-5183-b582-844fb31dfd37,0,0.1786194188688966,0.3919692
a0ed1af1-267c-57be-90b4-645e4bac6e68,0,0.8452985558983769,0.58404857
e631e8e0-998e-52b2-b085-ab96840896ab,0,0.39065429990472106,0.41382545
810b072d-9906-5a45-81f7-cc9e84e46886,0,0.39065429990472106,0.41382545
5d599393-7638-5d32-8a11-98f91309ab88,0,0.07480730416842916,0.14492753
f52ea2cb-eb8d-587a-b98d-6d17418c827c,1,0.9025143874302082,0.5170467
d72d4a00-ee97-5e78-8e85-c0f7bb2497f0,0,0.05167372518821021,0.24225463
c0578ae9-183c-5d21-afdd-a9f89a095f35,0,3.451486787380588e-05,0.19629407
0f8fedaf-d46a-5a2e-aa72-877a13b4aadc,0,0.38536925866844735,0.2756692
2edd73b3-80d8-505d-84ae-4d79e08aa140,0,0.3904564517864427,0.3048573
466ac439-2ed6-57c3-9588-350fa3cfd6b1,1,0.980938602260903,0.7868059
e9c11e84-fa47-54b0-ac4d-c688f1636b8d,0,0.600028676523853,0.5321166
0b421918-4c17-5dbf-b535-6b277ba7897e,0,0.7899484693028157,0.41916874
d99613e5-6167-51f2-b2fe-e9d603459864,0,0.019983889615058256,0.23778898
69e8298f-c282-5156-9974-bffdf7de4f58,0,0.07375964985794609,0.15325974
bf8fe199-183c-51bb-89ea-fc9a29e99c22,0,0.41561390914058205,0.23557529
b0dbc955-6917-5828-81d5-22d69994fccd,0,0.017013161237317304,0.13582297
e4eef45d-5e8f-5a47-982d-3d27f282ea8c,0,0.33812207948230577,0.3437848
7016920e-043b-5454-bf40-143234e2d9ec,0,0.020994454734048415,0.22809704
5a570d1a-3459-5fad-bb6b-1ba2e8518b5e,0,0.8227341941784739,0.35835457
5afee19d-3df6-566e-a8ab-bfdebb25cad0,0,0.2425667245676351,0.22465433
1737803e-6c98-57a4-bde7-2c4ee6e6da2b,0,0.14654331558481923,0.44450352
a9d06a47-87cd-5bfe-a045-4a932d7fa7ca,0,0.03037263483466322,0.16784878
26bda2fc-864f-56ae-9f6e-6f109078b5cd,0,0.023885457358820476,0.36721364
8a00c8d7-4c6d-5015-8513-b92fe6ced691,0,0.17222331573838492,0.1475529
495ef781-d3e9-5b6b-bdd8-6f7cd1022532,0,0.39065429990472106,0.41382545
d27dd404-8433-546f-a798-22b53adcd944,0,0.53813468689271,0.31582782
dca7f65d-c871-5fd1-aa2d-78cad2c4f1f1,0,0.3957850693496106,0.19763747
3fa335ef-b251-5a91-b4de-f7e914b9a347,0,0.44719269231924347,0.2828315
dc65f598-80fd-50df-a840-4c295f651ffc,0,0.17289992313342029,0.2379234
d33a28c6-9644-5ef9-a37d-3f0b780a22b3,0,0.3218315575647972,0.3565504
dbce96c3-e7fb-5f31-8e4d-5ef33d4afeca,0,0.9718758131600422,0.7301901
b8faf6d3-1d9d-5a12-a68d-e8f3de064a1f,0,0.7066488449809809,0.57994926
098839e2-90d1-5478-b77f-26d5f6272434,0,0.38854018896845355,0.22041911
9d392cdc-1018-50c0-8199-9db0ecf269b6,1,0.7375409561138437,0.68970186
85f13fc8-4c3f-5144-acc1-d8aad1294337,0,0.6536745293493437,0.19572258
41c02e98-a4a5-55b1-a2d8-5e77aa42e88e,0,1.2945465490219828e-05,0.63696367
be320f62-11a0-5fa2-834a-5b618c177e93,0,0.013051059261373689,0.1411351
3f706a89-0b05-5add-b21b-6510c44e63ed,0,0.39065429990472106,0.41382545
9957b469-a431-5c6f-9647-b65705bb6e3a,0,0.39065429990472106,0.41382545
d8c96b42-1723-5a18-a820-7f1003f47877,0,0.14735325344033606,0.52533007
c887e68b-a0b7-5eb7-88bd-4ddbfd7d1cb0,0,0.06743956595039335,0.23409946
af2ea706-4bb9-5f00-96d5-11ae2edf3aa7,0,0.19965183868006425,0.2513055
235bb7ee-5bfe-5586-b726-b3e696732fcb,0,0.005677327176892951,0.13582297
b4b81271-5266-54fa-b6d3-50728309faae,0,0.3856234960572529,0.26036263
7f705678-d9bb-5afb-bf64-64c5e5a983f0,0,0.39065429990472106,0.41382545
6c146ee0-e850-56c5-b4a8-2cad51a60c50,0,0.39058718541893206,0.27422267
d0c9f12f-6884-54a2-b680-e1a693adb6ab,0,0.39065429990472106,0.41382545
f562cc27-de71-5e87-86c1-bac16aa0c6f8,0,0.013481641551877846,0.3118975
f53dcf8d-67b7-57b4-a9e7-ea9bd92a8c51,0,0.39065429990472106,0.41382545
8d378c4c-32ee-58f1-b41a-c7df2ef1eecd,0,0.39065429990472106,0.41382545
06f97de6-01a0-542a-9161-4e44670a43b1,0,0.5413636336829504,0.43812552
96ff2f14-30d2-5bbc-acfa-251e65f9858a,0,0.32306381783454186,0.3671221
9af36bfd-d5ea-5c5b-84ca-704ebcc18aac,0,0.7108547054022568,0.26856142
6a559cad-4316-5cca-8b87-60c865ba47fb,0,0.7592245313396169,0.23250419
d65be3e9-ae7e-53eb-922c-0e6d795754a1,0,0.9999105552280847,0.3561625
32d09254-a145-5aff-8fee-7c6f2c055009,0,0.3491337519879594,0.1968242
3aa06724-5c18-5015-b1e1-2be7bf4c1eac,0,0.32737935455614287,0.33860296
f5a1ea6b-41cd-5976-a7b5-ae785ff64abd,0,0.04405653162683487,0.273612
d39bc88c-6d8d-59f8-9156-2e2def5bb22c,0,0.26234581242777955,0.17486098
157ed982-67bd-5c9a-89ac-b9478604ca7b,0,0.1317046817834381,0.17952888
bafc10c7-5b8c-5c67-8201-c3ebcf5a9ac5,0,0.6347448839258867,0.3856466
c5e1d3bd-8c5b-5a9e-b334-018209c8e9cb,0,0.884887591419724,0.29642233
255333d7-a342-5ecf-bf03-b976dd192fc8,0,0.4339751307567585,0.51685554
f5b67de2-4386-58e1-850f-15319f39cf88,0,0.11757696877454053,0.18857342
e0989816-6f77-5b36-9126-f34cf34d7516,0,0.5551701663778675,0.40733144
80129304-a144-587a-9cf8-aa3ba8bf7fe7,0,0.9598590489322394,0.36105466
d5d58d0a-924b-52fb-ac56-2cc5e7562102,0,0.39065429990472106,0.41382545
80f9c6ec-b2df-59da-9f35-01be7b6bd851,0,0.014849303436975554,0.22638428
b28b4713-4a0d-58bb-8069-cc9d7086fb6f,0,0.15347047753102916,0.19500665
9b1d30a2-2220-5628-a332-4e5670c57888,0,0.020814715227269225,0.23406227
37597b54-36c8-51ec-9d58-3cf1b628dc38,0,0.2923353738923074,0.1929844
eb0ae9ab-5464-5219-a910-f2e8fed75061,0,0.13005873040614407,0.1736525
3fff16fd-c0b3-560a-b712-87440ad4938c,0,0.4466447727448631,0.42678198
c3dc6641-81f3-5b5c-b1b1-c39f1fea78fc,0,0.16662682898293574,0.19502787
6bf06291-1676-53e5-960e-f34b6e0c44f2,0,0.6869887130355212,0.23212568
b2b49080-615d-58d8-a5de-236ce775c654,0,0.22190203045268198,0.44296765
bb779cf2-9add-5429-9c85-9179b88b1871,0,0.39065429990472106,0.41382545
8eb1d07e-60b2-5adc-ae8c-57fe31f155b2,0,0.39065429990472106,0.41382545
2fb28a88-d9fe-5cbe-a014-c63e8aa3933e,0,0.8908025012472142,0.6205187
22cebaed-b46d-5cf6-8819-2b2d5793c592,0,0.39065429990472106,0.41382545
043b6a6d-a748-538a-9a62-3d96af179793,0,0.4894721410342387,0.24513468
f521b029-a528-5a15-993b-30395b822dbd,0,3.997564155661094e-06,0.55105716
fee61ad6-8a42-5ac8-afc9-d8ab98b2580a,0,0.16061919929462182,0.23225448
f1fa0bf0-46a4-592f-baaf-37ace7e62cb2,0,0.5582672802060568,0.41061282
8b6c4194-6c3b-5b47-aae0-554f2f9666c9,0,0.09777732324615879,0.23793697
07b2e8b3-e1b5-507f-988b-957f4d7427cf,0,0.20435640505516936,0.1757555
17dd9389-9f30-5751-a577-88955290a987,0,0.29238104662144987,0.1929844
8708e087-2d42-5088-82ef-26e58cb50c04,0,0.39065429990472106,0.41382545
123227e0-890d-5cf4-bfa7-b3f2a645d1fa,0,0.39065429990472106,0.41382545
